<annotation>
	<folder>samples</folder>
	<filename>10727557_a77f02a1617ced3799807e66fe912e27.thumbnail.jpg</filename>
	<path>/Users/jingyuanpan/Downloads/ProductImageSegmentation-master/samples/10727557_a77f02a1617ced3799807e66fe912e27.thumbnail.jpg</path>
	<source>
		<database>Unknown</database>
	</source>
	<size>
		<width>640</width>
		<height>640</height>
		<depth>3</depth>
	</size>
	<segmented>0</segmented>
	<object>
		<name>Dresses</name>
		<pose>Unspecified</pose>
		<truncated>1</truncated>
		<difficult>0</difficult>
		<bndbox>
			<xmin>140</xmin>
			<ymin>114</ymin>
			<xmax>554</xmax>
			<ymax>640</ymax>
		</bndbox>
	</object>
</annotation>
