<annotation>
	<folder>samples</folder>
	<filename>11272918_4f71e33dc1193567c5b9b16ee42a7169.thumbnail.jpg</filename>
	<path>/Users/jingyuanpan/Downloads/ProductImageSegmentation-master/samples/11272918_4f71e33dc1193567c5b9b16ee42a7169.thumbnail.jpg</path>
	<source>
		<database>Unknown</database>
	</source>
	<size>
		<width>640</width>
		<height>640</height>
		<depth>3</depth>
	</size>
	<segmented>0</segmented>
	<object>
		<name>Dresses</name>
		<pose>Unspecified</pose>
		<truncated>0</truncated>
		<difficult>0</difficult>
		<bndbox>
			<xmin>224</xmin>
			<ymin>23</ymin>
			<xmax>545</xmax>
			<ymax>629</ymax>
		</bndbox>
	</object>
</annotation>
