<annotation>
	<folder>samples</folder>
	<filename>11516518_47781ab5cbe424fff5cf0dc1dedefc7a.thumbnail.jpg</filename>
	<path>/Users/jingyuanpan/Downloads/ProductImageSegmentation-master/samples/11516518_47781ab5cbe424fff5cf0dc1dedefc7a.thumbnail.jpg</path>
	<source>
		<database>Unknown</database>
	</source>
	<size>
		<width>640</width>
		<height>640</height>
		<depth>3</depth>
	</size>
	<segmented>0</segmented>
	<object>
		<name>Dresses</name>
		<pose>Unspecified</pose>
		<truncated>0</truncated>
		<difficult>0</difficult>
		<bndbox>
			<xmin>115</xmin>
			<ymin>236</ymin>
			<xmax>481</xmax>
			<ymax>589</ymax>
		</bndbox>
	</object>
</annotation>
