<annotation>
	<folder>samples</folder>
	<filename>11597830_9aeec44ccd59471c782110b2f15ee718.thumbnail.jpg</filename>
	<path>/Users/jingyuanpan/Downloads/ProductImageSegmentation-master/samples/11597830_9aeec44ccd59471c782110b2f15ee718.thumbnail.jpg</path>
	<source>
		<database>Unknown</database>
	</source>
	<size>
		<width>572</width>
		<height>572</height>
		<depth>3</depth>
	</size>
	<segmented>0</segmented>
	<object>
		<name>Dresses</name>
		<pose>Unspecified</pose>
		<truncated>0</truncated>
		<difficult>0</difficult>
		<bndbox>
			<xmin>16</xmin>
			<ymin>155</ymin>
			<xmax>223</xmax>
			<ymax>538</ymax>
		</bndbox>
	</object>
	<object>
		<name>Dresses</name>
		<pose>Unspecified</pose>
		<truncated>0</truncated>
		<difficult>0</difficult>
		<bndbox>
			<xmin>267</xmin>
			<ymin>158</ymin>
			<xmax>540</xmax>
			<ymax>525</ymax>
		</bndbox>
	</object>
</annotation>
