<annotation>
	<folder>samples</folder>
	<filename>11798201_d7be7d169a01060841d31554a889f1f9.thumbnail.jpg</filename>
	<path>/Users/jingyuanpan/Downloads/ProductImageSegmentation-master/samples/11798201_d7be7d169a01060841d31554a889f1f9.thumbnail.jpg</path>
	<source>
		<database>Unknown</database>
	</source>
	<size>
		<width>640</width>
		<height>640</height>
		<depth>3</depth>
	</size>
	<segmented>0</segmented>
	<object>
		<name>Dresses</name>
		<pose>Unspecified</pose>
		<truncated>0</truncated>
		<difficult>0</difficult>
		<bndbox>
			<xmin>473</xmin>
			<ymin>101</ymin>
			<xmax>591</xmax>
			<ymax>333</ymax>
		</bndbox>
	</object>
	<object>
		<name>Dresses</name>
		<pose>Unspecified</pose>
		<truncated>0</truncated>
		<difficult>0</difficult>
		<bndbox>
			<xmin>92</xmin>
			<ymin>300</ymin>
			<xmax>304</xmax>
			<ymax>539</ymax>
		</bndbox>
	</object>
</annotation>
