<annotation>
	<folder>samples</folder>
	<filename>11892322_902a06c1ec8dbb65dcf6d3274589ea72.thumbnail.jpg</filename>
	<path>/Users/jingyuanpan/Downloads/ProductImageSegmentation-master/samples/11892322_902a06c1ec8dbb65dcf6d3274589ea72.thumbnail.jpg</path>
	<source>
		<database>Unknown</database>
	</source>
	<size>
		<width>640</width>
		<height>640</height>
		<depth>3</depth>
	</size>
	<segmented>0</segmented>
	<object>
		<name>Dresses</name>
		<pose>Unspecified</pose>
		<truncated>0</truncated>
		<difficult>0</difficult>
		<bndbox>
			<xmin>131</xmin>
			<ymin>82</ymin>
			<xmax>496</xmax>
			<ymax>580</ymax>
		</bndbox>
	</object>
</annotation>
