<annotation>
	<folder>samples</folder>
	<filename>12029787_d370daf28cd2c8c34244b58adbeedd00.thumbnail.jpg</filename>
	<path>/Users/jingyuanpan/Downloads/ProductImageSegmentation-master/samples/12029787_d370daf28cd2c8c34244b58adbeedd00.thumbnail.jpg</path>
	<source>
		<database>Unknown</database>
	</source>
	<size>
		<width>640</width>
		<height>640</height>
		<depth>3</depth>
	</size>
	<segmented>0</segmented>
	<object>
		<name>Dresses</name>
		<pose>Unspecified</pose>
		<truncated>1</truncated>
		<difficult>0</difficult>
		<bndbox>
			<xmin>33</xmin>
			<ymin>6</ymin>
			<xmax>640</xmax>
			<ymax>633</ymax>
		</bndbox>
	</object>
</annotation>
