<annotation>
	<folder>samples</folder>
	<filename>12544268_486e3dc5a582e08d8798f0c9a1abe789.thumbnail.jpg</filename>
	<path>/Users/jingyuanpan/Downloads/ProductImageSegmentation-master/samples/12544268_486e3dc5a582e08d8798f0c9a1abe789.thumbnail.jpg</path>
	<source>
		<database>Unknown</database>
	</source>
	<size>
		<width>497</width>
		<height>497</height>
		<depth>3</depth>
	</size>
	<segmented>0</segmented>
	<object>
		<name>Dresses</name>
		<pose>Unspecified</pose>
		<truncated>0</truncated>
		<difficult>0</difficult>
		<bndbox>
			<xmin>145</xmin>
			<ymin>98</ymin>
			<xmax>342</xmax>
			<ymax>473</ymax>
		</bndbox>
	</object>
</annotation>
