<annotation>
	<folder>samples</folder>
	<filename>12600080_3b6a171f33a3458b4445471cca137a23.thumbnail.jpg</filename>
	<path>/Users/jingyuanpan/Downloads/ProductImageSegmentation-master/samples/12600080_3b6a171f33a3458b4445471cca137a23.thumbnail.jpg</path>
	<source>
		<database>Unknown</database>
	</source>
	<size>
		<width>640</width>
		<height>640</height>
		<depth>3</depth>
	</size>
	<segmented>0</segmented>
	<object>
		<name>Dresses</name>
		<pose>Unspecified</pose>
		<truncated>0</truncated>
		<difficult>0</difficult>
		<bndbox>
			<xmin>14</xmin>
			<ymin>139</ymin>
			<xmax>271</xmax>
			<ymax>619</ymax>
		</bndbox>
	</object>
	<object>
		<name>Dresses</name>
		<pose>Unspecified</pose>
		<truncated>0</truncated>
		<difficult>0</difficult>
		<bndbox>
			<xmin>411</xmin>
			<ymin>157</ymin>
			<xmax>586</xmax>
			<ymax>615</ymax>
		</bndbox>
	</object>
</annotation>
