<annotation>
	<folder>samples</folder>
	<filename>12767147_cb6e7660ff0780d21160893c568a67be.thumbnail.jpg</filename>
	<path>/Users/jingyuanpan/Downloads/ProductImageSegmentation-master/samples/12767147_cb6e7660ff0780d21160893c568a67be.thumbnail.jpg</path>
	<source>
		<database>Unknown</database>
	</source>
	<size>
		<width>640</width>
		<height>640</height>
		<depth>3</depth>
	</size>
	<segmented>0</segmented>
	<object>
		<name>Dresses</name>
		<pose>Unspecified</pose>
		<truncated>0</truncated>
		<difficult>0</difficult>
		<bndbox>
			<xmin>307</xmin>
			<ymin>30</ymin>
			<xmax>491</xmax>
			<ymax>638</ymax>
		</bndbox>
	</object>
</annotation>
