<annotation>
	<folder>samples</folder>
	<filename>12799162_bf6d59446428b614c65e5aad099221cd.thumbnail.jpg</filename>
	<path>/Users/jingyuanpan/Downloads/ProductImageSegmentation-master/samples/12799162_bf6d59446428b614c65e5aad099221cd.thumbnail.jpg</path>
	<source>
		<database>Unknown</database>
	</source>
	<size>
		<width>640</width>
		<height>640</height>
		<depth>3</depth>
	</size>
	<segmented>0</segmented>
	<object>
		<name>Dresses</name>
		<pose>Unspecified</pose>
		<truncated>0</truncated>
		<difficult>0</difficult>
		<bndbox>
			<xmin>358</xmin>
			<ymin>257</ymin>
			<xmax>526</xmax>
			<ymax>585</ymax>
		</bndbox>
	</object>
</annotation>
