<annotation>
	<folder>samples</folder>
	<filename>12898762_bd685ef9ce9d81736ec84b4c22ff2f61.thumbnail.jpg</filename>
	<path>/Users/jingyuanpan/Downloads/ProductImageSegmentation-master/samples/12898762_bd685ef9ce9d81736ec84b4c22ff2f61.thumbnail.jpg</path>
	<source>
		<database>Unknown</database>
	</source>
	<size>
		<width>640</width>
		<height>410</height>
		<depth>3</depth>
	</size>
	<segmented>0</segmented>
	<object>
		<name>Dresses</name>
		<pose>Unspecified</pose>
		<truncated>0</truncated>
		<difficult>0</difficult>
		<bndbox>
			<xmin>28</xmin>
			<ymin>112</ymin>
			<xmax>201</xmax>
			<ymax>392</ymax>
		</bndbox>
	</object>
	<object>
		<name>Dresses</name>
		<pose>Unspecified</pose>
		<truncated>0</truncated>
		<difficult>0</difficult>
		<bndbox>
			<xmin>329</xmin>
			<ymin>33</ymin>
			<xmax>605</xmax>
			<ymax>380</ymax>
		</bndbox>
	</object>
</annotation>
