<annotation>
	<folder>samples</folder>
	<filename>12919285_943bb8e23595a7c4d673bf0a84ec0a15.thumbnail.jpg</filename>
	<path>/Users/jingyuanpan/Downloads/ProductImageSegmentation-master/samples/12919285_943bb8e23595a7c4d673bf0a84ec0a15.thumbnail.jpg</path>
	<source>
		<database>Unknown</database>
	</source>
	<size>
		<width>438</width>
		<height>640</height>
		<depth>3</depth>
	</size>
	<segmented>0</segmented>
	<object>
		<name>Dresses</name>
		<pose>Unspecified</pose>
		<truncated>0</truncated>
		<difficult>0</difficult>
		<bndbox>
			<xmin>113</xmin>
			<ymin>136</ymin>
			<xmax>344</xmax>
			<ymax>525</ymax>
		</bndbox>
	</object>
</annotation>
