<annotation>
	<folder>samples</folder>
	<filename>13040390_f616bdce79c085d70cf2951ecbc0eef0.thumbnail.jpg</filename>
	<path>/Users/jingyuanpan/Downloads/ProductImageSegmentation-master/samples/13040390_f616bdce79c085d70cf2951ecbc0eef0.thumbnail.jpg</path>
	<source>
		<database>Unknown</database>
	</source>
	<size>
		<width>639</width>
		<height>640</height>
		<depth>3</depth>
	</size>
	<segmented>0</segmented>
	<object>
		<name>Dresses</name>
		<pose>Unspecified</pose>
		<truncated>0</truncated>
		<difficult>0</difficult>
		<bndbox>
			<xmin>205</xmin>
			<ymin>50</ymin>
			<xmax>440</xmax>
			<ymax>552</ymax>
		</bndbox>
	</object>
</annotation>
