<annotation>
	<folder>samples</folder>
	<filename>13042052_a5cd9f81519c2d63d56b8d4b85ff39ed.thumbnail.jpg</filename>
	<path>/Users/jingyuanpan/Downloads/ProductImageSegmentation-master/samples/13042052_a5cd9f81519c2d63d56b8d4b85ff39ed.thumbnail.jpg</path>
	<source>
		<database>Unknown</database>
	</source>
	<size>
		<width>640</width>
		<height>392</height>
		<depth>3</depth>
	</size>
	<segmented>0</segmented>
	<object>
		<name>Dresses</name>
		<pose>Unspecified</pose>
		<truncated>0</truncated>
		<difficult>0</difficult>
		<bndbox>
			<xmin>99</xmin>
			<ymin>95</ymin>
			<xmax>214</xmax>
			<ymax>339</ymax>
		</bndbox>
	</object>
	<object>
		<name>Dresses</name>
		<pose>Unspecified</pose>
		<truncated>0</truncated>
		<difficult>0</difficult>
		<bndbox>
			<xmin>410</xmin>
			<ymin>85</ymin>
			<xmax>535</xmax>
			<ymax>330</ymax>
		</bndbox>
	</object>
</annotation>
