<annotation>
	<folder>samples</folder>
	<filename>13302233_2a3340b8881e4fa634b9363d0980c8e8.thumbnail.jpg</filename>
	<path>/Users/jingyuanpan/Downloads/ProductImageSegmentation-master/samples/13302233_2a3340b8881e4fa634b9363d0980c8e8.thumbnail.jpg</path>
	<source>
		<database>Unknown</database>
	</source>
	<size>
		<width>600</width>
		<height>600</height>
		<depth>3</depth>
	</size>
	<segmented>0</segmented>
	<object>
		<name>Dresses</name>
		<pose>Unspecified</pose>
		<truncated>0</truncated>
		<difficult>0</difficult>
		<bndbox>
			<xmin>241</xmin>
			<ymin>16</ymin>
			<xmax>455</xmax>
			<ymax>334</ymax>
		</bndbox>
	</object>
</annotation>
