<annotation>
	<folder>samples</folder>
	<filename>13383934_b7a19873d74734a59c59d7e79c5da644.thumbnail.jpg</filename>
	<path>/Users/jingyuanpan/Downloads/ProductImageSegmentation-master/samples/13383934_b7a19873d74734a59c59d7e79c5da644.thumbnail.jpg</path>
	<source>
		<database>Unknown</database>
	</source>
	<size>
		<width>640</width>
		<height>640</height>
		<depth>3</depth>
	</size>
	<segmented>0</segmented>
	<object>
		<name>Dresses</name>
		<pose>Unspecified</pose>
		<truncated>0</truncated>
		<difficult>0</difficult>
		<bndbox>
			<xmin>143</xmin>
			<ymin>6</ymin>
			<xmax>499</xmax>
			<ymax>629</ymax>
		</bndbox>
	</object>
</annotation>
