<annotation>
	<folder>samples</folder>
	<filename>13544555_a5df8a973e1a5b7ce87059df30e4466a.thumbnail.jpg</filename>
	<path>/Users/jingyuanpan/Downloads/ProductImageSegmentation-master/samples/13544555_a5df8a973e1a5b7ce87059df30e4466a.thumbnail.jpg</path>
	<source>
		<database>Unknown</database>
	</source>
	<size>
		<width>480</width>
		<height>480</height>
		<depth>3</depth>
	</size>
	<segmented>0</segmented>
	<object>
		<name>Dresses</name>
		<pose>Unspecified</pose>
		<truncated>1</truncated>
		<difficult>0</difficult>
		<bndbox>
			<xmin>16</xmin>
			<ymin>132</ymin>
			<xmax>232</xmax>
			<ymax>480</ymax>
		</bndbox>
	</object>
</annotation>
