<annotation>
	<folder>samples</folder>
	<filename>14150939_dcbd41ab9403f1cae025870a41c1d5b3.thumbnail.jpg</filename>
	<path>/Users/jingyuanpan/Downloads/ProductImageSegmentation-master/samples/14150939_dcbd41ab9403f1cae025870a41c1d5b3.thumbnail.jpg</path>
	<source>
		<database>Unknown</database>
	</source>
	<size>
		<width>640</width>
		<height>640</height>
		<depth>3</depth>
	</size>
	<segmented>0</segmented>
	<object>
		<name>Dresses</name>
		<pose>Unspecified</pose>
		<truncated>0</truncated>
		<difficult>0</difficult>
		<bndbox>
			<xmin>262</xmin>
			<ymin>120</ymin>
			<xmax>410</xmax>
			<ymax>565</ymax>
		</bndbox>
	</object>
</annotation>
