<annotation>
	<folder>samples</folder>
	<filename>14170990_6ce4f93611d39b3dc21a0fc98d2fa234.thumbnail.jpg</filename>
	<path>/Users/jingyuanpan/Downloads/ProductImageSegmentation-master/samples/14170990_6ce4f93611d39b3dc21a0fc98d2fa234.thumbnail.jpg</path>
	<source>
		<database>Unknown</database>
	</source>
	<size>
		<width>640</width>
		<height>640</height>
		<depth>3</depth>
	</size>
	<segmented>0</segmented>
	<object>
		<name>Dresses</name>
		<pose>Unspecified</pose>
		<truncated>0</truncated>
		<difficult>0</difficult>
		<bndbox>
			<xmin>50</xmin>
			<ymin>41</ymin>
			<xmax>304</xmax>
			<ymax>500</ymax>
		</bndbox>
	</object>
	<object>
		<name>Dresses</name>
		<pose>Unspecified</pose>
		<truncated>0</truncated>
		<difficult>0</difficult>
		<bndbox>
			<xmin>332</xmin>
			<ymin>24</ymin>
			<xmax>617</xmax>
			<ymax>573</ymax>
		</bndbox>
	</object>
</annotation>
