<annotation>
	<folder>samples</folder>
	<filename>14188420_aeabe22c4123e345b6c8105d132a1665.thumbnail.jpg</filename>
	<path>/Users/jingyuanpan/Downloads/ProductImageSegmentation-master/samples/14188420_aeabe22c4123e345b6c8105d132a1665.thumbnail.jpg</path>
	<source>
		<database>Unknown</database>
	</source>
	<size>
		<width>640</width>
		<height>640</height>
		<depth>3</depth>
	</size>
	<segmented>0</segmented>
	<object>
		<name>Dresses</name>
		<pose>Unspecified</pose>
		<truncated>0</truncated>
		<difficult>0</difficult>
		<bndbox>
			<xmin>244</xmin>
			<ymin>12</ymin>
			<xmax>414</xmax>
			<ymax>432</ymax>
		</bndbox>
	</object>
</annotation>
