<annotation>
	<folder>samples</folder>
	<filename>14264547_4648d431cd6294b2fb8e03da8fc8450a.thumbnail.jpg</filename>
	<path>/Users/jingyuanpan/Downloads/ProductImageSegmentation-master/samples/14264547_4648d431cd6294b2fb8e03da8fc8450a.thumbnail.jpg</path>
	<source>
		<database>Unknown</database>
	</source>
	<size>
		<width>640</width>
		<height>640</height>
		<depth>3</depth>
	</size>
	<segmented>0</segmented>
	<object>
		<name>Dresses</name>
		<pose>Unspecified</pose>
		<truncated>1</truncated>
		<difficult>0</difficult>
		<bndbox>
			<xmin>184</xmin>
			<ymin>54</ymin>
			<xmax>428</xmax>
			<ymax>640</ymax>
		</bndbox>
	</object>
</annotation>
