<annotation>
	<folder>samples</folder>
	<filename>14260956_5fec52cb10039af49dc81b2ff2904d19.thumbnail.jpg</filename>
	<path>/Users/jingyuanpan/Downloads/ProductImageSegmentation-master/samples/14260956_5fec52cb10039af49dc81b2ff2904d19.thumbnail.jpg</path>
	<source>
		<database>Unknown</database>
	</source>
	<size>
		<width>640</width>
		<height>640</height>
		<depth>3</depth>
	</size>
	<segmented>0</segmented>
	<object>
		<name>Dresses</name>
		<pose>Unspecified</pose>
		<truncated>1</truncated>
		<difficult>0</difficult>
		<bndbox>
			<xmin>142</xmin>
			<ymin>62</ymin>
			<xmax>502</xmax>
			<ymax>640</ymax>
		</bndbox>
	</object>
</annotation>
