<annotation>
	<folder>samples</folder>
	<filename>14339339_2ba3c44b56f5d76b3f6311bc5355435e.thumbnail.jpg</filename>
	<path>/Users/jingyuanpan/Downloads/ProductImageSegmentation-master/samples/14339339_2ba3c44b56f5d76b3f6311bc5355435e.thumbnail.jpg</path>
	<source>
		<database>Unknown</database>
	</source>
	<size>
		<width>640</width>
		<height>640</height>
		<depth>3</depth>
	</size>
	<segmented>0</segmented>
	<object>
		<name>Dresses</name>
		<pose>Unspecified</pose>
		<truncated>0</truncated>
		<difficult>0</difficult>
		<bndbox>
			<xmin>248</xmin>
			<ymin>28</ymin>
			<xmax>429</xmax>
			<ymax>463</ymax>
		</bndbox>
	</object>
</annotation>
