<annotation>
	<folder>samples</folder>
	<filename>14785230_dbc1b3ecebc5aaaa8ed205f6676ed2df.thumbnail.jpg</filename>
	<path>/Users/jingyuanpan/Downloads/ProductImageSegmentation-master/samples/14785230_dbc1b3ecebc5aaaa8ed205f6676ed2df.thumbnail.jpg</path>
	<source>
		<database>Unknown</database>
	</source>
	<size>
		<width>640</width>
		<height>640</height>
		<depth>3</depth>
	</size>
	<segmented>0</segmented>
	<object>
		<name>Dresses</name>
		<pose>Unspecified</pose>
		<truncated>0</truncated>
		<difficult>0</difficult>
		<bndbox>
			<xmin>187</xmin>
			<ymin>180</ymin>
			<xmax>467</xmax>
			<ymax>561</ymax>
		</bndbox>
	</object>
</annotation>
