<annotation>
	<folder>samples</folder>
	<filename>15129952_97ddf37ed09db4f81264da80de48e384.thumbnail.jpg</filename>
	<path>/Users/jingyuanpan/Downloads/ProductImageSegmentation-master/samples/15129952_97ddf37ed09db4f81264da80de48e384.thumbnail.jpg</path>
	<source>
		<database>Unknown</database>
	</source>
	<size>
		<width>600</width>
		<height>600</height>
		<depth>3</depth>
	</size>
	<segmented>0</segmented>
	<object>
		<name>Dresses</name>
		<pose>Unspecified</pose>
		<truncated>1</truncated>
		<difficult>0</difficult>
		<bndbox>
			<xmin>217</xmin>
			<ymin>154</ymin>
			<xmax>397</xmax>
			<ymax>600</ymax>
		</bndbox>
	</object>
</annotation>
