<annotation>
	<folder>samples</folder>
	<filename>15131603_3f9222ba4335b71018d44db565b88f57.thumbnail.jpg</filename>
	<path>/Users/jingyuanpan/Downloads/ProductImageSegmentation-master/samples/15131603_3f9222ba4335b71018d44db565b88f57.thumbnail.jpg</path>
	<source>
		<database>Unknown</database>
	</source>
	<size>
		<width>640</width>
		<height>640</height>
		<depth>3</depth>
	</size>
	<segmented>0</segmented>
	<object>
		<name>Dresses</name>
		<pose>Unspecified</pose>
		<truncated>1</truncated>
		<difficult>0</difficult>
		<bndbox>
			<xmin>153</xmin>
			<ymin>155</ymin>
			<xmax>494</xmax>
			<ymax>640</ymax>
		</bndbox>
	</object>
</annotation>
