<annotation>
	<folder>samples</folder>
	<filename>15439517_22352e4b71516aa22771e1e3ee8c9528.thumbnail.jpg</filename>
	<path>/Users/jingyuanpan/Downloads/ProductImageSegmentation-master/samples/15439517_22352e4b71516aa22771e1e3ee8c9528.thumbnail.jpg</path>
	<source>
		<database>Unknown</database>
	</source>
	<size>
		<width>640</width>
		<height>640</height>
		<depth>3</depth>
	</size>
	<segmented>0</segmented>
	<object>
		<name>Dresses</name>
		<pose>Unspecified</pose>
		<truncated>0</truncated>
		<difficult>0</difficult>
		<bndbox>
			<xmin>200</xmin>
			<ymin>178</ymin>
			<xmax>391</xmax>
			<ymax>626</ymax>
		</bndbox>
	</object>
</annotation>
