<annotation>
	<folder>samples</folder>
	<filename>17094577_a03c193c97bc8f96985eca7b38aa6bc0.thumbnail.jpg</filename>
	<path>/Users/jingyuanpan/Downloads/ProductImageSegmentation-master/samples/17094577_a03c193c97bc8f96985eca7b38aa6bc0.thumbnail.jpg</path>
	<source>
		<database>Unknown</database>
	</source>
	<size>
		<width>640</width>
		<height>640</height>
		<depth>3</depth>
	</size>
	<segmented>0</segmented>
	<object>
		<name>Dresses</name>
		<pose>Unspecified</pose>
		<truncated>0</truncated>
		<difficult>0</difficult>
		<bndbox>
			<xmin>207</xmin>
			<ymin>80</ymin>
			<xmax>380</xmax>
			<ymax>451</ymax>
		</bndbox>
	</object>
</annotation>
