<annotation>
	<folder>samples</folder>
	<filename>17195914_1e588664e83886ad93bea34e7c610f98.thumbnail.jpg</filename>
	<path>/Users/jingyuanpan/Downloads/ProductImageSegmentation-master/samples/17195914_1e588664e83886ad93bea34e7c610f98.thumbnail.jpg</path>
	<source>
		<database>Unknown</database>
	</source>
	<size>
		<width>600</width>
		<height>600</height>
		<depth>3</depth>
	</size>
	<segmented>0</segmented>
	<object>
		<name>Dresses</name>
		<pose>Unspecified</pose>
		<truncated>0</truncated>
		<difficult>0</difficult>
		<bndbox>
			<xmin>154</xmin>
			<ymin>189</ymin>
			<xmax>444</xmax>
			<ymax>550</ymax>
		</bndbox>
	</object>
</annotation>
