<annotation>
	<folder>samples</folder>
	<filename>17208607_9085b0da8e7e90371b2228683a74b99d.thumbnail.jpg</filename>
	<path>/Users/jingyuanpan/Downloads/ProductImageSegmentation-master/samples/17208607_9085b0da8e7e90371b2228683a74b99d.thumbnail.jpg</path>
	<source>
		<database>Unknown</database>
	</source>
	<size>
		<width>640</width>
		<height>640</height>
		<depth>3</depth>
	</size>
	<segmented>0</segmented>
	<object>
		<name>Dresses</name>
		<pose>Unspecified</pose>
		<truncated>0</truncated>
		<difficult>0</difficult>
		<bndbox>
			<xmin>92</xmin>
			<ymin>28</ymin>
			<xmax>537</xmax>
			<ymax>617</ymax>
		</bndbox>
	</object>
</annotation>
