<annotation>
	<folder>samples</folder>
	<filename>17381911_83a37ddabe3e818f21637124eaf66ee8.thumbnail.jpg</filename>
	<path>/Users/jingyuanpan/Downloads/ProductImageSegmentation-master/samples/17381911_83a37ddabe3e818f21637124eaf66ee8.thumbnail.jpg</path>
	<source>
		<database>Unknown</database>
	</source>
	<size>
		<width>480</width>
		<height>640</height>
		<depth>3</depth>
	</size>
	<segmented>0</segmented>
	<object>
		<name>Dresses</name>
		<pose>Unspecified</pose>
		<truncated>0</truncated>
		<difficult>0</difficult>
		<bndbox>
			<xmin>38</xmin>
			<ymin>95</ymin>
			<xmax>436</xmax>
			<ymax>570</ymax>
		</bndbox>
	</object>
</annotation>
