<annotation>
	<folder>samples</folder>
	<filename>17772537_123c00a4ac29f5bcf81e0a86bf74b8c2.thumbnail.jpg</filename>
	<path>/Users/jingyuanpan/Downloads/ProductImageSegmentation-master/samples/17772537_123c00a4ac29f5bcf81e0a86bf74b8c2.thumbnail.jpg</path>
	<source>
		<database>Unknown</database>
	</source>
	<size>
		<width>427</width>
		<height>640</height>
		<depth>3</depth>
	</size>
	<segmented>0</segmented>
	<object>
		<name>Dresses</name>
		<pose>Unspecified</pose>
		<truncated>0</truncated>
		<difficult>0</difficult>
		<bndbox>
			<xmin>55</xmin>
			<ymin>164</ymin>
			<xmax>326</xmax>
			<ymax>574</ymax>
		</bndbox>
	</object>
</annotation>
