<annotation>
	<folder>samples</folder>
	<filename>17780518_309f87f0766711e5ebaebafb961758b5.thumbnail.jpg</filename>
	<path>/Users/jingyuanpan/Downloads/ProductImageSegmentation-master/samples/17780518_309f87f0766711e5ebaebafb961758b5.thumbnail.jpg</path>
	<source>
		<database>Unknown</database>
	</source>
	<size>
		<width>500</width>
		<height>500</height>
		<depth>3</depth>
	</size>
	<segmented>0</segmented>
	<object>
		<name>Dresses</name>
		<pose>Unspecified</pose>
		<truncated>0</truncated>
		<difficult>0</difficult>
		<bndbox>
			<xmin>113</xmin>
			<ymin>7</ymin>
			<xmax>288</xmax>
			<ymax>315</ymax>
		</bndbox>
	</object>
</annotation>
