<annotation>
	<folder>samples</folder>
	<filename>17865846_7422656e1e1bb1640ed52978c0bc2c48.thumbnail.jpg</filename>
	<path>/Users/jingyuanpan/Downloads/ProductImageSegmentation-master/samples/17865846_7422656e1e1bb1640ed52978c0bc2c48.thumbnail.jpg</path>
	<source>
		<database>Unknown</database>
	</source>
	<size>
		<width>421</width>
		<height>640</height>
		<depth>3</depth>
	</size>
	<segmented>0</segmented>
	<object>
		<name>Dresses</name>
		<pose>Unspecified</pose>
		<truncated>0</truncated>
		<difficult>0</difficult>
		<bndbox>
			<xmin>156</xmin>
			<ymin>248</ymin>
			<xmax>274</xmax>
			<ymax>449</ymax>
		</bndbox>
	</object>
</annotation>
