<annotation>
	<folder>samples</folder>
	<filename>18045603_7ec216a6a807efb3b9a88cfd0176e0a2.thumbnail.jpg</filename>
	<path>/Users/jingyuanpan/Downloads/ProductImageSegmentation-master/samples/18045603_7ec216a6a807efb3b9a88cfd0176e0a2.thumbnail.jpg</path>
	<source>
		<database>Unknown</database>
	</source>
	<size>
		<width>640</width>
		<height>640</height>
		<depth>3</depth>
	</size>
	<segmented>0</segmented>
	<object>
		<name>Dresses</name>
		<pose>Unspecified</pose>
		<truncated>1</truncated>
		<difficult>0</difficult>
		<bndbox>
			<xmin>207</xmin>
			<ymin>180</ymin>
			<xmax>420</xmax>
			<ymax>640</ymax>
		</bndbox>
	</object>
</annotation>
