<annotation>
	<folder>samples</folder>
	<filename>18129266_d10c66ca5f62e6421c9ad73bc1a87174.thumbnail.jpg</filename>
	<path>/Users/jingyuanpan/Downloads/ProductImageSegmentation-master/samples/18129266_d10c66ca5f62e6421c9ad73bc1a87174.thumbnail.jpg</path>
	<source>
		<database>Unknown</database>
	</source>
	<size>
		<width>640</width>
		<height>640</height>
		<depth>3</depth>
	</size>
	<segmented>0</segmented>
	<object>
		<name>Dresses</name>
		<pose>Unspecified</pose>
		<truncated>0</truncated>
		<difficult>0</difficult>
		<bndbox>
			<xmin>317</xmin>
			<ymin>216</ymin>
			<xmax>417</xmax>
			<ymax>420</ymax>
		</bndbox>
	</object>
</annotation>
