<annotation>
	<folder>samples</folder>
	<filename>18578133_cf36ae5f784433238a62895cb080c482.thumbnail.jpg</filename>
	<path>/Users/jingyuanpan/Downloads/ProductImageSegmentation-master/samples/18578133_cf36ae5f784433238a62895cb080c482.thumbnail.jpg</path>
	<source>
		<database>Unknown</database>
	</source>
	<size>
		<width>600</width>
		<height>600</height>
		<depth>3</depth>
	</size>
	<segmented>0</segmented>
	<object>
		<name>Dresses</name>
		<pose>Unspecified</pose>
		<truncated>0</truncated>
		<difficult>0</difficult>
		<bndbox>
			<xmin>25</xmin>
			<ymin>166</ymin>
			<xmax>275</xmax>
			<ymax>477</ymax>
		</bndbox>
	</object>
	<object>
		<name>Dresses</name>
		<pose>Unspecified</pose>
		<truncated>0</truncated>
		<difficult>0</difficult>
		<bndbox>
			<xmin>340</xmin>
			<ymin>159</ymin>
			<xmax>563</xmax>
			<ymax>494</ymax>
		</bndbox>
	</object>
</annotation>
