<annotation>
	<folder>samples</folder>
	<filename>18887133_8b0c43ceaae58238fb511d00cf6916d6.thumbnail.jpg</filename>
	<path>/Users/jingyuanpan/Downloads/ProductImageSegmentation-master/samples/18887133_8b0c43ceaae58238fb511d00cf6916d6.thumbnail.jpg</path>
	<source>
		<database>Unknown</database>
	</source>
	<size>
		<width>640</width>
		<height>640</height>
		<depth>3</depth>
	</size>
	<segmented>0</segmented>
	<object>
		<name>Dresses</name>
		<pose>Unspecified</pose>
		<truncated>0</truncated>
		<difficult>0</difficult>
		<bndbox>
			<xmin>267</xmin>
			<ymin>168</ymin>
			<xmax>356</xmax>
			<ymax>572</ymax>
		</bndbox>
	</object>
</annotation>
