<annotation>
	<folder>samples</folder>
	<filename>20095481_33e32eea5a5b23d360c657ad14851a30.thumbnail.jpg</filename>
	<path>/Users/jingyuanpan/Downloads/ProductImageSegmentation-master/samples/20095481_33e32eea5a5b23d360c657ad14851a30.thumbnail.jpg</path>
	<source>
		<database>Unknown</database>
	</source>
	<size>
		<width>640</width>
		<height>640</height>
		<depth>3</depth>
	</size>
	<segmented>0</segmented>
	<object>
		<name>Dresses</name>
		<pose>Unspecified</pose>
		<truncated>0</truncated>
		<difficult>0</difficult>
		<bndbox>
			<xmin>7</xmin>
			<ymin>145</ymin>
			<xmax>322</xmax>
			<ymax>536</ymax>
		</bndbox>
	</object>
	<object>
		<name>Dresses</name>
		<pose>Unspecified</pose>
		<truncated>0</truncated>
		<difficult>0</difficult>
		<bndbox>
			<xmin>379</xmin>
			<ymin>152</ymin>
			<xmax>590</xmax>
			<ymax>580</ymax>
		</bndbox>
	</object>
</annotation>
