<annotation>
	<folder>samples</folder>
	<filename>22792994_0ac5181054e0ec3447a16564767ac76b.thumbnail.jpg</filename>
	<path>/Users/jingyuanpan/Downloads/ProductImageSegmentation-master/samples/22792994_0ac5181054e0ec3447a16564767ac76b.thumbnail.jpg</path>
	<source>
		<database>Unknown</database>
	</source>
	<size>
		<width>640</width>
		<height>640</height>
		<depth>3</depth>
	</size>
	<segmented>0</segmented>
	<object>
		<name>Dresses</name>
		<pose>Unspecified</pose>
		<truncated>0</truncated>
		<difficult>0</difficult>
		<bndbox>
			<xmin>243</xmin>
			<ymin>177</ymin>
			<xmax>414</xmax>
			<ymax>590</ymax>
		</bndbox>
	</object>
</annotation>
