<annotation>
	<folder>samples</folder>
	<filename>23907393_68c5767dcd9e9c83cb8e747eadd580ca.thumbnail.jpg</filename>
	<path>/Users/jingyuanpan/Downloads/ProductImageSegmentation-master/samples/23907393_68c5767dcd9e9c83cb8e747eadd580ca.thumbnail.jpg</path>
	<source>
		<database>Unknown</database>
	</source>
	<size>
		<width>479</width>
		<height>640</height>
		<depth>3</depth>
	</size>
	<segmented>0</segmented>
	<object>
		<name>Dresses</name>
		<pose>Unspecified</pose>
		<truncated>1</truncated>
		<difficult>0</difficult>
		<bndbox>
			<xmin>122</xmin>
			<ymin>1</ymin>
			<xmax>348</xmax>
			<ymax>640</ymax>
		</bndbox>
	</object>
</annotation>
