<annotation>
	<folder>samples</folder>
	<filename>24087094_3241e184bc639aea41e84b60e0760210.thumbnail.jpg</filename>
	<path>/Users/jingyuanpan/Downloads/ProductImageSegmentation-master/samples/24087094_3241e184bc639aea41e84b60e0760210.thumbnail.jpg</path>
	<source>
		<database>Unknown</database>
	</source>
	<size>
		<width>430</width>
		<height>430</height>
		<depth>3</depth>
	</size>
	<segmented>0</segmented>
	<object>
		<name>Dresses</name>
		<pose>Unspecified</pose>
		<truncated>0</truncated>
		<difficult>0</difficult>
		<bndbox>
			<xmin>179</xmin>
			<ymin>108</ymin>
			<xmax>294</xmax>
			<ymax>259</ymax>
		</bndbox>
	</object>
</annotation>
