<annotation>
	<folder>samples</folder>
	<filename>24246615_ffdf49195ddf9feefe5ef9c76b9c6773.thumbnail.jpg</filename>
	<path>/Users/jingyuanpan/Downloads/ProductImageSegmentation-master/samples/24246615_ffdf49195ddf9feefe5ef9c76b9c6773.thumbnail.jpg</path>
	<source>
		<database>Unknown</database>
	</source>
	<size>
		<width>640</width>
		<height>640</height>
		<depth>3</depth>
	</size>
	<segmented>0</segmented>
	<object>
		<name>Dresses</name>
		<pose>Unspecified</pose>
		<truncated>0</truncated>
		<difficult>0</difficult>
		<bndbox>
			<xmin>123</xmin>
			<ymin>143</ymin>
			<xmax>442</xmax>
			<ymax>600</ymax>
		</bndbox>
	</object>
</annotation>
