<annotation>
	<folder>samples</folder>
	<filename>25189273_50bac31bdc6531bcb6a02f2250f0fb7f.thumbnail.jpg</filename>
	<path>/Users/jingyuanpan/Downloads/ProductImageSegmentation-master/samples/25189273_50bac31bdc6531bcb6a02f2250f0fb7f.thumbnail.jpg</path>
	<source>
		<database>Unknown</database>
	</source>
	<size>
		<width>640</width>
		<height>640</height>
		<depth>3</depth>
	</size>
	<segmented>0</segmented>
	<object>
		<name>Dresses</name>
		<pose>Unspecified</pose>
		<truncated>0</truncated>
		<difficult>0</difficult>
		<bndbox>
			<xmin>170</xmin>
			<ymin>76</ymin>
			<xmax>466</xmax>
			<ymax>616</ymax>
		</bndbox>
	</object>
</annotation>
