<annotation>
	<folder>samples</folder>
	<filename>25461641_26f1bd128e2f9dedc417c9fd61a25905.thumbnail.jpg</filename>
	<path>/Users/jingyuanpan/Downloads/ProductImageSegmentation-master/samples/25461641_26f1bd128e2f9dedc417c9fd61a25905.thumbnail.jpg</path>
	<source>
		<database>Unknown</database>
	</source>
	<size>
		<width>640</width>
		<height>640</height>
		<depth>3</depth>
	</size>
	<segmented>0</segmented>
	<object>
		<name>Dresses</name>
		<pose>Unspecified</pose>
		<truncated>0</truncated>
		<difficult>0</difficult>
		<bndbox>
			<xmin>182</xmin>
			<ymin>48</ymin>
			<xmax>447</xmax>
			<ymax>583</ymax>
		</bndbox>
	</object>
</annotation>
