<annotation>
	<folder>samples</folder>
	<filename>25832266_0ef0fbaed5db4e622b286f3c48a0f531.thumbnail.jpg</filename>
	<path>/Users/jingyuanpan/Downloads/ProductImageSegmentation-master/samples/25832266_0ef0fbaed5db4e622b286f3c48a0f531.thumbnail.jpg</path>
	<source>
		<database>Unknown</database>
	</source>
	<size>
		<width>640</width>
		<height>640</height>
		<depth>3</depth>
	</size>
	<segmented>0</segmented>
	<object>
		<name>Dresses</name>
		<pose>Unspecified</pose>
		<truncated>0</truncated>
		<difficult>0</difficult>
		<bndbox>
			<xmin>216</xmin>
			<ymin>141</ymin>
			<xmax>429</xmax>
			<ymax>628</ymax>
		</bndbox>
	</object>
</annotation>
