<annotation>
	<folder>samples</folder>
	<filename>25964360_90e2ceb93222d1029fcc40a54ed34a22.thumbnail.jpg</filename>
	<path>/Users/jingyuanpan/Downloads/ProductImageSegmentation-master/samples/25964360_90e2ceb93222d1029fcc40a54ed34a22.thumbnail.jpg</path>
	<source>
		<database>Unknown</database>
	</source>
	<size>
		<width>600</width>
		<height>600</height>
		<depth>3</depth>
	</size>
	<segmented>0</segmented>
	<object>
		<name>Dresses</name>
		<pose>Unspecified</pose>
		<truncated>0</truncated>
		<difficult>0</difficult>
		<bndbox>
			<xmin>140</xmin>
			<ymin>115</ymin>
			<xmax>424</xmax>
			<ymax>526</ymax>
		</bndbox>
	</object>
</annotation>
