<annotation>
	<folder>samples</folder>
	<filename>26115821_af776041386397dcd81777d6d6d2f8ee.thumbnail.jpg</filename>
	<path>/Users/jingyuanpan/Downloads/ProductImageSegmentation-master/samples/26115821_af776041386397dcd81777d6d6d2f8ee.thumbnail.jpg</path>
	<source>
		<database>Unknown</database>
	</source>
	<size>
		<width>640</width>
		<height>640</height>
		<depth>3</depth>
	</size>
	<segmented>0</segmented>
	<object>
		<name>Dresses</name>
		<pose>Unspecified</pose>
		<truncated>0</truncated>
		<difficult>0</difficult>
		<bndbox>
			<xmin>240</xmin>
			<ymin>200</ymin>
			<xmax>380</xmax>
			<ymax>491</ymax>
		</bndbox>
	</object>
</annotation>
