<annotation>
	<folder>samples</folder>
	<filename>26543436_e8ee4820709b561bbc17194ea2bc75eb.thumbnail.jpg</filename>
	<path>/Users/jingyuanpan/Downloads/ProductImageSegmentation-master/samples/26543436_e8ee4820709b561bbc17194ea2bc75eb.thumbnail.jpg</path>
	<source>
		<database>Unknown</database>
	</source>
	<size>
		<width>600</width>
		<height>600</height>
		<depth>3</depth>
	</size>
	<segmented>0</segmented>
	<object>
		<name>Dresses</name>
		<pose>Unspecified</pose>
		<truncated>0</truncated>
		<difficult>0</difficult>
		<bndbox>
			<xmin>221</xmin>
			<ymin>148</ymin>
			<xmax>394</xmax>
			<ymax>502</ymax>
		</bndbox>
	</object>
</annotation>
