<annotation>
	<folder>samples</folder>
	<filename>26603504_5a816c75480a724474d5fac721f59591.thumbnail.jpg</filename>
	<path>/Users/jingyuanpan/Downloads/ProductImageSegmentation-master/samples/26603504_5a816c75480a724474d5fac721f59591.thumbnail.jpg</path>
	<source>
		<database>Unknown</database>
	</source>
	<size>
		<width>640</width>
		<height>640</height>
		<depth>3</depth>
	</size>
	<segmented>0</segmented>
	<object>
		<name>Dresses</name>
		<pose>Unspecified</pose>
		<truncated>0</truncated>
		<difficult>0</difficult>
		<bndbox>
			<xmin>119</xmin>
			<ymin>162</ymin>
			<xmax>396</xmax>
			<ymax>618</ymax>
		</bndbox>
	</object>
</annotation>
