<annotation>
	<folder>samples</folder>
	<filename>26627919_5823b96c413e8bb357cc4dd82c4c815d.thumbnail.jpg</filename>
	<path>/Users/jingyuanpan/Downloads/ProductImageSegmentation-master/samples/26627919_5823b96c413e8bb357cc4dd82c4c815d.thumbnail.jpg</path>
	<source>
		<database>Unknown</database>
	</source>
	<size>
		<width>640</width>
		<height>640</height>
		<depth>3</depth>
	</size>
	<segmented>0</segmented>
	<object>
		<name>Dresses</name>
		<pose>Unspecified</pose>
		<truncated>0</truncated>
		<difficult>0</difficult>
		<bndbox>
			<xmin>58</xmin>
			<ymin>114</ymin>
			<xmax>280</xmax>
			<ymax>519</ymax>
		</bndbox>
	</object>
	<object>
		<name>Dresses</name>
		<pose>Unspecified</pose>
		<truncated>0</truncated>
		<difficult>0</difficult>
		<bndbox>
			<xmin>410</xmin>
			<ymin>6</ymin>
			<xmax>552</xmax>
			<ymax>267</ymax>
		</bndbox>
	</object>
	<object>
		<name>Dresses</name>
		<pose>Unspecified</pose>
		<truncated>0</truncated>
		<difficult>0</difficult>
		<bndbox>
			<xmin>406</xmin>
			<ymin>323</ymin>
			<xmax>573</xmax>
			<ymax>633</ymax>
		</bndbox>
	</object>
</annotation>
