<annotation>
	<folder>samples</folder>
	<filename>27155872_780da121b86a5c13201b94f20e11401e.thumbnail.jpg</filename>
	<path>/Users/jingyuanpan/Downloads/ProductImageSegmentation-master/samples/27155872_780da121b86a5c13201b94f20e11401e.thumbnail.jpg</path>
	<source>
		<database>Unknown</database>
	</source>
	<size>
		<width>640</width>
		<height>640</height>
		<depth>3</depth>
	</size>
	<segmented>0</segmented>
	<object>
		<name>Dresses</name>
		<pose>Unspecified</pose>
		<truncated>0</truncated>
		<difficult>0</difficult>
		<bndbox>
			<xmin>161</xmin>
			<ymin>168</ymin>
			<xmax>365</xmax>
			<ymax>566</ymax>
		</bndbox>
	</object>
</annotation>
