<annotation>
	<folder>samples</folder>
	<filename>27758986_36007f8241d8388b8954eebe3960c6ed.thumbnail.jpg</filename>
	<path>/Users/jingyuanpan/Downloads/ProductImageSegmentation-master/samples/27758986_36007f8241d8388b8954eebe3960c6ed.thumbnail.jpg</path>
	<source>
		<database>Unknown</database>
	</source>
	<size>
		<width>640</width>
		<height>640</height>
		<depth>3</depth>
	</size>
	<segmented>0</segmented>
	<object>
		<name>Dresses</name>
		<pose>Unspecified</pose>
		<truncated>1</truncated>
		<difficult>0</difficult>
		<bndbox>
			<xmin>257</xmin>
			<ymin>144</ymin>
			<xmax>425</xmax>
			<ymax>640</ymax>
		</bndbox>
	</object>
</annotation>
