<annotation>
	<folder>samples</folder>
	<filename>28464051_79a3e2a74d4c60cafe0028b1aa0b93ee.thumbnail.jpg</filename>
	<path>/Users/jingyuanpan/Downloads/ProductImageSegmentation-master/samples/28464051_79a3e2a74d4c60cafe0028b1aa0b93ee.thumbnail.jpg</path>
	<source>
		<database>Unknown</database>
	</source>
	<size>
		<width>511</width>
		<height>511</height>
		<depth>3</depth>
	</size>
	<segmented>0</segmented>
	<object>
		<name>Dresses</name>
		<pose>Unspecified</pose>
		<truncated>0</truncated>
		<difficult>0</difficult>
		<bndbox>
			<xmin>98</xmin>
			<ymin>182</ymin>
			<xmax>406</xmax>
			<ymax>494</ymax>
		</bndbox>
	</object>
</annotation>
