<annotation>
	<folder>samples</folder>
	<filename>28573818_c773a3490472fe97809c43176f453248.thumbnail.jpg</filename>
	<path>/Users/jingyuanpan/Downloads/ProductImageSegmentation-master/samples/28573818_c773a3490472fe97809c43176f453248.thumbnail.jpg</path>
	<source>
		<database>Unknown</database>
	</source>
	<size>
		<width>640</width>
		<height>640</height>
		<depth>3</depth>
	</size>
	<segmented>0</segmented>
	<object>
		<name>Dresses</name>
		<pose>Unspecified</pose>
		<truncated>0</truncated>
		<difficult>0</difficult>
		<bndbox>
			<xmin>332</xmin>
			<ymin>212</ymin>
			<xmax>523</xmax>
			<ymax>608</ymax>
		</bndbox>
	</object>
</annotation>
