<annotation>
	<folder>samples</folder>
	<filename>28877588_7d0d5cd84799dcbf52a980498a36e32f.thumbnail.jpg</filename>
	<path>/Users/jingyuanpan/Downloads/ProductImageSegmentation-master/samples/28877588_7d0d5cd84799dcbf52a980498a36e32f.thumbnail.jpg</path>
	<source>
		<database>Unknown</database>
	</source>
	<size>
		<width>500</width>
		<height>500</height>
		<depth>3</depth>
	</size>
	<segmented>0</segmented>
	<object>
		<name>Dresses</name>
		<pose>Unspecified</pose>
		<truncated>0</truncated>
		<difficult>0</difficult>
		<bndbox>
			<xmin>117</xmin>
			<ymin>199</ymin>
			<xmax>414</xmax>
			<ymax>496</ymax>
		</bndbox>
	</object>
</annotation>
