<annotation>
	<folder>samples</folder>
	<filename>28920375_69aa55f728a22bf1874b5d134651d9af.thumbnail.jpg</filename>
	<path>/Users/jingyuanpan/Downloads/ProductImageSegmentation-master/samples/28920375_69aa55f728a22bf1874b5d134651d9af.thumbnail.jpg</path>
	<source>
		<database>Unknown</database>
	</source>
	<size>
		<width>640</width>
		<height>640</height>
		<depth>3</depth>
	</size>
	<segmented>0</segmented>
	<object>
		<name>Dresses</name>
		<pose>Unspecified</pose>
		<truncated>0</truncated>
		<difficult>0</difficult>
		<bndbox>
			<xmin>149</xmin>
			<ymin>63</ymin>
			<xmax>487</xmax>
			<ymax>598</ymax>
		</bndbox>
	</object>
</annotation>
