<annotation>
	<folder>samples</folder>
	<filename>30136805_a6fd7e95a11fb849e4d6b07549bb4b6a.thumbnail.jpg</filename>
	<path>/Users/jingyuanpan/Downloads/ProductImageSegmentation-master/samples/30136805_a6fd7e95a11fb849e4d6b07549bb4b6a.thumbnail.jpg</path>
	<source>
		<database>Unknown</database>
	</source>
	<size>
		<width>640</width>
		<height>640</height>
		<depth>3</depth>
	</size>
	<segmented>0</segmented>
	<object>
		<name>Dresses</name>
		<pose>Unspecified</pose>
		<truncated>1</truncated>
		<difficult>0</difficult>
		<bndbox>
			<xmin>178</xmin>
			<ymin>84</ymin>
			<xmax>636</xmax>
			<ymax>640</ymax>
		</bndbox>
	</object>
</annotation>
