<annotation>
	<folder>samples</folder>
	<filename>30805384_70f2d2428c857faf88257dca8b9b4e74.thumbnail.jpg</filename>
	<path>/Users/jingyuanpan/Downloads/ProductImageSegmentation-master/samples/30805384_70f2d2428c857faf88257dca8b9b4e74.thumbnail.jpg</path>
	<source>
		<database>Unknown</database>
	</source>
	<size>
		<width>640</width>
		<height>640</height>
		<depth>3</depth>
	</size>
	<segmented>0</segmented>
	<object>
		<name>Dresses</name>
		<pose>Unspecified</pose>
		<truncated>0</truncated>
		<difficult>0</difficult>
		<bndbox>
			<xmin>179</xmin>
			<ymin>143</ymin>
			<xmax>484</xmax>
			<ymax>548</ymax>
		</bndbox>
	</object>
</annotation>
