<annotation>
	<folder>samples</folder>
	<filename>30977849_f7db8619127eb8660e3a051951c915a9.thumbnail.jpg</filename>
	<path>/Users/jingyuanpan/Downloads/ProductImageSegmentation-master/samples/30977849_f7db8619127eb8660e3a051951c915a9.thumbnail.jpg</path>
	<source>
		<database>Unknown</database>
	</source>
	<size>
		<width>640</width>
		<height>640</height>
		<depth>3</depth>
	</size>
	<segmented>0</segmented>
	<object>
		<name>Dresses</name>
		<pose>Unspecified</pose>
		<truncated>0</truncated>
		<difficult>0</difficult>
		<bndbox>
			<xmin>282</xmin>
			<ymin>101</ymin>
			<xmax>409</xmax>
			<ymax>543</ymax>
		</bndbox>
	</object>
</annotation>
