<annotation>
	<folder>samples</folder>
	<filename>3108506_a1c7d749bc07b2552e5e9c548c1bbde4.thumbnail.jpg</filename>
	<path>/Users/jingyuanpan/Downloads/ProductImageSegmentation-master/samples/3108506_a1c7d749bc07b2552e5e9c548c1bbde4.thumbnail.jpg</path>
	<source>
		<database>Unknown</database>
	</source>
	<size>
		<width>640</width>
		<height>640</height>
		<depth>3</depth>
	</size>
	<segmented>0</segmented>
	<object>
		<name>Dresses</name>
		<pose>Unspecified</pose>
		<truncated>0</truncated>
		<difficult>0</difficult>
		<bndbox>
			<xmin>235</xmin>
			<ymin>97</ymin>
			<xmax>394</xmax>
			<ymax>314</ymax>
		</bndbox>
	</object>
	<object>
		<name>Dresses</name>
		<pose>Unspecified</pose>
		<truncated>0</truncated>
		<difficult>0</difficult>
		<bndbox>
			<xmin>274</xmin>
			<ymin>349</ymin>
			<xmax>494</xmax>
			<ymax>638</ymax>
		</bndbox>
	</object>
</annotation>
