<annotation>
	<folder>samples</folder>
	<filename>31245519_e77e5b214a16cc292883aaad9f8ab236.thumbnail.jpg</filename>
	<path>/Users/jingyuanpan/Downloads/ProductImageSegmentation-master/samples/31245519_e77e5b214a16cc292883aaad9f8ab236.thumbnail.jpg</path>
	<source>
		<database>Unknown</database>
	</source>
	<size>
		<width>640</width>
		<height>640</height>
		<depth>3</depth>
	</size>
	<segmented>0</segmented>
	<object>
		<name>Dresses</name>
		<pose>Unspecified</pose>
		<truncated>0</truncated>
		<difficult>0</difficult>
		<bndbox>
			<xmin>66</xmin>
			<ymin>151</ymin>
			<xmax>238</xmax>
			<ymax>584</ymax>
		</bndbox>
	</object>
	<object>
		<name>Dresses</name>
		<pose>Unspecified</pose>
		<truncated>0</truncated>
		<difficult>0</difficult>
		<bndbox>
			<xmin>277</xmin>
			<ymin>160</ymin>
			<xmax>457</xmax>
			<ymax>606</ymax>
		</bndbox>
	</object>
</annotation>
