<annotation>
	<folder>samples</folder>
	<filename>31397644_5669343d3266f54d84f28e22fcf30a76.thumbnail.jpg</filename>
	<path>/Users/jingyuanpan/Downloads/ProductImageSegmentation-master/samples/31397644_5669343d3266f54d84f28e22fcf30a76.thumbnail.jpg</path>
	<source>
		<database>Unknown</database>
	</source>
	<size>
		<width>640</width>
		<height>640</height>
		<depth>3</depth>
	</size>
	<segmented>0</segmented>
	<object>
		<name>Dresses</name>
		<pose>Unspecified</pose>
		<truncated>0</truncated>
		<difficult>0</difficult>
		<bndbox>
			<xmin>252</xmin>
			<ymin>227</ymin>
			<xmax>437</xmax>
			<ymax>462</ymax>
		</bndbox>
	</object>
</annotation>
