<annotation>
	<folder>samples</folder>
	<filename>31515929_d9f3e012180ef75eb7fb587e7824ff04.thumbnail.jpg</filename>
	<path>/Users/jingyuanpan/Downloads/ProductImageSegmentation-master/samples/31515929_d9f3e012180ef75eb7fb587e7824ff04.thumbnail.jpg</path>
	<source>
		<database>Unknown</database>
	</source>
	<size>
		<width>600</width>
		<height>600</height>
		<depth>3</depth>
	</size>
	<segmented>0</segmented>
	<object>
		<name>Dresses</name>
		<pose>Unspecified</pose>
		<truncated>0</truncated>
		<difficult>0</difficult>
		<bndbox>
			<xmin>10</xmin>
			<ymin>109</ymin>
			<xmax>229</xmax>
			<ymax>360</ymax>
		</bndbox>
	</object>
	<object>
		<name>Dresses</name>
		<pose>Unspecified</pose>
		<truncated>1</truncated>
		<difficult>0</difficult>
		<bndbox>
			<xmin>270</xmin>
			<ymin>200</ymin>
			<xmax>600</xmax>
			<ymax>595</ymax>
		</bndbox>
	</object>
</annotation>
