<annotation>
	<folder>samples</folder>
	<filename>32427597_f209e57aa4f3bb30b7e626de29a96133.thumbnail.jpg</filename>
	<path>/Users/jingyuanpan/Downloads/ProductImageSegmentation-master/samples/32427597_f209e57aa4f3bb30b7e626de29a96133.thumbnail.jpg</path>
	<source>
		<database>Unknown</database>
	</source>
	<size>
		<width>640</width>
		<height>640</height>
		<depth>3</depth>
	</size>
	<segmented>0</segmented>
	<object>
		<name>Dresses</name>
		<pose>Unspecified</pose>
		<truncated>0</truncated>
		<difficult>0</difficult>
		<bndbox>
			<xmin>102</xmin>
			<ymin>133</ymin>
			<xmax>279</xmax>
			<ymax>467</ymax>
		</bndbox>
	</object>
</annotation>
