<annotation>
	<folder>samples</folder>
	<filename>33348506_a998fba5fceb4864a823796bf69fc5f1.thumbnail.jpg</filename>
	<path>/Users/jingyuanpan/Downloads/ProductImageSegmentation-master/samples/33348506_a998fba5fceb4864a823796bf69fc5f1.thumbnail.jpg</path>
	<source>
		<database>Unknown</database>
	</source>
	<size>
		<width>426</width>
		<height>640</height>
		<depth>3</depth>
	</size>
	<segmented>0</segmented>
	<object>
		<name>Dresses</name>
		<pose>Unspecified</pose>
		<truncated>0</truncated>
		<difficult>0</difficult>
		<bndbox>
			<xmin>93</xmin>
			<ymin>133</ymin>
			<xmax>320</xmax>
			<ymax>508</ymax>
		</bndbox>
	</object>
</annotation>
