<annotation>
	<folder>samples</folder>
	<filename>33547840_394e82e87bb36db01744f6ed809c9788.thumbnail.jpg</filename>
	<path>/Users/jingyuanpan/Downloads/ProductImageSegmentation-master/samples/33547840_394e82e87bb36db01744f6ed809c9788.thumbnail.jpg</path>
	<source>
		<database>Unknown</database>
	</source>
	<size>
		<width>640</width>
		<height>640</height>
		<depth>3</depth>
	</size>
	<segmented>0</segmented>
	<object>
		<name>Dresses</name>
		<pose>Unspecified</pose>
		<truncated>1</truncated>
		<difficult>0</difficult>
		<bndbox>
			<xmin>1</xmin>
			<ymin>120</ymin>
			<xmax>548</xmax>
			<ymax>640</ymax>
		</bndbox>
	</object>
</annotation>
