<annotation>
	<folder>samples</folder>
	<filename>33749832_8e3aaee3bdf1ca6b6e59842ea97aad7d.thumbnail.jpg</filename>
	<path>/Users/jingyuanpan/Downloads/ProductImageSegmentation-master/samples/33749832_8e3aaee3bdf1ca6b6e59842ea97aad7d.thumbnail.jpg</path>
	<source>
		<database>Unknown</database>
	</source>
	<size>
		<width>640</width>
		<height>640</height>
		<depth>3</depth>
	</size>
	<segmented>0</segmented>
	<object>
		<name>Dresses</name>
		<pose>Unspecified</pose>
		<truncated>0</truncated>
		<difficult>0</difficult>
		<bndbox>
			<xmin>308</xmin>
			<ymin>160</ymin>
			<xmax>400</xmax>
			<ymax>336</ymax>
		</bndbox>
	</object>
</annotation>
