<annotation>
	<folder>samples</folder>
	<filename>34437664_2222adecca8093891b415f171f02c1d7.thumbnail.jpg</filename>
	<path>/Users/jingyuanpan/Downloads/ProductImageSegmentation-master/samples/34437664_2222adecca8093891b415f171f02c1d7.thumbnail.jpg</path>
	<source>
		<database>Unknown</database>
	</source>
	<size>
		<width>640</width>
		<height>640</height>
		<depth>3</depth>
	</size>
	<segmented>0</segmented>
	<object>
		<name>Dresses</name>
		<pose>Unspecified</pose>
		<truncated>0</truncated>
		<difficult>0</difficult>
		<bndbox>
			<xmin>302</xmin>
			<ymin>136</ymin>
			<xmax>440</xmax>
			<ymax>496</ymax>
		</bndbox>
	</object>
</annotation>
