<annotation>
	<folder>samples</folder>
	<filename>34649979_0065eecfdf2c0134bd03531e625033f2.thumbnail.jpg</filename>
	<path>/Users/jingyuanpan/Downloads/ProductImageSegmentation-master/samples/34649979_0065eecfdf2c0134bd03531e625033f2.thumbnail.jpg</path>
	<source>
		<database>Unknown</database>
	</source>
	<size>
		<width>640</width>
		<height>640</height>
		<depth>3</depth>
	</size>
	<segmented>0</segmented>
	<object>
		<name>Dresses</name>
		<pose>Unspecified</pose>
		<truncated>0</truncated>
		<difficult>0</difficult>
		<bndbox>
			<xmin>57</xmin>
			<ymin>182</ymin>
			<xmax>450</xmax>
			<ymax>516</ymax>
		</bndbox>
	</object>
</annotation>
