<annotation>
	<folder>samples</folder>
	<filename>3470761_b89be5f4b2ca7d2205f1a1e64990b314.thumbnail.jpg</filename>
	<path>/Users/jingyuanpan/Downloads/ProductImageSegmentation-master/samples/3470761_b89be5f4b2ca7d2205f1a1e64990b314.thumbnail.jpg</path>
	<source>
		<database>Unknown</database>
	</source>
	<size>
		<width>640</width>
		<height>611</height>
		<depth>3</depth>
	</size>
	<segmented>0</segmented>
	<object>
		<name>Dresses</name>
		<pose>Unspecified</pose>
		<truncated>0</truncated>
		<difficult>0</difficult>
		<bndbox>
			<xmin>50</xmin>
			<ymin>118</ymin>
			<xmax>323</xmax>
			<ymax>496</ymax>
		</bndbox>
	</object>
	<object>
		<name>Dresses</name>
		<pose>Unspecified</pose>
		<truncated>0</truncated>
		<difficult>0</difficult>
		<bndbox>
			<xmin>402</xmin>
			<ymin>249</ymin>
			<xmax>603</xmax>
			<ymax>606</ymax>
		</bndbox>
	</object>
</annotation>
