<annotation>
	<folder>samples</folder>
	<filename>35630648_6ef288a7f8f4e3cfa2eda1cd2631764a.thumbnail.jpg</filename>
	<path>/Users/jingyuanpan/Downloads/ProductImageSegmentation-master/samples/35630648_6ef288a7f8f4e3cfa2eda1cd2631764a.thumbnail.jpg</path>
	<source>
		<database>Unknown</database>
	</source>
	<size>
		<width>640</width>
		<height>640</height>
		<depth>3</depth>
	</size>
	<segmented>0</segmented>
	<object>
		<name>Dresses</name>
		<pose>Unspecified</pose>
		<truncated>0</truncated>
		<difficult>0</difficult>
		<bndbox>
			<xmin>164</xmin>
			<ymin>91</ymin>
			<xmax>484</xmax>
			<ymax>563</ymax>
		</bndbox>
	</object>
</annotation>
