<annotation>
	<folder>samples</folder>
	<filename>36078617_20ac6e288c66323a3ffaf45a5596f59d.thumbnail.jpg</filename>
	<path>/Users/jingyuanpan/Downloads/ProductImageSegmentation-master/samples/36078617_20ac6e288c66323a3ffaf45a5596f59d.thumbnail.jpg</path>
	<source>
		<database>Unknown</database>
	</source>
	<size>
		<width>640</width>
		<height>640</height>
		<depth>3</depth>
	</size>
	<segmented>0</segmented>
	<object>
		<name>Dresses</name>
		<pose>Unspecified</pose>
		<truncated>0</truncated>
		<difficult>0</difficult>
		<bndbox>
			<xmin>40</xmin>
			<ymin>177</ymin>
			<xmax>291</xmax>
			<ymax>564</ymax>
		</bndbox>
	</object>
	<object>
		<name>Dresses</name>
		<pose>Unspecified</pose>
		<truncated>0</truncated>
		<difficult>0</difficult>
		<bndbox>
			<xmin>365</xmin>
			<ymin>186</ymin>
			<xmax>600</xmax>
			<ymax>590</ymax>
		</bndbox>
	</object>
</annotation>
