<annotation>
	<folder>samples</folder>
	<filename>36667793_ac72c52b0a6560e38fa642a95f304eb0.thumbnail.jpg</filename>
	<path>/Users/jingyuanpan/Downloads/ProductImageSegmentation-master/samples/36667793_ac72c52b0a6560e38fa642a95f304eb0.thumbnail.jpg</path>
	<source>
		<database>Unknown</database>
	</source>
	<size>
		<width>640</width>
		<height>640</height>
		<depth>3</depth>
	</size>
	<segmented>0</segmented>
	<object>
		<name>Dresses</name>
		<pose>Unspecified</pose>
		<truncated>0</truncated>
		<difficult>0</difficult>
		<bndbox>
			<xmin>229</xmin>
			<ymin>86</ymin>
			<xmax>403</xmax>
			<ymax>388</ymax>
		</bndbox>
	</object>
</annotation>
