<annotation>
	<folder>samples</folder>
	<filename>36903585_a00443d1f7fb7238926cc7200a6c3cbd.thumbnail.jpg</filename>
	<path>/Users/jingyuanpan/Downloads/ProductImageSegmentation-master/samples/36903585_a00443d1f7fb7238926cc7200a6c3cbd.thumbnail.jpg</path>
	<source>
		<database>Unknown</database>
	</source>
	<size>
		<width>640</width>
		<height>640</height>
		<depth>3</depth>
	</size>
	<segmented>0</segmented>
	<object>
		<name>Dresses</name>
		<pose>Unspecified</pose>
		<truncated>0</truncated>
		<difficult>0</difficult>
		<bndbox>
			<xmin>182</xmin>
			<ymin>46</ymin>
			<xmax>584</xmax>
			<ymax>589</ymax>
		</bndbox>
	</object>
</annotation>
