<annotation>
	<folder>samples</folder>
	<filename>38056463_12d89006f8fe3b0bbc425e8c09b0cddd.thumbnail.jpg</filename>
	<path>/Users/jingyuanpan/Downloads/ProductImageSegmentation-master/samples/38056463_12d89006f8fe3b0bbc425e8c09b0cddd.thumbnail.jpg</path>
	<source>
		<database>Unknown</database>
	</source>
	<size>
		<width>640</width>
		<height>640</height>
		<depth>3</depth>
	</size>
	<segmented>0</segmented>
	<object>
		<name>Dresses</name>
		<pose>Unspecified</pose>
		<truncated>0</truncated>
		<difficult>0</difficult>
		<bndbox>
			<xmin>278</xmin>
			<ymin>172</ymin>
			<xmax>393</xmax>
			<ymax>462</ymax>
		</bndbox>
	</object>
</annotation>
