<annotation>
	<folder>samples</folder>
	<filename>38315959_f3008f85d9da1c777cf5bcf81a597fc0.thumbnail.jpg</filename>
	<path>/Users/jingyuanpan/Downloads/ProductImageSegmentation-master/samples/38315959_f3008f85d9da1c777cf5bcf81a597fc0.thumbnail.jpg</path>
	<source>
		<database>Unknown</database>
	</source>
	<size>
		<width>640</width>
		<height>640</height>
		<depth>3</depth>
	</size>
	<segmented>0</segmented>
	<object>
		<name>Dresses</name>
		<pose>Unspecified</pose>
		<truncated>0</truncated>
		<difficult>0</difficult>
		<bndbox>
			<xmin>218</xmin>
			<ymin>134</ymin>
			<xmax>521</xmax>
			<ymax>609</ymax>
		</bndbox>
	</object>
</annotation>
