<annotation>
	<folder>samples</folder>
	<filename>38679381_7fca135d1c8f0341d6fb4ee1e38e8307.thumbnail.jpg</filename>
	<path>/Users/jingyuanpan/Downloads/ProductImageSegmentation-master/samples/38679381_7fca135d1c8f0341d6fb4ee1e38e8307.thumbnail.jpg</path>
	<source>
		<database>Unknown</database>
	</source>
	<size>
		<width>640</width>
		<height>640</height>
		<depth>3</depth>
	</size>
	<segmented>0</segmented>
	<object>
		<name>Dresses</name>
		<pose>Unspecified</pose>
		<truncated>1</truncated>
		<difficult>0</difficult>
		<bndbox>
			<xmin>125</xmin>
			<ymin>94</ymin>
			<xmax>439</xmax>
			<ymax>640</ymax>
		</bndbox>
	</object>
</annotation>
