<annotation>
	<folder>samples</folder>
	<filename>3869182_05209fa9b127b50ad3dce25f2e360552.thumbnail.jpg</filename>
	<path>/Users/jingyuanpan/Downloads/ProductImageSegmentation-master/samples/3869182_05209fa9b127b50ad3dce25f2e360552.thumbnail.jpg</path>
	<source>
		<database>Unknown</database>
	</source>
	<size>
		<width>640</width>
		<height>640</height>
		<depth>3</depth>
	</size>
	<segmented>0</segmented>
	<object>
		<name>Dresses</name>
		<pose>Unspecified</pose>
		<truncated>1</truncated>
		<difficult>0</difficult>
		<bndbox>
			<xmin>190</xmin>
			<ymin>30</ymin>
			<xmax>427</xmax>
			<ymax>640</ymax>
		</bndbox>
	</object>
</annotation>
