<annotation>
	<folder>samples</folder>
	<filename>38829348_fc395dff65d5616f9fc54ea2b56bcfab.thumbnail.jpg</filename>
	<path>/Users/jingyuanpan/Downloads/ProductImageSegmentation-master/samples/38829348_fc395dff65d5616f9fc54ea2b56bcfab.thumbnail.jpg</path>
	<source>
		<database>Unknown</database>
	</source>
	<size>
		<width>640</width>
		<height>640</height>
		<depth>3</depth>
	</size>
	<segmented>0</segmented>
	<object>
		<name>Dresses</name>
		<pose>Unspecified</pose>
		<truncated>0</truncated>
		<difficult>0</difficult>
		<bndbox>
			<xmin>130</xmin>
			<ymin>14</ymin>
			<xmax>560</xmax>
			<ymax>589</ymax>
		</bndbox>
	</object>
</annotation>
