<annotation>
	<folder>samples</folder>
	<filename>38916600_d442c2bc36fe6f09dcaa04bbd3337ca6.thumbnail.jpg</filename>
	<path>/Users/jingyuanpan/Downloads/ProductImageSegmentation-master/samples/38916600_d442c2bc36fe6f09dcaa04bbd3337ca6.thumbnail.jpg</path>
	<source>
		<database>Unknown</database>
	</source>
	<size>
		<width>640</width>
		<height>640</height>
		<depth>3</depth>
	</size>
	<segmented>0</segmented>
	<object>
		<name>Dresses</name>
		<pose>Unspecified</pose>
		<truncated>0</truncated>
		<difficult>0</difficult>
		<bndbox>
			<xmin>91</xmin>
			<ymin>184</ymin>
			<xmax>302</xmax>
			<ymax>562</ymax>
		</bndbox>
	</object>
	<object>
		<name>Dresses</name>
		<pose>Unspecified</pose>
		<truncated>0</truncated>
		<difficult>0</difficult>
		<bndbox>
			<xmin>458</xmin>
			<ymin>181</ymin>
			<xmax>551</xmax>
			<ymax>361</ymax>
		</bndbox>
	</object>
</annotation>
