<annotation>
	<folder>samples</folder>
	<filename>38940307_bcb3c45ff52bf9d2b7aff11f541a4606.thumbnail.jpg</filename>
	<path>/Users/jingyuanpan/Downloads/ProductImageSegmentation-master/samples/38940307_bcb3c45ff52bf9d2b7aff11f541a4606.thumbnail.jpg</path>
	<source>
		<database>Unknown</database>
	</source>
	<size>
		<width>640</width>
		<height>640</height>
		<depth>3</depth>
	</size>
	<segmented>0</segmented>
	<object>
		<name>Dresses</name>
		<pose>Unspecified</pose>
		<truncated>0</truncated>
		<difficult>0</difficult>
		<bndbox>
			<xmin>378</xmin>
			<ymin>181</ymin>
			<xmax>509</xmax>
			<ymax>376</ymax>
		</bndbox>
	</object>
	<object>
		<name>Dresses</name>
		<pose>Unspecified</pose>
		<truncated>0</truncated>
		<difficult>0</difficult>
		<bndbox>
			<xmin>194</xmin>
			<ymin>198</ymin>
			<xmax>387</xmax>
			<ymax>441</ymax>
		</bndbox>
	</object>
</annotation>
