<annotation>
	<folder>samples</folder>
	<filename>39069443_d20853c9745489f2131a42e01e461396.thumbnail.jpg</filename>
	<path>/Users/jingyuanpan/Downloads/ProductImageSegmentation-master/samples/39069443_d20853c9745489f2131a42e01e461396.thumbnail.jpg</path>
	<source>
		<database>Unknown</database>
	</source>
	<size>
		<width>628</width>
		<height>628</height>
		<depth>3</depth>
	</size>
	<segmented>0</segmented>
	<object>
		<name>Dresses</name>
		<pose>Unspecified</pose>
		<truncated>0</truncated>
		<difficult>0</difficult>
		<bndbox>
			<xmin>321</xmin>
			<ymin>179</ymin>
			<xmax>515</xmax>
			<ymax>616</ymax>
		</bndbox>
	</object>
</annotation>
