<annotation>
	<folder>samples</folder>
	<filename>39107199_10f1a253cccc96bb4610b937e7d4f6f6.thumbnail.jpg</filename>
	<path>/Users/jingyuanpan/Downloads/ProductImageSegmentation-master/samples/39107199_10f1a253cccc96bb4610b937e7d4f6f6.thumbnail.jpg</path>
	<source>
		<database>Unknown</database>
	</source>
	<size>
		<width>640</width>
		<height>640</height>
		<depth>3</depth>
	</size>
	<segmented>0</segmented>
	<object>
		<name>Dresses</name>
		<pose>Unspecified</pose>
		<truncated>1</truncated>
		<difficult>0</difficult>
		<bndbox>
			<xmin>20</xmin>
			<ymin>174</ymin>
			<xmax>294</xmax>
			<ymax>640</ymax>
		</bndbox>
	</object>
	<object>
		<name>Dresses</name>
		<pose>Unspecified</pose>
		<truncated>1</truncated>
		<difficult>0</difficult>
		<bndbox>
			<xmin>432</xmin>
			<ymin>157</ymin>
			<xmax>640</xmax>
			<ymax>619</ymax>
		</bndbox>
	</object>
</annotation>
