<annotation>
	<folder>samples</folder>
	<filename>39276670_dc6c8e5251554214530c61bffbe4d481.thumbnail.jpg</filename>
	<path>/Users/jingyuanpan/Downloads/ProductImageSegmentation-master/samples/39276670_dc6c8e5251554214530c61bffbe4d481.thumbnail.jpg</path>
	<source>
		<database>Unknown</database>
	</source>
	<size>
		<width>640</width>
		<height>640</height>
		<depth>3</depth>
	</size>
	<segmented>0</segmented>
	<object>
		<name>Dresses</name>
		<pose>Unspecified</pose>
		<truncated>0</truncated>
		<difficult>0</difficult>
		<bndbox>
			<xmin>217</xmin>
			<ymin>94</ymin>
			<xmax>478</xmax>
			<ymax>395</ymax>
		</bndbox>
	</object>
</annotation>
