<annotation>
	<folder>samples</folder>
	<filename>39405458_9a1ba4a002665fc8808c9e1d4ac7412a.thumbnail.jpg</filename>
	<path>/Users/jingyuanpan/Downloads/ProductImageSegmentation-master/samples/39405458_9a1ba4a002665fc8808c9e1d4ac7412a.thumbnail.jpg</path>
	<source>
		<database>Unknown</database>
	</source>
	<size>
		<width>500</width>
		<height>500</height>
		<depth>3</depth>
	</size>
	<segmented>0</segmented>
	<object>
		<name>Dresses</name>
		<pose>Unspecified</pose>
		<truncated>0</truncated>
		<difficult>0</difficult>
		<bndbox>
			<xmin>177</xmin>
			<ymin>84</ymin>
			<xmax>332</xmax>
			<ymax>481</ymax>
		</bndbox>
	</object>
</annotation>
