<annotation>
	<folder>samples</folder>
	<filename>39404859_ce98080bffd2a745be30f232cca89488.thumbnail.jpg</filename>
	<path>/Users/jingyuanpan/Downloads/ProductImageSegmentation-master/samples/39404859_ce98080bffd2a745be30f232cca89488.thumbnail.jpg</path>
	<source>
		<database>Unknown</database>
	</source>
	<size>
		<width>640</width>
		<height>640</height>
		<depth>3</depth>
	</size>
	<segmented>0</segmented>
	<object>
		<name>Dresses</name>
		<pose>Unspecified</pose>
		<truncated>0</truncated>
		<difficult>0</difficult>
		<bndbox>
			<xmin>332</xmin>
			<ymin>277</ymin>
			<xmax>422</xmax>
			<ymax>437</ymax>
		</bndbox>
	</object>
</annotation>
