<annotation>
	<folder>samples</folder>
	<filename>41147571_529b53ceacf206a2de1ee103b44d1a91.thumbnail.jpg</filename>
	<path>/Users/jingyuanpan/Downloads/ProductImageSegmentation-master/samples/41147571_529b53ceacf206a2de1ee103b44d1a91.thumbnail.jpg</path>
	<source>
		<database>Unknown</database>
	</source>
	<size>
		<width>640</width>
		<height>640</height>
		<depth>3</depth>
	</size>
	<segmented>0</segmented>
	<object>
		<name>Dresses</name>
		<pose>Unspecified</pose>
		<truncated>0</truncated>
		<difficult>0</difficult>
		<bndbox>
			<xmin>189</xmin>
			<ymin>239</ymin>
			<xmax>388</xmax>
			<ymax>586</ymax>
		</bndbox>
	</object>
</annotation>
