<annotation>
	<folder>samples</folder>
	<filename>41565049_e33b9016b9183647212a0bdada6e1f1d.thumbnail.jpg</filename>
	<path>/Users/jingyuanpan/Downloads/ProductImageSegmentation-master/samples/41565049_e33b9016b9183647212a0bdada6e1f1d.thumbnail.jpg</path>
	<source>
		<database>Unknown</database>
	</source>
	<size>
		<width>592</width>
		<height>640</height>
		<depth>3</depth>
	</size>
	<segmented>0</segmented>
	<object>
		<name>Dresses</name>
		<pose>Unspecified</pose>
		<truncated>0</truncated>
		<difficult>0</difficult>
		<bndbox>
			<xmin>170</xmin>
			<ymin>242</ymin>
			<xmax>376</xmax>
			<ymax>561</ymax>
		</bndbox>
	</object>
</annotation>
