<annotation>
	<folder>samples</folder>
	<filename>42830200_e0e719cc687d382d729aafad3ef8c6f6.thumbnail.jpg</filename>
	<path>/Users/jingyuanpan/Downloads/ProductImageSegmentation-master/samples/42830200_e0e719cc687d382d729aafad3ef8c6f6.thumbnail.jpg</path>
	<source>
		<database>Unknown</database>
	</source>
	<size>
		<width>430</width>
		<height>430</height>
		<depth>3</depth>
	</size>
	<segmented>0</segmented>
	<object>
		<name>Dresses</name>
		<pose>Unspecified</pose>
		<truncated>0</truncated>
		<difficult>0</difficult>
		<bndbox>
			<xmin>110</xmin>
			<ymin>137</ymin>
			<xmax>287</xmax>
			<ymax>382</ymax>
		</bndbox>
	</object>
</annotation>
