<annotation>
	<folder>samples</folder>
	<filename>42907250_ee7dede3807e2fffa5b8f8b2e98dda4d.thumbnail.jpg</filename>
	<path>/Users/jingyuanpan/Downloads/ProductImageSegmentation-master/samples/42907250_ee7dede3807e2fffa5b8f8b2e98dda4d.thumbnail.jpg</path>
	<source>
		<database>Unknown</database>
	</source>
	<size>
		<width>430</width>
		<height>430</height>
		<depth>3</depth>
	</size>
	<segmented>0</segmented>
	<object>
		<name>Dresses</name>
		<pose>Unspecified</pose>
		<truncated>0</truncated>
		<difficult>0</difficult>
		<bndbox>
			<xmin>158</xmin>
			<ymin>97</ymin>
			<xmax>342</xmax>
			<ymax>404</ymax>
		</bndbox>
	</object>
</annotation>
