<annotation>
	<folder>samples</folder>
	<filename>43081628_01f64bc09f2e3c6a3b277129aa7d526c.thumbnail.jpg</filename>
	<path>/Users/jingyuanpan/Downloads/ProductImageSegmentation-master/samples/43081628_01f64bc09f2e3c6a3b277129aa7d526c.thumbnail.jpg</path>
	<source>
		<database>Unknown</database>
	</source>
	<size>
		<width>640</width>
		<height>640</height>
		<depth>3</depth>
	</size>
	<segmented>0</segmented>
	<object>
		<name>Dresses</name>
		<pose>Unspecified</pose>
		<truncated>0</truncated>
		<difficult>0</difficult>
		<bndbox>
			<xmin>6</xmin>
			<ymin>84</ymin>
			<xmax>260</xmax>
			<ymax>511</ymax>
		</bndbox>
	</object>
	<object>
		<name>Dresses</name>
		<pose>Unspecified</pose>
		<truncated>0</truncated>
		<difficult>0</difficult>
		<bndbox>
			<xmin>372</xmin>
			<ymin>85</ymin>
			<xmax>572</xmax>
			<ymax>507</ymax>
		</bndbox>
	</object>
</annotation>
