<annotation>
	<folder>samples</folder>
	<filename>43404196_f568718cab968603d0d84888badacc63.thumbnail.jpg</filename>
	<path>/Users/jingyuanpan/Downloads/ProductImageSegmentation-master/samples/43404196_f568718cab968603d0d84888badacc63.thumbnail.jpg</path>
	<source>
		<database>Unknown</database>
	</source>
	<size>
		<width>300</width>
		<height>300</height>
		<depth>3</depth>
	</size>
	<segmented>0</segmented>
	<object>
		<name>Dresses</name>
		<pose>Unspecified</pose>
		<truncated>0</truncated>
		<difficult>0</difficult>
		<bndbox>
			<xmin>112</xmin>
			<ymin>86</ymin>
			<xmax>197</xmax>
			<ymax>266</ymax>
		</bndbox>
	</object>
</annotation>
