<annotation>
	<folder>samples</folder>
	<filename>43620251_e2d9db3a75854c5b16bc2f57c5cef474.thumbnail.jpg</filename>
	<path>/Users/jingyuanpan/Downloads/ProductImageSegmentation-master/samples/43620251_e2d9db3a75854c5b16bc2f57c5cef474.thumbnail.jpg</path>
	<source>
		<database>Unknown</database>
	</source>
	<size>
		<width>640</width>
		<height>640</height>
		<depth>3</depth>
	</size>
	<segmented>0</segmented>
	<object>
		<name>Dresses</name>
		<pose>Unspecified</pose>
		<truncated>0</truncated>
		<difficult>0</difficult>
		<bndbox>
			<xmin>166</xmin>
			<ymin>141</ymin>
			<xmax>463</xmax>
			<ymax>597</ymax>
		</bndbox>
	</object>
</annotation>
