<annotation>
	<folder>samples</folder>
	<filename>44162826_da732f357c36b22f2b3d640a43bccbfe.thumbnail.jpg</filename>
	<path>/Users/jingyuanpan/Downloads/ProductImageSegmentation-master/samples/44162826_da732f357c36b22f2b3d640a43bccbfe.thumbnail.jpg</path>
	<source>
		<database>Unknown</database>
	</source>
	<size>
		<width>640</width>
		<height>640</height>
		<depth>3</depth>
	</size>
	<segmented>0</segmented>
	<object>
		<name>Dresses</name>
		<pose>Unspecified</pose>
		<truncated>0</truncated>
		<difficult>0</difficult>
		<bndbox>
			<xmin>118</xmin>
			<ymin>214</ymin>
			<xmax>409</xmax>
			<ymax>635</ymax>
		</bndbox>
	</object>
</annotation>
