<annotation>
	<folder>samples</folder>
	<filename>44540282_a8e3131d63570833a2836963e4be76d7.thumbnail.jpg</filename>
	<path>/Users/jingyuanpan/Downloads/ProductImageSegmentation-master/samples/44540282_a8e3131d63570833a2836963e4be76d7.thumbnail.jpg</path>
	<source>
		<database>Unknown</database>
	</source>
	<size>
		<width>497</width>
		<height>497</height>
		<depth>3</depth>
	</size>
	<segmented>0</segmented>
	<object>
		<name>Dresses</name>
		<pose>Unspecified</pose>
		<truncated>0</truncated>
		<difficult>0</difficult>
		<bndbox>
			<xmin>31</xmin>
			<ymin>143</ymin>
			<xmax>188</xmax>
			<ymax>430</ymax>
		</bndbox>
	</object>
	<object>
		<name>Dresses</name>
		<pose>Unspecified</pose>
		<truncated>0</truncated>
		<difficult>0</difficult>
		<bndbox>
			<xmin>265</xmin>
			<ymin>146</ymin>
			<xmax>437</xmax>
			<ymax>455</ymax>
		</bndbox>
	</object>
</annotation>
