<annotation>
	<folder>samples</folder>
	<filename>44881780_4481c8f4da6283eee122be613d8e7f1b.thumbnail.jpg</filename>
	<path>/Users/jingyuanpan/Downloads/ProductImageSegmentation-master/samples/44881780_4481c8f4da6283eee122be613d8e7f1b.thumbnail.jpg</path>
	<source>
		<database>Unknown</database>
	</source>
	<size>
		<width>430</width>
		<height>430</height>
		<depth>3</depth>
	</size>
	<segmented>0</segmented>
	<object>
		<name>Dresses</name>
		<pose>Unspecified</pose>
		<truncated>0</truncated>
		<difficult>0</difficult>
		<bndbox>
			<xmin>128</xmin>
			<ymin>108</ymin>
			<xmax>295</xmax>
			<ymax>416</ymax>
		</bndbox>
	</object>
</annotation>
