<annotation>
	<folder>samples</folder>
	<filename>4488294_106148912da5d97b0b002e069b0c775c.thumbnail.jpg</filename>
	<path>/Users/jingyuanpan/Downloads/ProductImageSegmentation-master/samples/4488294_106148912da5d97b0b002e069b0c775c.thumbnail.jpg</path>
	<source>
		<database>Unknown</database>
	</source>
	<size>
		<width>360</width>
		<height>640</height>
		<depth>3</depth>
	</size>
	<segmented>0</segmented>
	<object>
		<name>Dresses</name>
		<pose>Unspecified</pose>
		<truncated>0</truncated>
		<difficult>0</difficult>
		<bndbox>
			<xmin>136</xmin>
			<ymin>227</ymin>
			<xmax>215</xmax>
			<ymax>391</ymax>
		</bndbox>
	</object>
</annotation>
