<annotation>
	<folder>samples</folder>
	<filename>45203182_0232bfa21eaa37dcc4eac8111c7ded8c.thumbnail.jpg</filename>
	<path>/Users/jingyuanpan/Downloads/ProductImageSegmentation-master/samples/45203182_0232bfa21eaa37dcc4eac8111c7ded8c.thumbnail.jpg</path>
	<source>
		<database>Unknown</database>
	</source>
	<size>
		<width>640</width>
		<height>640</height>
		<depth>3</depth>
	</size>
	<segmented>0</segmented>
	<object>
		<name>Dresses</name>
		<pose>Unspecified</pose>
		<truncated>0</truncated>
		<difficult>0</difficult>
		<bndbox>
			<xmin>143</xmin>
			<ymin>28</ymin>
			<xmax>494</xmax>
			<ymax>583</ymax>
		</bndbox>
	</object>
</annotation>
