<annotation>
	<folder>samples</folder>
	<filename>45441717_c1691d07b782ea153b62843e616df086.thumbnail.jpg</filename>
	<path>/Users/jingyuanpan/Downloads/ProductImageSegmentation-master/samples/45441717_c1691d07b782ea153b62843e616df086.thumbnail.jpg</path>
	<source>
		<database>Unknown</database>
	</source>
	<size>
		<width>640</width>
		<height>640</height>
		<depth>3</depth>
	</size>
	<segmented>0</segmented>
	<object>
		<name>Dresses</name>
		<pose>Unspecified</pose>
		<truncated>0</truncated>
		<difficult>0</difficult>
		<bndbox>
			<xmin>250</xmin>
			<ymin>216</ymin>
			<xmax>361</xmax>
			<ymax>563</ymax>
		</bndbox>
	</object>
</annotation>
