<annotation>
	<folder>samples</folder>
	<filename>45593482_d8caddca7ca4b519bf92975e2f2780af.thumbnail.jpg</filename>
	<path>/Users/jingyuanpan/Downloads/ProductImageSegmentation-master/samples/45593482_d8caddca7ca4b519bf92975e2f2780af.thumbnail.jpg</path>
	<source>
		<database>Unknown</database>
	</source>
	<size>
		<width>640</width>
		<height>640</height>
		<depth>3</depth>
	</size>
	<segmented>0</segmented>
	<object>
		<name>Dresses</name>
		<pose>Unspecified</pose>
		<truncated>0</truncated>
		<difficult>0</difficult>
		<bndbox>
			<xmin>34</xmin>
			<ymin>10</ymin>
			<xmax>605</xmax>
			<ymax>630</ymax>
		</bndbox>
	</object>
</annotation>
