<annotation>
	<folder>samples</folder>
	<filename>45694419_7b11fe360ae27715e20ad53c94ce26e9.thumbnail.jpg</filename>
	<path>/Users/jingyuanpan/Downloads/ProductImageSegmentation-master/samples/45694419_7b11fe360ae27715e20ad53c94ce26e9.thumbnail.jpg</path>
	<source>
		<database>Unknown</database>
	</source>
	<size>
		<width>640</width>
		<height>640</height>
		<depth>3</depth>
	</size>
	<segmented>0</segmented>
	<object>
		<name>Dresses</name>
		<pose>Unspecified</pose>
		<truncated>1</truncated>
		<difficult>0</difficult>
		<bndbox>
			<xmin>80</xmin>
			<ymin>148</ymin>
			<xmax>637</xmax>
			<ymax>640</ymax>
		</bndbox>
	</object>
</annotation>
