<annotation>
	<folder>samples</folder>
	<filename>45783884_448eabc63d78c6e5272b4ec58a456cee.thumbnail.jpg</filename>
	<path>/Users/jingyuanpan/Downloads/ProductImageSegmentation-master/samples/45783884_448eabc63d78c6e5272b4ec58a456cee.thumbnail.jpg</path>
	<source>
		<database>Unknown</database>
	</source>
	<size>
		<width>398</width>
		<height>398</height>
		<depth>3</depth>
	</size>
	<segmented>0</segmented>
	<object>
		<name>Dresses</name>
		<pose>Unspecified</pose>
		<truncated>0</truncated>
		<difficult>0</difficult>
		<bndbox>
			<xmin>41</xmin>
			<ymin>174</ymin>
			<xmax>194</xmax>
			<ymax>375</ymax>
		</bndbox>
	</object>
	<object>
		<name>Dresses</name>
		<pose>Unspecified</pose>
		<truncated>0</truncated>
		<difficult>0</difficult>
		<bndbox>
			<xmin>261</xmin>
			<ymin>72</ymin>
			<xmax>395</xmax>
			<ymax>191</ymax>
		</bndbox>
	</object>
	<object>
		<name>Dresses</name>
		<pose>Unspecified</pose>
		<truncated>1</truncated>
		<difficult>0</difficult>
		<bndbox>
			<xmin>263</xmin>
			<ymin>282</ymin>
			<xmax>358</xmax>
			<ymax>398</ymax>
		</bndbox>
	</object>
</annotation>
