<annotation>
	<folder>samples</folder>
	<filename>46337584_536e686a12418131f916ff3131f4ad7a.thumbnail.jpg</filename>
	<path>/Users/jingyuanpan/Downloads/ProductImageSegmentation-master/samples/46337584_536e686a12418131f916ff3131f4ad7a.thumbnail.jpg</path>
	<source>
		<database>Unknown</database>
	</source>
	<size>
		<width>640</width>
		<height>640</height>
		<depth>3</depth>
	</size>
	<segmented>0</segmented>
	<object>
		<name>Dresses</name>
		<pose>Unspecified</pose>
		<truncated>1</truncated>
		<difficult>0</difficult>
		<bndbox>
			<xmin>144</xmin>
			<ymin>42</ymin>
			<xmax>456</xmax>
			<ymax>640</ymax>
		</bndbox>
	</object>
</annotation>
