<annotation>
	<folder>samples</folder>
	<filename>46465351_d6a166f412fc62f063d31a49017879c2.thumbnail.jpg</filename>
	<path>/Users/jingyuanpan/Downloads/ProductImageSegmentation-master/samples/46465351_d6a166f412fc62f063d31a49017879c2.thumbnail.jpg</path>
	<source>
		<database>Unknown</database>
	</source>
	<size>
		<width>640</width>
		<height>640</height>
		<depth>3</depth>
	</size>
	<segmented>0</segmented>
	<object>
		<name>Dresses</name>
		<pose>Unspecified</pose>
		<truncated>0</truncated>
		<difficult>0</difficult>
		<bndbox>
			<xmin>376</xmin>
			<ymin>121</ymin>
			<xmax>519</xmax>
			<ymax>570</ymax>
		</bndbox>
	</object>
</annotation>
