<annotation>
	<folder>samples</folder>
	<filename>46762935_319a20cd6911e5fb9298e7a15b60cafe.thumbnail.jpg</filename>
	<path>/Users/jingyuanpan/Downloads/ProductImageSegmentation-master/samples/46762935_319a20cd6911e5fb9298e7a15b60cafe.thumbnail.jpg</path>
	<source>
		<database>Unknown</database>
	</source>
	<size>
		<width>640</width>
		<height>640</height>
		<depth>3</depth>
	</size>
	<segmented>0</segmented>
	<object>
		<name>Dresses</name>
		<pose>Unspecified</pose>
		<truncated>0</truncated>
		<difficult>0</difficult>
		<bndbox>
			<xmin>307</xmin>
			<ymin>107</ymin>
			<xmax>463</xmax>
			<ymax>630</ymax>
		</bndbox>
	</object>
	<object>
		<name>Dresses</name>
		<pose>Unspecified</pose>
		<truncated>0</truncated>
		<difficult>0</difficult>
		<bndbox>
			<xmin>9</xmin>
			<ymin>117</ymin>
			<xmax>205</xmax>
			<ymax>635</ymax>
		</bndbox>
	</object>
</annotation>
