<annotation>
	<folder>samples</folder>
	<filename>47558082_884717af291bcc407f337bfdfe856b78.thumbnail.jpg</filename>
	<path>/Users/jingyuanpan/Downloads/ProductImageSegmentation-master/samples/47558082_884717af291bcc407f337bfdfe856b78.thumbnail.jpg</path>
	<source>
		<database>Unknown</database>
	</source>
	<size>
		<width>640</width>
		<height>640</height>
		<depth>3</depth>
	</size>
	<segmented>0</segmented>
	<object>
		<name>Dresses</name>
		<pose>Unspecified</pose>
		<truncated>0</truncated>
		<difficult>0</difficult>
		<bndbox>
			<xmin>170</xmin>
			<ymin>125</ymin>
			<xmax>440</xmax>
			<ymax>628</ymax>
		</bndbox>
	</object>
</annotation>
