<annotation>
	<folder>samples</folder>
	<filename>48782773_d6ccc32422729ab93905b40802a017b3.thumbnail.jpg</filename>
	<path>/Users/jingyuanpan/Downloads/ProductImageSegmentation-master/samples/48782773_d6ccc32422729ab93905b40802a017b3.thumbnail.jpg</path>
	<source>
		<database>Unknown</database>
	</source>
	<size>
		<width>640</width>
		<height>640</height>
		<depth>3</depth>
	</size>
	<segmented>0</segmented>
	<object>
		<name>Dresses</name>
		<pose>Unspecified</pose>
		<truncated>1</truncated>
		<difficult>0</difficult>
		<bndbox>
			<xmin>101</xmin>
			<ymin>324</ymin>
			<xmax>435</xmax>
			<ymax>640</ymax>
		</bndbox>
	</object>
</annotation>
