<annotation>
	<folder>samples</folder>
	<filename>48878699_9287af9ca271e3cc304ddbafc96faea4.thumbnail.jpg</filename>
	<path>/Users/jingyuanpan/Downloads/ProductImageSegmentation-master/samples/48878699_9287af9ca271e3cc304ddbafc96faea4.thumbnail.jpg</path>
	<source>
		<database>Unknown</database>
	</source>
	<size>
		<width>640</width>
		<height>640</height>
		<depth>3</depth>
	</size>
	<segmented>0</segmented>
	<object>
		<name>Dresses</name>
		<pose>Unspecified</pose>
		<truncated>0</truncated>
		<difficult>0</difficult>
		<bndbox>
			<xmin>266</xmin>
			<ymin>104</ymin>
			<xmax>438</xmax>
			<ymax>607</ymax>
		</bndbox>
	</object>
</annotation>
