<annotation>
	<folder>samples</folder>
	<filename>49047863_ac0f47a2edd51f66d1c3ceaea32cbd0d.thumbnail.jpg</filename>
	<path>/Users/jingyuanpan/Downloads/ProductImageSegmentation-master/samples/49047863_ac0f47a2edd51f66d1c3ceaea32cbd0d.thumbnail.jpg</path>
	<source>
		<database>Unknown</database>
	</source>
	<size>
		<width>640</width>
		<height>640</height>
		<depth>3</depth>
	</size>
	<segmented>0</segmented>
	<object>
		<name>Dresses</name>
		<pose>Unspecified</pose>
		<truncated>1</truncated>
		<difficult>0</difficult>
		<bndbox>
			<xmin>250</xmin>
			<ymin>228</ymin>
			<xmax>522</xmax>
			<ymax>640</ymax>
		</bndbox>
	</object>
</annotation>
