<annotation>
	<folder>samples</folder>
	<filename>49048916_834cde27dfdeac7bd886bffd2f8270f7.thumbnail.jpg</filename>
	<path>/Users/jingyuanpan/Downloads/ProductImageSegmentation-master/samples/49048916_834cde27dfdeac7bd886bffd2f8270f7.thumbnail.jpg</path>
	<source>
		<database>Unknown</database>
	</source>
	<size>
		<width>640</width>
		<height>640</height>
		<depth>3</depth>
	</size>
	<segmented>0</segmented>
	<object>
		<name>Dresses</name>
		<pose>Unspecified</pose>
		<truncated>0</truncated>
		<difficult>0</difficult>
		<bndbox>
			<xmin>85</xmin>
			<ymin>170</ymin>
			<xmax>309</xmax>
			<ymax>573</ymax>
		</bndbox>
	</object>
	<object>
		<name>Dresses</name>
		<pose>Unspecified</pose>
		<truncated>0</truncated>
		<difficult>0</difficult>
		<bndbox>
			<xmin>426</xmin>
			<ymin>121</ymin>
			<xmax>562</xmax>
			<ymax>400</ymax>
		</bndbox>
	</object>
</annotation>
