<annotation>
	<folder>samples</folder>
	<filename>49071706_8acf9360abd535b8775b467113b12fed.thumbnail.jpg</filename>
	<path>/Users/jingyuanpan/Downloads/ProductImageSegmentation-master/samples/49071706_8acf9360abd535b8775b467113b12fed.thumbnail.jpg</path>
	<source>
		<database>Unknown</database>
	</source>
	<size>
		<width>640</width>
		<height>640</height>
		<depth>3</depth>
	</size>
	<segmented>0</segmented>
	<object>
		<name>Dresses</name>
		<pose>Unspecified</pose>
		<truncated>0</truncated>
		<difficult>0</difficult>
		<bndbox>
			<xmin>89</xmin>
			<ymin>170</ymin>
			<xmax>272</xmax>
			<ymax>497</ymax>
		</bndbox>
	</object>
	<object>
		<name>Dresses</name>
		<pose>Unspecified</pose>
		<truncated>0</truncated>
		<difficult>0</difficult>
		<bndbox>
			<xmin>395</xmin>
			<ymin>348</ymin>
			<xmax>449</xmax>
			<ymax>489</ymax>
		</bndbox>
	</object>
</annotation>
