<annotation>
	<folder>samples</folder>
	<filename>49080740_bfcdd9b44d7ee19015556a2d84f48762.thumbnail.jpg</filename>
	<path>/Users/jingyuanpan/Downloads/ProductImageSegmentation-master/samples/49080740_bfcdd9b44d7ee19015556a2d84f48762.thumbnail.jpg</path>
	<source>
		<database>Unknown</database>
	</source>
	<size>
		<width>640</width>
		<height>640</height>
		<depth>3</depth>
	</size>
	<segmented>0</segmented>
	<object>
		<name>Dresses</name>
		<pose>Unspecified</pose>
		<truncated>0</truncated>
		<difficult>0</difficult>
		<bndbox>
			<xmin>108</xmin>
			<ymin>123</ymin>
			<xmax>246</xmax>
			<ymax>365</ymax>
		</bndbox>
	</object>
	<object>
		<name>Dresses</name>
		<pose>Unspecified</pose>
		<truncated>0</truncated>
		<difficult>0</difficult>
		<bndbox>
			<xmin>314</xmin>
			<ymin>216</ymin>
			<xmax>532</xmax>
			<ymax>483</ymax>
		</bndbox>
	</object>
</annotation>
