<annotation>
	<folder>samples</folder>
	<filename>49091897_4f9cfead39c80fa45c18aa01bea5c3f1.thumbnail.jpg</filename>
	<path>/Users/jingyuanpan/Downloads/ProductImageSegmentation-master/samples/49091897_4f9cfead39c80fa45c18aa01bea5c3f1.thumbnail.jpg</path>
	<source>
		<database>Unknown</database>
	</source>
	<size>
		<width>640</width>
		<height>640</height>
		<depth>3</depth>
	</size>
	<segmented>0</segmented>
	<object>
		<name>Dresses</name>
		<pose>Unspecified</pose>
		<truncated>0</truncated>
		<difficult>0</difficult>
		<bndbox>
			<xmin>208</xmin>
			<ymin>157</ymin>
			<xmax>378</xmax>
			<ymax>584</ymax>
		</bndbox>
	</object>
</annotation>
