<annotation>
	<folder>samples</folder>
	<filename>5284899_dc0c6fdf08962949e3961331af56208d.thumbnail.jpg</filename>
	<path>/Users/jingyuanpan/Downloads/ProductImageSegmentation-master/samples/5284899_dc0c6fdf08962949e3961331af56208d.thumbnail.jpg</path>
	<source>
		<database>Unknown</database>
	</source>
	<size>
		<width>580</width>
		<height>640</height>
		<depth>3</depth>
	</size>
	<segmented>0</segmented>
	<object>
		<name>Dresses</name>
		<pose>Unspecified</pose>
		<truncated>0</truncated>
		<difficult>0</difficult>
		<bndbox>
			<xmin>198</xmin>
			<ymin>151</ymin>
			<xmax>349</xmax>
			<ymax>570</ymax>
		</bndbox>
	</object>
</annotation>
