<annotation>
	<folder>samples</folder>
	<filename>6070547_40e32e56eaaca888beaff4063870d9fd.thumbnail.jpg</filename>
	<path>/Users/jingyuanpan/Downloads/ProductImageSegmentation-master/samples/6070547_40e32e56eaaca888beaff4063870d9fd.thumbnail.jpg</path>
	<source>
		<database>Unknown</database>
	</source>
	<size>
		<width>640</width>
		<height>610</height>
		<depth>3</depth>
	</size>
	<segmented>0</segmented>
	<object>
		<name>Dresses</name>
		<pose>Unspecified</pose>
		<truncated>1</truncated>
		<difficult>0</difficult>
		<bndbox>
			<xmin>90</xmin>
			<ymin>16</ymin>
			<xmax>596</xmax>
			<ymax>610</ymax>
		</bndbox>
	</object>
</annotation>
