<annotation>
	<folder>samples</folder>
	<filename>6929454_cc1b3e560a058fc1187bdd067b0d115f.thumbnail.jpg</filename>
	<path>/Users/jingyuanpan/Downloads/ProductImageSegmentation-master/samples/6929454_cc1b3e560a058fc1187bdd067b0d115f.thumbnail.jpg</path>
	<source>
		<database>Unknown</database>
	</source>
	<size>
		<width>550</width>
		<height>550</height>
		<depth>3</depth>
	</size>
	<segmented>0</segmented>
	<object>
		<name>Dresses</name>
		<pose>Unspecified</pose>
		<truncated>0</truncated>
		<difficult>0</difficult>
		<bndbox>
			<xmin>197</xmin>
			<ymin>47</ymin>
			<xmax>369</xmax>
			<ymax>412</ymax>
		</bndbox>
	</object>
</annotation>
