<annotation>
	<folder>samples</folder>
	<filename>8629752_4c34a1a7911d7477f15e4f860a91618b.thumbnail.jpg</filename>
	<path>/Users/jingyuanpan/Downloads/ProductImageSegmentation-master/samples/8629752_4c34a1a7911d7477f15e4f860a91618b.thumbnail.jpg</path>
	<source>
		<database>Unknown</database>
	</source>
	<size>
		<width>640</width>
		<height>640</height>
		<depth>3</depth>
	</size>
	<segmented>0</segmented>
	<object>
		<name>Dresses</name>
		<pose>Unspecified</pose>
		<truncated>0</truncated>
		<difficult>0</difficult>
		<bndbox>
			<xmin>137</xmin>
			<ymin>93</ymin>
			<xmax>285</xmax>
			<ymax>327</ymax>
		</bndbox>
	</object>
	<object>
		<name>Dresses</name>
		<pose>Unspecified</pose>
		<truncated>0</truncated>
		<difficult>0</difficult>
		<bndbox>
			<xmin>325</xmin>
			<ymin>279</ymin>
			<xmax>526</xmax>
			<ymax>586</ymax>
		</bndbox>
	</object>
</annotation>
