<annotation>
	<folder>samples</folder>
	<filename>899919_b628999df406d670550d20c39dbf2bef.thumbnail.jpg</filename>
	<path>/Users/jingyuanpan/Downloads/ProductImageSegmentation-master/samples/899919_b628999df406d670550d20c39dbf2bef.thumbnail.jpg</path>
	<source>
		<database>Unknown</database>
	</source>
	<size>
		<width>640</width>
		<height>640</height>
		<depth>3</depth>
	</size>
	<segmented>0</segmented>
	<object>
		<name>Dresses</name>
		<pose>Unspecified</pose>
		<truncated>1</truncated>
		<difficult>0</difficult>
		<bndbox>
			<xmin>15</xmin>
			<ymin>5</ymin>
			<xmax>615</xmax>
			<ymax>640</ymax>
		</bndbox>
	</object>
</annotation>
