<annotation>
	<folder>samples</folder>
	<filename>9219170_e71b40ad0ddb8470329ac368865f0771.thumbnail.jpg</filename>
	<path>/Users/jingyuanpan/Downloads/ProductImageSegmentation-master/samples/9219170_e71b40ad0ddb8470329ac368865f0771.thumbnail.jpg</path>
	<source>
		<database>Unknown</database>
	</source>
	<size>
		<width>640</width>
		<height>640</height>
		<depth>3</depth>
	</size>
	<segmented>0</segmented>
	<object>
		<name>Dresses</name>
		<pose>Unspecified</pose>
		<truncated>1</truncated>
		<difficult>0</difficult>
		<bndbox>
			<xmin>233</xmin>
			<ymin>24</ymin>
			<xmax>401</xmax>
			<ymax>640</ymax>
		</bndbox>
	</object>
</annotation>
