<annotation>
	<folder>samples</folder>
	<filename>10268834_55e31c48956348cb61924ba06f7f47c2.thumbnail.jpg</filename>
	<path>C:\Users\Wei Zhang\Documents\GitHub\ProductImageSegmentation\samples\10268834_55e31c48956348cb61924ba06f7f47c2.thumbnail.jpg</path>
	<source>
		<database>Unknown</database>
	</source>
	<size>
		<width>640</width>
		<height>640</height>
		<depth>3</depth>
	</size>
	<segmented>0</segmented>
	<object>
		<name>Pants_Leggings</name>
		<pose>Unspecified</pose>
		<truncated>0</truncated>
		<difficult>0</difficult>
		<bndbox>
			<xmin>223</xmin>
			<ymin>112</ymin>
			<xmax>455</xmax>
			<ymax>442</ymax>
		</bndbox>
	</object>
</annotation>
