<annotation>
	<folder>samples</folder>
	<filename>10265807_6d2c363a54766a2ce0e134f0ca52730e.thumbnail.jpg</filename>
	<path>C:\Users\Wei Zhang\Documents\GitHub\ProductImageSegmentation\samples\10265807_6d2c363a54766a2ce0e134f0ca52730e.thumbnail.jpg</path>
	<source>
		<database>Unknown</database>
	</source>
	<size>
		<width>601</width>
		<height>640</height>
		<depth>3</depth>
	</size>
	<segmented>0</segmented>
	<object>
		<name>Pants_Leggings</name>
		<pose>Unspecified</pose>
		<truncated>0</truncated>
		<difficult>0</difficult>
		<bndbox>
			<xmin>209</xmin>
			<ymin>106</ymin>
			<xmax>425</xmax>
			<ymax>592</ymax>
		</bndbox>
	</object>
</annotation>
