<annotation>
	<folder>samples</folder>
	<filename>10375540_03e53898ddac9c0b1ef5302c0775c0c7.thumbnail.jpg</filename>
	<path>C:\Users\Wei Zhang\Documents\GitHub\ProductImageSegmentation\samples\10375540_03e53898ddac9c0b1ef5302c0775c0c7.thumbnail.jpg</path>
	<source>
		<database>Unknown</database>
	</source>
	<size>
		<width>640</width>
		<height>640</height>
		<depth>3</depth>
	</size>
	<segmented>0</segmented>
	<object>
		<name>Pants_Leggings</name>
		<pose>Unspecified</pose>
		<truncated>0</truncated>
		<difficult>0</difficult>
		<bndbox>
			<xmin>187</xmin>
			<ymin>8</ymin>
			<xmax>422</xmax>
			<ymax>474</ymax>
		</bndbox>
	</object>
</annotation>
