<annotation>
	<folder>samples</folder>
	<filename>10577886_f038abff2ef2b9b71eb9cef78a4c3280.thumbnail.jpg</filename>
	<path>C:\Users\Wei Zhang\Documents\GitHub\ProductImageSegmentation\samples\10577886_f038abff2ef2b9b71eb9cef78a4c3280.thumbnail.jpg</path>
	<source>
		<database>Unknown</database>
	</source>
	<size>
		<width>640</width>
		<height>640</height>
		<depth>3</depth>
	</size>
	<segmented>0</segmented>
	<object>
		<name>Pants_Leggings</name>
		<pose>Unspecified</pose>
		<truncated>1</truncated>
		<difficult>0</difficult>
		<bndbox>
			<xmin>67</xmin>
			<ymin>46</ymin>
			<xmax>466</xmax>
			<ymax>640</ymax>
		</bndbox>
	</object>
</annotation>
