<annotation>
	<folder>samples</folder>
	<filename>10623302_0aff7f3da3b227233dd13913579acdb6.thumbnail.jpg</filename>
	<path>C:\Users\Wei Zhang\Documents\GitHub\ProductImageSegmentation\samples\10623302_0aff7f3da3b227233dd13913579acdb6.thumbnail.jpg</path>
	<source>
		<database>Unknown</database>
	</source>
	<size>
		<width>640</width>
		<height>571</height>
		<depth>3</depth>
	</size>
	<segmented>0</segmented>
	<object>
		<name>Pants_Leggings</name>
		<pose>Unspecified</pose>
		<truncated>1</truncated>
		<difficult>0</difficult>
		<bndbox>
			<xmin>227</xmin>
			<ymin>370</ymin>
			<xmax>440</xmax>
			<ymax>571</ymax>
		</bndbox>
	</object>
</annotation>
