<annotation>
	<folder>samples</folder>
	<filename>10741083_aa8e7024db5a7e691fb23f6228766a06.thumbnail.jpg</filename>
	<path>C:\Users\Wei Zhang\Documents\GitHub\ProductImageSegmentation\samples\10741083_aa8e7024db5a7e691fb23f6228766a06.thumbnail.jpg</path>
	<source>
		<database>Unknown</database>
	</source>
	<size>
		<width>640</width>
		<height>640</height>
		<depth>3</depth>
	</size>
	<segmented>0</segmented>
	<object>
		<name>Pants_Leggings</name>
		<pose>Unspecified</pose>
		<truncated>0</truncated>
		<difficult>0</difficult>
		<bndbox>
			<xmin>82</xmin>
			<ymin>358</ymin>
			<xmax>191</xmax>
			<ymax>545</ymax>
		</bndbox>
	</object>
	<object>
		<name>Pants_Leggings</name>
		<pose>Unspecified</pose>
		<truncated>0</truncated>
		<difficult>0</difficult>
		<bndbox>
			<xmin>442</xmin>
			<ymin>348</ymin>
			<xmax>552</xmax>
			<ymax>546</ymax>
		</bndbox>
	</object>
</annotation>
