<annotation>
	<folder>samples</folder>
	<filename>11218395_79118061a71e0b508e541f0c0c13f181.thumbnail.jpg</filename>
	<path>C:\Users\Wei Zhang\Documents\GitHub\ProductImageSegmentation\samples\11218395_79118061a71e0b508e541f0c0c13f181.thumbnail.jpg</path>
	<source>
		<database>Unknown</database>
	</source>
	<size>
		<width>640</width>
		<height>640</height>
		<depth>3</depth>
	</size>
	<segmented>0</segmented>
	<object>
		<name>Pants_Leggings</name>
		<pose>Unspecified</pose>
		<truncated>0</truncated>
		<difficult>0</difficult>
		<bndbox>
			<xmin>250</xmin>
			<ymin>313</ymin>
			<xmax>356</xmax>
			<ymax>558</ymax>
		</bndbox>
	</object>
</annotation>
