<annotation>
	<folder>samples</folder>
	<filename>11595881_f57eb7098d7e0a01d3397bb4818beb3c.thumbnail.jpg</filename>
	<path>C:\Users\Wei Zhang\Documents\GitHub\ProductImageSegmentation\samples\11595881_f57eb7098d7e0a01d3397bb4818beb3c.thumbnail.jpg</path>
	<source>
		<database>Unknown</database>
	</source>
	<size>
		<width>640</width>
		<height>640</height>
		<depth>3</depth>
	</size>
	<segmented>0</segmented>
	<object>
		<name>Pants_Leggings</name>
		<pose>Unspecified</pose>
		<truncated>1</truncated>
		<difficult>0</difficult>
		<bndbox>
			<xmin>38</xmin>
			<ymin>400</ymin>
			<xmax>444</xmax>
			<ymax>640</ymax>
		</bndbox>
	</object>
</annotation>
