<annotation>
	<folder>samples</folder>
	<filename>12068173_3774ceb1cfacccc4be3fab7840da8642.thumbnail.jpg</filename>
	<path>C:\Users\Wei Zhang\Documents\GitHub\ProductImageSegmentation\samples\12068173_3774ceb1cfacccc4be3fab7840da8642.thumbnail.jpg</path>
	<source>
		<database>Unknown</database>
	</source>
	<size>
		<width>640</width>
		<height>640</height>
		<depth>3</depth>
	</size>
	<segmented>0</segmented>
	<object>
		<name>Pants_Leggings</name>
		<pose>Unspecified</pose>
		<truncated>0</truncated>
		<difficult>0</difficult>
		<bndbox>
			<xmin>207</xmin>
			<ymin>369</ymin>
			<xmax>334</xmax>
			<ymax>540</ymax>
		</bndbox>
	</object>
</annotation>
