<annotation>
	<folder>samples</folder>
	<filename>12239593_be5f551254bae59eb6514f06356f7702.thumbnail.jpg</filename>
	<path>C:\Users\Wei Zhang\Documents\GitHub\ProductImageSegmentation\samples\12239593_be5f551254bae59eb6514f06356f7702.thumbnail.jpg</path>
	<source>
		<database>Unknown</database>
	</source>
	<size>
		<width>640</width>
		<height>640</height>
		<depth>3</depth>
	</size>
	<segmented>0</segmented>
	<object>
		<name>Pants_Leggings</name>
		<pose>Unspecified</pose>
		<truncated>1</truncated>
		<difficult>0</difficult>
		<bndbox>
			<xmin>138</xmin>
			<ymin>390</ymin>
			<xmax>545</xmax>
			<ymax>640</ymax>
		</bndbox>
	</object>
</annotation>
