<annotation>
	<folder>samples</folder>
	<filename>13517821_7a4f60b2c7072ff936c2df5d7414258c.thumbnail.jpg</filename>
	<path>C:\Users\Wei Zhang\Documents\GitHub\ProductImageSegmentation\samples\13517821_7a4f60b2c7072ff936c2df5d7414258c.thumbnail.jpg</path>
	<source>
		<database>Unknown</database>
	</source>
	<size>
		<width>640</width>
		<height>291</height>
		<depth>3</depth>
	</size>
	<segmented>0</segmented>
	<object>
		<name>Pants_Leggings</name>
		<pose>Unspecified</pose>
		<truncated>1</truncated>
		<difficult>0</difficult>
		<bndbox>
			<xmin>294</xmin>
			<ymin>99</ymin>
			<xmax>386</xmax>
			<ymax>291</ymax>
		</bndbox>
	</object>
</annotation>
