<annotation>
	<folder>samples</folder>
	<filename>13852075_d97958ae691a38bb190b8bb551e179cd.thumbnail.jpg</filename>
	<path>C:\Users\Wei Zhang\Documents\GitHub\ProductImageSegmentation\samples\13852075_d97958ae691a38bb190b8bb551e179cd.thumbnail.jpg</path>
	<source>
		<database>Unknown</database>
	</source>
	<size>
		<width>640</width>
		<height>640</height>
		<depth>3</depth>
	</size>
	<segmented>0</segmented>
	<object>
		<name>Pants_Leggings</name>
		<pose>Unspecified</pose>
		<truncated>0</truncated>
		<difficult>0</difficult>
		<bndbox>
			<xmin>289</xmin>
			<ymin>331</ymin>
			<xmax>401</xmax>
			<ymax>523</ymax>
		</bndbox>
	</object>
</annotation>
