<annotation>
	<folder>samples</folder>
	<filename>14080467_52b4cbe72944c75fe85c5a9edf9041f0.thumbnail.jpg</filename>
	<path>C:\Users\Wei Zhang\Documents\GitHub\ProductImageSegmentation\samples\14080467_52b4cbe72944c75fe85c5a9edf9041f0.thumbnail.jpg</path>
	<source>
		<database>Unknown</database>
	</source>
	<size>
		<width>611</width>
		<height>611</height>
		<depth>3</depth>
	</size>
	<segmented>0</segmented>
	<object>
		<name>Pants_Leggings</name>
		<pose>Unspecified</pose>
		<truncated>1</truncated>
		<difficult>0</difficult>
		<bndbox>
			<xmin>243</xmin>
			<ymin>348</ymin>
			<xmax>450</xmax>
			<ymax>611</ymax>
		</bndbox>
	</object>
</annotation>
