<annotation>
	<folder>samples</folder>
	<filename>14312298_2a616bec0b43229124c57335d65f305a.thumbnail.jpg</filename>
	<path>C:\Users\Wei Zhang\Documents\GitHub\ProductImageSegmentation\samples\14312298_2a616bec0b43229124c57335d65f305a.thumbnail.jpg</path>
	<source>
		<database>Unknown</database>
	</source>
	<size>
		<width>640</width>
		<height>640</height>
		<depth>3</depth>
	</size>
	<segmented>0</segmented>
	<object>
		<name>Pants_Leggings</name>
		<pose>Unspecified</pose>
		<truncated>0</truncated>
		<difficult>0</difficult>
		<bndbox>
			<xmin>212</xmin>
			<ymin>447</ymin>
			<xmax>468</xmax>
			<ymax>591</ymax>
		</bndbox>
	</object>
</annotation>
