<annotation>
	<folder>samples</folder>
	<filename>14454893_067aa91ed8551d38357082ac20fd89fe.thumbnail.jpg</filename>
	<path>C:\Users\Wei Zhang\Documents\GitHub\ProductImageSegmentation\samples\14454893_067aa91ed8551d38357082ac20fd89fe.thumbnail.jpg</path>
	<source>
		<database>Unknown</database>
	</source>
	<size>
		<width>640</width>
		<height>640</height>
		<depth>3</depth>
	</size>
	<segmented>0</segmented>
	<object>
		<name>Pants_Leggings</name>
		<pose>Unspecified</pose>
		<truncated>0</truncated>
		<difficult>0</difficult>
		<bndbox>
			<xmin>242</xmin>
			<ymin>93</ymin>
			<xmax>414</xmax>
			<ymax>489</ymax>
		</bndbox>
	</object>
</annotation>
