<annotation>
	<folder>samples</folder>
	<filename>14849227_b1c5379abbb79f8e8fdd9681b5149157.thumbnail.jpg</filename>
	<path>C:\Users\Wei Zhang\Documents\GitHub\ProductImageSegmentation\samples\14849227_b1c5379abbb79f8e8fdd9681b5149157.thumbnail.jpg</path>
	<source>
		<database>Unknown</database>
	</source>
	<size>
		<width>640</width>
		<height>640</height>
		<depth>3</depth>
	</size>
	<segmented>0</segmented>
	<object>
		<name>Pants_Leggings</name>
		<pose>Unspecified</pose>
		<truncated>0</truncated>
		<difficult>0</difficult>
		<bndbox>
			<xmin>208</xmin>
			<ymin>118</ymin>
			<xmax>424</xmax>
			<ymax>491</ymax>
		</bndbox>
	</object>
</annotation>
