<annotation>
	<folder>samples</folder>
	<filename>14862841_1b77fbc012349efdd7f7eb76290506ee.thumbnail.jpg</filename>
	<path>C:\Users\Wei Zhang\Documents\GitHub\ProductImageSegmentation\samples\14862841_1b77fbc012349efdd7f7eb76290506ee.thumbnail.jpg</path>
	<source>
		<database>Unknown</database>
	</source>
	<size>
		<width>640</width>
		<height>640</height>
		<depth>3</depth>
	</size>
	<segmented>0</segmented>
	<object>
		<name>Pants_Leggings</name>
		<pose>Unspecified</pose>
		<truncated>1</truncated>
		<difficult>0</difficult>
		<bndbox>
			<xmin>117</xmin>
			<ymin>5</ymin>
			<xmax>504</xmax>
			<ymax>640</ymax>
		</bndbox>
	</object>
</annotation>
