<annotation>
	<folder>samples</folder>
	<filename>15233756_f6814fa847c424ddc2724b44683a04f3.thumbnail.jpg</filename>
	<path>C:\Users\Wei Zhang\Documents\GitHub\ProductImageSegmentation\samples\15233756_f6814fa847c424ddc2724b44683a04f3.thumbnail.jpg</path>
	<source>
		<database>Unknown</database>
	</source>
	<size>
		<width>480</width>
		<height>640</height>
		<depth>3</depth>
	</size>
	<segmented>0</segmented>
	<object>
		<name>Pants_Leggings</name>
		<pose>Unspecified</pose>
		<truncated>1</truncated>
		<difficult>0</difficult>
		<bndbox>
			<xmin>1</xmin>
			<ymin>158</ymin>
			<xmax>480</xmax>
			<ymax>637</ymax>
		</bndbox>
	</object>
</annotation>
