<annotation>
	<folder>samples</folder>
	<filename>16022005_0d94a0052babf368e4f79500af801773.thumbnail.jpg</filename>
	<path>C:\Users\Wei Zhang\Documents\GitHub\ProductImageSegmentation\samples\16022005_0d94a0052babf368e4f79500af801773.thumbnail.jpg</path>
	<source>
		<database>Unknown</database>
	</source>
	<size>
		<width>555</width>
		<height>640</height>
		<depth>3</depth>
	</size>
	<segmented>0</segmented>
	<object>
		<name>Pants_Leggings</name>
		<pose>Unspecified</pose>
		<truncated>0</truncated>
		<difficult>0</difficult>
		<bndbox>
			<xmin>250</xmin>
			<ymin>269</ymin>
			<xmax>456</xmax>
			<ymax>451</ymax>
		</bndbox>
	</object>
</annotation>
