<annotation>
	<folder>samples</folder>
	<filename>1625890_bfce2470e0778b9368c58036044d8e2a.thumbnail.jpg</filename>
	<path>C:\Users\Wei Zhang\Documents\GitHub\ProductImageSegmentation\samples\1625890_bfce2470e0778b9368c58036044d8e2a.thumbnail.jpg</path>
	<source>
		<database>Unknown</database>
	</source>
	<size>
		<width>640</width>
		<height>640</height>
		<depth>3</depth>
	</size>
	<segmented>0</segmented>
	<object>
		<name>Pants_Leggings</name>
		<pose>Unspecified</pose>
		<truncated>1</truncated>
		<difficult>0</difficult>
		<bndbox>
			<xmin>209</xmin>
			<ymin>474</ymin>
			<xmax>484</xmax>
			<ymax>640</ymax>
		</bndbox>
	</object>
</annotation>
