<annotation>
	<folder>samples</folder>
	<filename>16638366_9fff7a5634afd88ec9b6d26bede0e39b.thumbnail.jpg</filename>
	<path>C:\Users\Wei Zhang\Documents\GitHub\ProductImageSegmentation\samples\16638366_9fff7a5634afd88ec9b6d26bede0e39b.thumbnail.jpg</path>
	<source>
		<database>Unknown</database>
	</source>
	<size>
		<width>640</width>
		<height>457</height>
		<depth>3</depth>
	</size>
	<segmented>0</segmented>
	<object>
		<name>Pants_Leggings</name>
		<pose>Unspecified</pose>
		<truncated>1</truncated>
		<difficult>0</difficult>
		<bndbox>
			<xmin>102</xmin>
			<ymin>1</ymin>
			<xmax>548</xmax>
			<ymax>456</ymax>
		</bndbox>
	</object>
</annotation>
