<annotation>
	<folder>samples</folder>
	<filename>16819103_befbb59d88438169552e9dba1f29093d.thumbnail.jpg</filename>
	<path>C:\Users\Wei Zhang\Documents\GitHub\ProductImageSegmentation\samples\16819103_befbb59d88438169552e9dba1f29093d.thumbnail.jpg</path>
	<source>
		<database>Unknown</database>
	</source>
	<size>
		<width>640</width>
		<height>640</height>
		<depth>3</depth>
	</size>
	<segmented>0</segmented>
	<object>
		<name>Pants_Leggings</name>
		<pose>Unspecified</pose>
		<truncated>1</truncated>
		<difficult>0</difficult>
		<bndbox>
			<xmin>12</xmin>
			<ymin>24</ymin>
			<xmax>576</xmax>
			<ymax>640</ymax>
		</bndbox>
	</object>
</annotation>
