<annotation>
	<folder>samples</folder>
	<filename>17067456_3d2f0ae73759161249b1becaab30e2dc.thumbnail.jpg</filename>
	<path>C:\Users\Wei Zhang\Documents\GitHub\ProductImageSegmentation\samples\17067456_3d2f0ae73759161249b1becaab30e2dc.thumbnail.jpg</path>
	<source>
		<database>Unknown</database>
	</source>
	<size>
		<width>640</width>
		<height>640</height>
		<depth>3</depth>
	</size>
	<segmented>0</segmented>
	<object>
		<name>Pants_Leggings</name>
		<pose>Unspecified</pose>
		<truncated>1</truncated>
		<difficult>0</difficult>
		<bndbox>
			<xmin>207</xmin>
			<ymin>556</ymin>
			<xmax>442</xmax>
			<ymax>640</ymax>
		</bndbox>
	</object>
</annotation>
