<annotation>
	<folder>samples</folder>
	<filename>17442606_5d1f676a4d8bb1da1736e9b284f2390d.thumbnail.jpg</filename>
	<path>C:\Users\Wei Zhang\Documents\GitHub\ProductImageSegmentation\samples\17442606_5d1f676a4d8bb1da1736e9b284f2390d.thumbnail.jpg</path>
	<source>
		<database>Unknown</database>
	</source>
	<size>
		<width>640</width>
		<height>640</height>
		<depth>3</depth>
	</size>
	<segmented>0</segmented>
	<object>
		<name>Pants_Leggings</name>
		<pose>Unspecified</pose>
		<truncated>0</truncated>
		<difficult>0</difficult>
		<bndbox>
			<xmin>261</xmin>
			<ymin>68</ymin>
			<xmax>463</xmax>
			<ymax>517</ymax>
		</bndbox>
	</object>
</annotation>
