<annotation>
	<folder>samples</folder>
	<filename>19286474_7e91a581902b74047cd1710e6fd42582.thumbnail.jpg</filename>
	<path>C:\Users\Wei Zhang\Documents\GitHub\ProductImageSegmentation\samples\19286474_7e91a581902b74047cd1710e6fd42582.thumbnail.jpg</path>
	<source>
		<database>Unknown</database>
	</source>
	<size>
		<width>640</width>
		<height>640</height>
		<depth>3</depth>
	</size>
	<segmented>0</segmented>
	<object>
		<name>Pants_Leggings</name>
		<pose>Unspecified</pose>
		<truncated>1</truncated>
		<difficult>0</difficult>
		<bndbox>
			<xmin>188</xmin>
			<ymin>1</ymin>
			<xmax>459</xmax>
			<ymax>541</ymax>
		</bndbox>
	</object>
</annotation>
