<annotation>
	<folder>samples</folder>
	<filename>20369126_39a6d43149f27449dcee7a4d2ddac657.thumbnail.jpg</filename>
	<path>C:\Users\Wei Zhang\Documents\GitHub\ProductImageSegmentation\samples\20369126_39a6d43149f27449dcee7a4d2ddac657.thumbnail.jpg</path>
	<source>
		<database>Unknown</database>
	</source>
	<size>
		<width>640</width>
		<height>640</height>
		<depth>3</depth>
	</size>
	<segmented>0</segmented>
	<object>
		<name>Pants_Leggings</name>
		<pose>Unspecified</pose>
		<truncated>0</truncated>
		<difficult>0</difficult>
		<bndbox>
			<xmin>221</xmin>
			<ymin>53</ymin>
			<xmax>386</xmax>
			<ymax>502</ymax>
		</bndbox>
	</object>
</annotation>
