<annotation>
	<folder>samples</folder>
	<filename>20417491_dd328293a021b0f4861ccc09543c91ed.thumbnail.jpg</filename>
	<path>C:\Users\Wei Zhang\Documents\GitHub\ProductImageSegmentation\samples\20417491_dd328293a021b0f4861ccc09543c91ed.thumbnail.jpg</path>
	<source>
		<database>Unknown</database>
	</source>
	<size>
		<width>640</width>
		<height>640</height>
		<depth>3</depth>
	</size>
	<segmented>0</segmented>
	<object>
		<name>Pants_Leggings</name>
		<pose>Unspecified</pose>
		<truncated>0</truncated>
		<difficult>0</difficult>
		<bndbox>
			<xmin>282</xmin>
			<ymin>247</ymin>
			<xmax>386</xmax>
			<ymax>511</ymax>
		</bndbox>
	</object>
</annotation>
