<annotation>
	<folder>samples</folder>
	<filename>20537606_0ff26f1ccb06871ad3a2f2d3ad49cc1b.thumbnail.jpg</filename>
	<path>C:\Users\Wei Zhang\Documents\GitHub\ProductImageSegmentation\samples\20537606_0ff26f1ccb06871ad3a2f2d3ad49cc1b.thumbnail.jpg</path>
	<source>
		<database>Unknown</database>
	</source>
	<size>
		<width>600</width>
		<height>600</height>
		<depth>3</depth>
	</size>
	<segmented>0</segmented>
	<object>
		<name>Pants_Leggings</name>
		<pose>Unspecified</pose>
		<truncated>0</truncated>
		<difficult>0</difficult>
		<bndbox>
			<xmin>122</xmin>
			<ymin>241</ymin>
			<xmax>255</xmax>
			<ymax>482</ymax>
		</bndbox>
	</object>
</annotation>
