<annotation>
	<folder>samples</folder>
	<filename>20683280_ed9be672a34047d9336105c7d8c6b936.thumbnail.jpg</filename>
	<path>C:\Users\Wei Zhang\Documents\GitHub\ProductImageSegmentation\samples\20683280_ed9be672a34047d9336105c7d8c6b936.thumbnail.jpg</path>
	<source>
		<database>Unknown</database>
	</source>
	<size>
		<width>640</width>
		<height>640</height>
		<depth>3</depth>
	</size>
	<segmented>0</segmented>
	<object>
		<name>Pants_Leggings</name>
		<pose>Unspecified</pose>
		<truncated>0</truncated>
		<difficult>0</difficult>
		<bndbox>
			<xmin>281</xmin>
			<ymin>409</ymin>
			<xmax>495</xmax>
			<ymax>583</ymax>
		</bndbox>
	</object>
</annotation>
