<annotation>
	<folder>samples</folder>
	<filename>20777272_150dad817787cc94de6ffd6a8776d324.thumbnail.jpg</filename>
	<path>C:\Users\Wei Zhang\Documents\GitHub\ProductImageSegmentation\samples\20777272_150dad817787cc94de6ffd6a8776d324.thumbnail.jpg</path>
	<source>
		<database>Unknown</database>
	</source>
	<size>
		<width>640</width>
		<height>640</height>
		<depth>3</depth>
	</size>
	<segmented>0</segmented>
	<object>
		<name>Pants_Leggings</name>
		<pose>Unspecified</pose>
		<truncated>0</truncated>
		<difficult>0</difficult>
		<bndbox>
			<xmin>228</xmin>
			<ymin>353</ymin>
			<xmax>417</xmax>
			<ymax>578</ymax>
		</bndbox>
	</object>
</annotation>
