<annotation>
	<folder>samples</folder>
	<filename>22049521_5942e58b23d25add76cd84f641b38cea.thumbnail.jpg</filename>
	<path>C:\Users\Wei Zhang\Documents\GitHub\ProductImageSegmentation\samples\22049521_5942e58b23d25add76cd84f641b38cea.thumbnail.jpg</path>
	<source>
		<database>Unknown</database>
	</source>
	<size>
		<width>640</width>
		<height>640</height>
		<depth>3</depth>
	</size>
	<segmented>0</segmented>
	<object>
		<name>Pants_Leggings</name>
		<pose>Unspecified</pose>
		<truncated>0</truncated>
		<difficult>0</difficult>
		<bndbox>
			<xmin>241</xmin>
			<ymin>188</ymin>
			<xmax>394</xmax>
			<ymax>544</ymax>
		</bndbox>
	</object>
</annotation>
