<annotation>
	<folder>samples</folder>
	<filename>23779815_3cf46f982ab3d00a11aaa50210c1942a.thumbnail.jpg</filename>
	<path>C:\Users\Wei Zhang\Documents\GitHub\ProductImageSegmentation\samples\23779815_3cf46f982ab3d00a11aaa50210c1942a.thumbnail.jpg</path>
	<source>
		<database>Unknown</database>
	</source>
	<size>
		<width>640</width>
		<height>640</height>
		<depth>3</depth>
	</size>
	<segmented>0</segmented>
	<object>
		<name>Pants_Leggings</name>
		<pose>Unspecified</pose>
		<truncated>0</truncated>
		<difficult>0</difficult>
		<bndbox>
			<xmin>205</xmin>
			<ymin>33</ymin>
			<xmax>472</xmax>
			<ymax>609</ymax>
		</bndbox>
	</object>
</annotation>
