<annotation>
	<folder>samples</folder>
	<filename>23907393_d1cdd18da19298adddd654ed34ac0a7e.thumbnail.jpg</filename>
	<path>C:\Users\Wei Zhang\Documents\GitHub\ProductImageSegmentation\samples\23907393_d1cdd18da19298adddd654ed34ac0a7e.thumbnail.jpg</path>
	<source>
		<database>Unknown</database>
	</source>
	<size>
		<width>479</width>
		<height>640</height>
		<depth>3</depth>
	</size>
	<segmented>0</segmented>
	<object>
		<name>Pants_Leggings</name>
		<pose>Unspecified</pose>
		<truncated>1</truncated>
		<difficult>0</difficult>
		<bndbox>
			<xmin>41</xmin>
			<ymin>51</ymin>
			<xmax>479</xmax>
			<ymax>639</ymax>
		</bndbox>
	</object>
</annotation>
