<annotation>
	<folder>samples</folder>
	<filename>30259058_df88c4ac5261bf15a2067fd5efa6c5f0.thumbnail.jpg</filename>
	<path>C:\Users\Wei Zhang\Documents\GitHub\ProductImageSegmentation\samples\30259058_df88c4ac5261bf15a2067fd5efa6c5f0.thumbnail.jpg</path>
	<source>
		<database>Unknown</database>
	</source>
	<size>
		<width>480</width>
		<height>640</height>
		<depth>3</depth>
	</size>
	<segmented>0</segmented>
	<object>
		<name>Pants_Leggings</name>
		<pose>Unspecified</pose>
		<truncated>0</truncated>
		<difficult>0</difficult>
		<bndbox>
			<xmin>184</xmin>
			<ymin>389</ymin>
			<xmax>292</xmax>
			<ymax>535</ymax>
		</bndbox>
	</object>
</annotation>
