<annotation>
	<folder>samples</folder>
	<filename>30326124_d63b7b7db827b2f07e4133a617fa8d94.thumbnail.jpg</filename>
	<path>C:\Users\Wei Zhang\Documents\GitHub\ProductImageSegmentation\samples\30326124_d63b7b7db827b2f07e4133a617fa8d94.thumbnail.jpg</path>
	<source>
		<database>Unknown</database>
	</source>
	<size>
		<width>540</width>
		<height>540</height>
		<depth>3</depth>
	</size>
	<segmented>0</segmented>
	<object>
		<name>Pants_Leggings</name>
		<pose>Unspecified</pose>
		<truncated>0</truncated>
		<difficult>0</difficult>
		<bndbox>
			<xmin>157</xmin>
			<ymin>91</ymin>
			<xmax>484</xmax>
			<ymax>376</ymax>
		</bndbox>
	</object>
</annotation>
