<annotation>
	<folder>samples</folder>
	<filename>3067358_5475e66be547dca9795fb21127ab0d09.thumbnail.jpg</filename>
	<path>C:\Users\Wei Zhang\Documents\GitHub\ProductImageSegmentation\samples\3067358_5475e66be547dca9795fb21127ab0d09.thumbnail.jpg</path>
	<source>
		<database>Unknown</database>
	</source>
	<size>
		<width>640</width>
		<height>640</height>
		<depth>3</depth>
	</size>
	<segmented>0</segmented>
	<object>
		<name>Pants_Leggings</name>
		<pose>Unspecified</pose>
		<truncated>0</truncated>
		<difficult>0</difficult>
		<bndbox>
			<xmin>382</xmin>
			<ymin>366</ymin>
			<xmax>531</xmax>
			<ymax>559</ymax>
		</bndbox>
	</object>
	<object>
		<name>Pants_Leggings</name>
		<pose>Unspecified</pose>
		<truncated>1</truncated>
		<difficult>0</difficult>
		<bndbox>
			<xmin>19</xmin>
			<ymin>529</ymin>
			<xmax>253</xmax>
			<ymax>640</ymax>
		</bndbox>
	</object>
</annotation>
