<annotation>
	<folder>samples</folder>
	<filename>3278860_8e12a6bc39c4332a2e7f1a7c827f0b49.thumbnail.jpg</filename>
	<path>C:\Users\Wei Zhang\Documents\GitHub\ProductImageSegmentation\samples\3278860_8e12a6bc39c4332a2e7f1a7c827f0b49.thumbnail.jpg</path>
	<source>
		<database>Unknown</database>
	</source>
	<size>
		<width>517</width>
		<height>517</height>
		<depth>3</depth>
	</size>
	<segmented>0</segmented>
	<object>
		<name>Pants_Leggings</name>
		<pose>Unspecified</pose>
		<truncated>0</truncated>
		<difficult>0</difficult>
		<bndbox>
			<xmin>76</xmin>
			<ymin>128</ymin>
			<xmax>187</xmax>
			<ymax>380</ymax>
		</bndbox>
	</object>
	<object>
		<name>Pants_Leggings</name>
		<pose>Unspecified</pose>
		<truncated>0</truncated>
		<difficult>0</difficult>
		<bndbox>
			<xmin>357</xmin>
			<ymin>126</ymin>
			<xmax>482</xmax>
			<ymax>388</ymax>
		</bndbox>
	</object>
</annotation>
