<annotation>
	<folder>samples</folder>
	<filename>33654149_a3f0b28e0bbe4ccde4dec5e913842469.thumbnail.jpg</filename>
	<path>C:\Users\Wei Zhang\Documents\GitHub\ProductImageSegmentation\samples\33654149_a3f0b28e0bbe4ccde4dec5e913842469.thumbnail.jpg</path>
	<source>
		<database>Unknown</database>
	</source>
	<size>
		<width>600</width>
		<height>600</height>
		<depth>3</depth>
	</size>
	<segmented>0</segmented>
	<object>
		<name>Pants_Leggings</name>
		<pose>Unspecified</pose>
		<truncated>1</truncated>
		<difficult>0</difficult>
		<bndbox>
			<xmin>217</xmin>
			<ymin>425</ymin>
			<xmax>387</xmax>
			<ymax>600</ymax>
		</bndbox>
	</object>
</annotation>
