<annotation>
	<folder>samples</folder>
	<filename>34403160_bee5fec577a5968ce05a142385081dff.thumbnail.jpg</filename>
	<path>C:\Users\Wei Zhang\Documents\GitHub\ProductImageSegmentation\samples\34403160_bee5fec577a5968ce05a142385081dff.thumbnail.jpg</path>
	<source>
		<database>Unknown</database>
	</source>
	<size>
		<width>640</width>
		<height>640</height>
		<depth>3</depth>
	</size>
	<segmented>0</segmented>
	<object>
		<name>Pants_Leggings</name>
		<pose>Unspecified</pose>
		<truncated>0</truncated>
		<difficult>0</difficult>
		<bndbox>
			<xmin>104</xmin>
			<ymin>151</ymin>
			<xmax>253</xmax>
			<ymax>485</ymax>
		</bndbox>
	</object>
	<object>
		<name>Pants_Leggings</name>
		<pose>Unspecified</pose>
		<truncated>0</truncated>
		<difficult>0</difficult>
		<bndbox>
			<xmin>402</xmin>
			<ymin>156</ymin>
			<xmax>534</xmax>
			<ymax>471</ymax>
		</bndbox>
	</object>
</annotation>
