<annotation>
	<folder>samples</folder>
	<filename>34481576_8d167c1986dc1e7155e3cb201db5abec.thumbnail.jpg</filename>
	<path>C:\Users\Wei Zhang\Documents\GitHub\ProductImageSegmentation\samples\34481576_8d167c1986dc1e7155e3cb201db5abec.thumbnail.jpg</path>
	<source>
		<database>Unknown</database>
	</source>
	<size>
		<width>640</width>
		<height>640</height>
		<depth>3</depth>
	</size>
	<segmented>0</segmented>
	<object>
		<name>Pants_Leggings</name>
		<pose>Unspecified</pose>
		<truncated>1</truncated>
		<difficult>0</difficult>
		<bndbox>
			<xmin>255</xmin>
			<ymin>376</ymin>
			<xmax>495</xmax>
			<ymax>640</ymax>
		</bndbox>
	</object>
</annotation>
