<annotation>
	<folder>samples</folder>
	<filename>36029347_3f29c4c56101c0c9c3330ecc7fda5919.thumbnail.jpg</filename>
	<path>C:\Users\Wei Zhang\Documents\GitHub\ProductImageSegmentation\samples\36029347_3f29c4c56101c0c9c3330ecc7fda5919.thumbnail.jpg</path>
	<source>
		<database>Unknown</database>
	</source>
	<size>
		<width>640</width>
		<height>640</height>
		<depth>3</depth>
	</size>
	<segmented>0</segmented>
	<object>
		<name>Pants_Leggings</name>
		<pose>Unspecified</pose>
		<truncated>0</truncated>
		<difficult>0</difficult>
		<bndbox>
			<xmin>152</xmin>
			<ymin>83</ymin>
			<xmax>322</xmax>
			<ymax>476</ymax>
		</bndbox>
	</object>
</annotation>
