<annotation>
	<folder>samples</folder>
	<filename>37182400_f0ce8cd53fdcea34ca728716bc29adcd.thumbnail.jpg</filename>
	<path>C:\Users\Wei Zhang\Documents\GitHub\ProductImageSegmentation\samples\37182400_f0ce8cd53fdcea34ca728716bc29adcd.thumbnail.jpg</path>
	<source>
		<database>Unknown</database>
	</source>
	<size>
		<width>636</width>
		<height>640</height>
		<depth>3</depth>
	</size>
	<segmented>0</segmented>
	<object>
		<name>Pants_Leggings</name>
		<pose>Unspecified</pose>
		<truncated>0</truncated>
		<difficult>0</difficult>
		<bndbox>
			<xmin>338</xmin>
			<ymin>299</ymin>
			<xmax>616</xmax>
			<ymax>624</ymax>
		</bndbox>
	</object>
</annotation>
