<annotation>
	<folder>samples</folder>
	<filename>37202606_e45afa93962be726c1cdd916fbf7d925.thumbnail.jpg</filename>
	<path>C:\Users\Wei Zhang\Documents\GitHub\ProductImageSegmentation\samples\37202606_e45afa93962be726c1cdd916fbf7d925.thumbnail.jpg</path>
	<source>
		<database>Unknown</database>
	</source>
	<size>
		<width>640</width>
		<height>640</height>
		<depth>3</depth>
	</size>
	<segmented>0</segmented>
	<object>
		<name>Pants_Leggings</name>
		<pose>Unspecified</pose>
		<truncated>1</truncated>
		<difficult>0</difficult>
		<bndbox>
			<xmin>159</xmin>
			<ymin>394</ymin>
			<xmax>339</xmax>
			<ymax>640</ymax>
		</bndbox>
	</object>
</annotation>
