<annotation>
	<folder>samples</folder>
	<filename>38654585_6d321f3bc18d08de32cbc8cc325f08b1.thumbnail.jpg</filename>
	<path>C:\Users\Wei Zhang\Documents\GitHub\ProductImageSegmentation\samples\38654585_6d321f3bc18d08de32cbc8cc325f08b1.thumbnail.jpg</path>
	<source>
		<database>Unknown</database>
	</source>
	<size>
		<width>640</width>
		<height>640</height>
		<depth>3</depth>
	</size>
	<segmented>0</segmented>
	<object>
		<name>Pants_Leggings</name>
		<pose>Unspecified</pose>
		<truncated>1</truncated>
		<difficult>0</difficult>
		<bndbox>
			<xmin>382</xmin>
			<ymin>224</ymin>
			<xmax>592</xmax>
			<ymax>640</ymax>
		</bndbox>
	</object>
</annotation>
