<annotation>
	<folder>samples</folder>
	<filename>39056501_856fc99f842447ab5ddd26131b47c415.thumbnail.jpg</filename>
	<path>C:\Users\Wei Zhang\Documents\GitHub\ProductImageSegmentation\samples\39056501_856fc99f842447ab5ddd26131b47c415.thumbnail.jpg</path>
	<source>
		<database>Unknown</database>
	</source>
	<size>
		<width>640</width>
		<height>640</height>
		<depth>3</depth>
	</size>
	<segmented>0</segmented>
	<object>
		<name>Pants_Leggings</name>
		<pose>Unspecified</pose>
		<truncated>0</truncated>
		<difficult>0</difficult>
		<bndbox>
			<xmin>73</xmin>
			<ymin>293</ymin>
			<xmax>239</xmax>
			<ymax>436</ymax>
		</bndbox>
	</object>
	<object>
		<name>Pants_Leggings</name>
		<pose>Unspecified</pose>
		<truncated>0</truncated>
		<difficult>0</difficult>
		<bndbox>
			<xmin>388</xmin>
			<ymin>434</ymin>
			<xmax>537</xmax>
			<ymax>579</ymax>
		</bndbox>
	</object>
</annotation>
