<annotation>
	<folder>samples</folder>
	<filename>39641029_2d04c2415adf5992aac8c251f925d93f.thumbnail.jpg</filename>
	<path>C:\Users\Wei Zhang\Documents\GitHub\ProductImageSegmentation\samples\39641029_2d04c2415adf5992aac8c251f925d93f.thumbnail.jpg</path>
	<source>
		<database>Unknown</database>
	</source>
	<size>
		<width>640</width>
		<height>640</height>
		<depth>3</depth>
	</size>
	<segmented>0</segmented>
	<object>
		<name>Pants_Leggings</name>
		<pose>Unspecified</pose>
		<truncated>0</truncated>
		<difficult>0</difficult>
		<bndbox>
			<xmin>127</xmin>
			<ymin>175</ymin>
			<xmax>238</xmax>
			<ymax>450</ymax>
		</bndbox>
	</object>
	<object>
		<name>Pants_Leggings</name>
		<pose>Unspecified</pose>
		<truncated>0</truncated>
		<difficult>0</difficult>
		<bndbox>
			<xmin>429</xmin>
			<ymin>290</ymin>
			<xmax>523</xmax>
			<ymax>511</ymax>
		</bndbox>
	</object>
</annotation>
