<annotation>
	<folder>samples</folder>
	<filename>40587527_ff057e19d12c9672c158a2faf9676ad3.thumbnail.jpg</filename>
	<path>C:\Users\Wei Zhang\Documents\GitHub\ProductImageSegmentation\samples\40587527_ff057e19d12c9672c158a2faf9676ad3.thumbnail.jpg</path>
	<source>
		<database>Unknown</database>
	</source>
	<size>
		<width>554</width>
		<height>554</height>
		<depth>3</depth>
	</size>
	<segmented>0</segmented>
	<object>
		<name>Pants_Leggings</name>
		<pose>Unspecified</pose>
		<truncated>0</truncated>
		<difficult>0</difficult>
		<bndbox>
			<xmin>154</xmin>
			<ymin>415</ymin>
			<xmax>329</xmax>
			<ymax>553</ymax>
		</bndbox>
	</object>
</annotation>
