<annotation>
	<folder>samples</folder>
	<filename>41052464_17da4c3a2b1d0175808404c5153f9942.thumbnail.jpg</filename>
	<path>C:\Users\Wei Zhang\Documents\GitHub\ProductImageSegmentation\samples\41052464_17da4c3a2b1d0175808404c5153f9942.thumbnail.jpg</path>
	<source>
		<database>Unknown</database>
	</source>
	<size>
		<width>640</width>
		<height>640</height>
		<depth>3</depth>
	</size>
	<segmented>0</segmented>
	<object>
		<name>Pants_Leggings</name>
		<pose>Unspecified</pose>
		<truncated>0</truncated>
		<difficult>0</difficult>
		<bndbox>
			<xmin>65</xmin>
			<ymin>325</ymin>
			<xmax>247</xmax>
			<ymax>535</ymax>
		</bndbox>
	</object>
	<object>
		<name>Pants_Leggings</name>
		<pose>Unspecified</pose>
		<truncated>0</truncated>
		<difficult>0</difficult>
		<bndbox>
			<xmin>394</xmin>
			<ymin>316</ymin>
			<xmax>571</xmax>
			<ymax>565</ymax>
		</bndbox>
	</object>
</annotation>
