<annotation>
	<folder>samples</folder>
	<filename>41212943_58d33ab7ae0a920d1842ffe10f875e73.thumbnail.jpg</filename>
	<path>C:\Users\Wei Zhang\Documents\GitHub\ProductImageSegmentation\samples\41212943_58d33ab7ae0a920d1842ffe10f875e73.thumbnail.jpg</path>
	<source>
		<database>Unknown</database>
	</source>
	<size>
		<width>640</width>
		<height>640</height>
		<depth>3</depth>
	</size>
	<segmented>0</segmented>
	<object>
		<name>Pants_Leggings</name>
		<pose>Unspecified</pose>
		<truncated>1</truncated>
		<difficult>0</difficult>
		<bndbox>
			<xmin>254</xmin>
			<ymin>390</ymin>
			<xmax>478</xmax>
			<ymax>640</ymax>
		</bndbox>
	</object>
</annotation>
