<annotation>
	<folder>samples</folder>
	<filename>4145929_617d560eec323dedf4e13784e9848ccc.thumbnail.jpg</filename>
	<path>C:\Users\Wei Zhang\Documents\GitHub\ProductImageSegmentation\samples\4145929_617d560eec323dedf4e13784e9848ccc.thumbnail.jpg</path>
	<source>
		<database>Unknown</database>
	</source>
	<size>
		<width>640</width>
		<height>587</height>
		<depth>3</depth>
	</size>
	<segmented>0</segmented>
	<object>
		<name>Pants_Leggings</name>
		<pose>Unspecified</pose>
		<truncated>1</truncated>
		<difficult>0</difficult>
		<bndbox>
			<xmin>212</xmin>
			<ymin>427</ymin>
			<xmax>401</xmax>
			<ymax>587</ymax>
		</bndbox>
	</object>
</annotation>
