<annotation>
	<folder>samples</folder>
	<filename>41971230_2e60326402bffa1a739c8a8c996982d7.thumbnail.jpg</filename>
	<path>C:\Users\Wei Zhang\Documents\GitHub\ProductImageSegmentation\samples\41971230_2e60326402bffa1a739c8a8c996982d7.thumbnail.jpg</path>
	<source>
		<database>Unknown</database>
	</source>
	<size>
		<width>640</width>
		<height>640</height>
		<depth>3</depth>
	</size>
	<segmented>0</segmented>
	<object>
		<name>Pants_Leggings</name>
		<pose>Unspecified</pose>
		<truncated>1</truncated>
		<difficult>0</difficult>
		<bndbox>
			<xmin>144</xmin>
			<ymin>501</ymin>
			<xmax>284</xmax>
			<ymax>640</ymax>
		</bndbox>
	</object>
</annotation>
