<annotation>
	<folder>samples</folder>
	<filename>42072169_a5164fbbc076c126bced977a34289bcd.thumbnail.jpg</filename>
	<path>C:\Users\Wei Zhang\Documents\GitHub\ProductImageSegmentation\samples\42072169_a5164fbbc076c126bced977a34289bcd.thumbnail.jpg</path>
	<source>
		<database>Unknown</database>
	</source>
	<size>
		<width>400</width>
		<height>400</height>
		<depth>3</depth>
	</size>
	<segmented>0</segmented>
	<object>
		<name>Pants_Leggings</name>
		<pose>Unspecified</pose>
		<truncated>1</truncated>
		<difficult>0</difficult>
		<bndbox>
			<xmin>78</xmin>
			<ymin>98</ymin>
			<xmax>352</xmax>
			<ymax>400</ymax>
		</bndbox>
	</object>
</annotation>
