<annotation>
	<folder>samples</folder>
	<filename>42214807_33948838c6d50eedbb81b85c125d118c.thumbnail.jpg</filename>
	<path>C:\Users\Wei Zhang\Documents\GitHub\ProductImageSegmentation\samples\42214807_33948838c6d50eedbb81b85c125d118c.thumbnail.jpg</path>
	<source>
		<database>Unknown</database>
	</source>
	<size>
		<width>640</width>
		<height>640</height>
		<depth>3</depth>
	</size>
	<segmented>0</segmented>
	<object>
		<name>Pants_Leggings</name>
		<pose>Unspecified</pose>
		<truncated>0</truncated>
		<difficult>0</difficult>
		<bndbox>
			<xmin>170</xmin>
			<ymin>309</ymin>
			<xmax>319</xmax>
			<ymax>506</ymax>
		</bndbox>
	</object>
	<object>
		<name>Pants_Leggings</name>
		<pose>Unspecified</pose>
		<truncated>0</truncated>
		<difficult>0</difficult>
		<bndbox>
			<xmin>317</xmin>
			<ymin>338</ymin>
			<xmax>433</xmax>
			<ymax>497</ymax>
		</bndbox>
	</object>
</annotation>
