<annotation>
	<folder>samples</folder>
	<filename>42662450_e60c9fe0e9420fe04829bbba26004782.thumbnail.jpg</filename>
	<path>C:\Users\Wei Zhang\Documents\GitHub\ProductImageSegmentation\samples\42662450_e60c9fe0e9420fe04829bbba26004782.thumbnail.jpg</path>
	<source>
		<database>Unknown</database>
	</source>
	<size>
		<width>640</width>
		<height>640</height>
		<depth>3</depth>
	</size>
	<segmented>0</segmented>
	<object>
		<name>Pants_Leggings</name>
		<pose>Unspecified</pose>
		<truncated>1</truncated>
		<difficult>0</difficult>
		<bndbox>
			<xmin>266</xmin>
			<ymin>387</ymin>
			<xmax>476</xmax>
			<ymax>640</ymax>
		</bndbox>
	</object>
</annotation>
