<annotation>
	<folder>samples</folder>
	<filename>42762512_252b284a0ac8819aad4a23f6b3284058.thumbnail.jpg</filename>
	<path>C:\Users\Wei Zhang\Documents\GitHub\ProductImageSegmentation\samples\42762512_252b284a0ac8819aad4a23f6b3284058.thumbnail.jpg</path>
	<source>
		<database>Unknown</database>
	</source>
	<size>
		<width>640</width>
		<height>640</height>
		<depth>3</depth>
	</size>
	<segmented>0</segmented>
	<object>
		<name>Pants_Leggings</name>
		<pose>Unspecified</pose>
		<truncated>0</truncated>
		<difficult>0</difficult>
		<bndbox>
			<xmin>225</xmin>
			<ymin>99</ymin>
			<xmax>417</xmax>
			<ymax>558</ymax>
		</bndbox>
	</object>
</annotation>
