<annotation>
	<folder>samples</folder>
	<filename>4310167_9b44ed2d871130b6938e02742ba559b5.thumbnail.jpg</filename>
	<path>C:\Users\Wei Zhang\Documents\GitHub\ProductImageSegmentation\samples\4310167_9b44ed2d871130b6938e02742ba559b5.thumbnail.jpg</path>
	<source>
		<database>Unknown</database>
	</source>
	<size>
		<width>500</width>
		<height>500</height>
		<depth>3</depth>
	</size>
	<segmented>0</segmented>
	<object>
		<name>Pants_Leggings</name>
		<pose>Unspecified</pose>
		<truncated>0</truncated>
		<difficult>0</difficult>
		<bndbox>
			<xmin>85</xmin>
			<ymin>224</ymin>
			<xmax>194</xmax>
			<ymax>395</ymax>
		</bndbox>
	</object>
	<object>
		<name>Pants_Leggings</name>
		<pose>Unspecified</pose>
		<truncated>1</truncated>
		<difficult>0</difficult>
		<bndbox>
			<xmin>350</xmin>
			<ymin>347</ymin>
			<xmax>491</xmax>
			<ymax>500</ymax>
		</bndbox>
	</object>
</annotation>
