<annotation>
	<folder>samples</folder>
	<filename>43404631_8d3a6f0c53831a5ed9d8ad7723d70766.thumbnail.jpg</filename>
	<path>C:\Users\Wei Zhang\Documents\GitHub\ProductImageSegmentation\samples\43404631_8d3a6f0c53831a5ed9d8ad7723d70766.thumbnail.jpg</path>
	<source>
		<database>Unknown</database>
	</source>
	<size>
		<width>640</width>
		<height>640</height>
		<depth>3</depth>
	</size>
	<segmented>0</segmented>
	<object>
		<name>Pants_Leggings</name>
		<pose>Unspecified</pose>
		<truncated>0</truncated>
		<difficult>0</difficult>
		<bndbox>
			<xmin>245</xmin>
			<ymin>187</ymin>
			<xmax>358</xmax>
			<ymax>446</ymax>
		</bndbox>
	</object>
</annotation>
