<annotation>
	<folder>samples</folder>
	<filename>44731274_35e0c7878cc31fb0cd1040d61b1ea0e6.thumbnail.jpg</filename>
	<path>C:\Users\Wei Zhang\Documents\GitHub\ProductImageSegmentation\samples\44731274_35e0c7878cc31fb0cd1040d61b1ea0e6.thumbnail.jpg</path>
	<source>
		<database>Unknown</database>
	</source>
	<size>
		<width>640</width>
		<height>640</height>
		<depth>3</depth>
	</size>
	<segmented>0</segmented>
	<object>
		<name>Pants_Leggings</name>
		<pose>Unspecified</pose>
		<truncated>0</truncated>
		<difficult>0</difficult>
		<bndbox>
			<xmin>160</xmin>
			<ymin>56</ymin>
			<xmax>434</xmax>
			<ymax>581</ymax>
		</bndbox>
	</object>
	<object>
		<name>Pants_Leggings</name>
		<pose>Unspecified</pose>
		<truncated>0</truncated>
		<difficult>0</difficult>
		<bndbox>
			<xmin>481</xmin>
			<ymin>334</ymin>
			<xmax>594</xmax>
			<ymax>496</ymax>
		</bndbox>
	</object>
</annotation>
