<annotation>
	<folder>samples</folder>
	<filename>4573424_020733cad651874f832bf2ecd598be37.thumbnail.jpg</filename>
	<path>C:\Users\Wei Zhang\Documents\GitHub\ProductImageSegmentation\samples\4573424_020733cad651874f832bf2ecd598be37.thumbnail.jpg</path>
	<source>
		<database>Unknown</database>
	</source>
	<size>
		<width>640</width>
		<height>640</height>
		<depth>3</depth>
	</size>
	<segmented>0</segmented>
	<object>
		<name>Pants_Leggings</name>
		<pose>Unspecified</pose>
		<truncated>0</truncated>
		<difficult>0</difficult>
		<bndbox>
			<xmin>240</xmin>
			<ymin>477</ymin>
			<xmax>481</xmax>
			<ymax>636</ymax>
		</bndbox>
	</object>
</annotation>
