<annotation>
	<folder>samples</folder>
	<filename>46100287_eb5e82fd310f8de8c138859a73a0c22f.thumbnail.jpg</filename>
	<path>C:\Users\Wei Zhang\Documents\GitHub\ProductImageSegmentation\samples\46100287_eb5e82fd310f8de8c138859a73a0c22f.thumbnail.jpg</path>
	<source>
		<database>Unknown</database>
	</source>
	<size>
		<width>640</width>
		<height>640</height>
		<depth>3</depth>
	</size>
	<segmented>0</segmented>
	<object>
		<name>Pants_Leggings</name>
		<pose>Unspecified</pose>
		<truncated>0</truncated>
		<difficult>0</difficult>
		<bndbox>
			<xmin>249</xmin>
			<ymin>53</ymin>
			<xmax>457</xmax>
			<ymax>529</ymax>
		</bndbox>
	</object>
</annotation>
