<annotation>
	<folder>samples</folder>
	<filename>46898968_b0c3e47babbb5b51cef184b3b4d3ea38.thumbnail.jpg</filename>
	<path>C:\Users\Wei Zhang\Documents\GitHub\ProductImageSegmentation\samples\46898968_b0c3e47babbb5b51cef184b3b4d3ea38.thumbnail.jpg</path>
	<source>
		<database>Unknown</database>
	</source>
	<size>
		<width>640</width>
		<height>640</height>
		<depth>3</depth>
	</size>
	<segmented>0</segmented>
	<object>
		<name>Pants_Leggings</name>
		<pose>Unspecified</pose>
		<truncated>0</truncated>
		<difficult>0</difficult>
		<bndbox>
			<xmin>227</xmin>
			<ymin>346</ymin>
			<xmax>392</xmax>
			<ymax>530</ymax>
		</bndbox>
	</object>
</annotation>
