<annotation>
	<folder>samples</folder>
	<filename>46961776_064bd8fe3f9346cb170ddab4f8ba9a5c.thumbnail.jpg</filename>
	<path>C:\Users\Wei Zhang\Documents\GitHub\ProductImageSegmentation\samples\46961776_064bd8fe3f9346cb170ddab4f8ba9a5c.thumbnail.jpg</path>
	<source>
		<database>Unknown</database>
	</source>
	<size>
		<width>640</width>
		<height>640</height>
		<depth>3</depth>
	</size>
	<segmented>0</segmented>
	<object>
		<name>Pants_Leggings</name>
		<pose>Unspecified</pose>
		<truncated>0</truncated>
		<difficult>0</difficult>
		<bndbox>
			<xmin>84</xmin>
			<ymin>149</ymin>
			<xmax>230</xmax>
			<ymax>498</ymax>
		</bndbox>
	</object>
	<object>
		<name>Pants_Leggings</name>
		<pose>Unspecified</pose>
		<truncated>0</truncated>
		<difficult>0</difficult>
		<bndbox>
			<xmin>442</xmin>
			<ymin>114</ymin>
			<xmax>573</xmax>
			<ymax>506</ymax>
		</bndbox>
	</object>
</annotation>
