<annotation>
	<folder>samples</folder>
	<filename>47506481_93c73e4d0328f65b790884db0f0c3a85.thumbnail.jpg</filename>
	<path>C:\Users\Wei Zhang\Documents\GitHub\ProductImageSegmentation\samples\47506481_93c73e4d0328f65b790884db0f0c3a85.thumbnail.jpg</path>
	<source>
		<database>Unknown</database>
	</source>
	<size>
		<width>640</width>
		<height>640</height>
		<depth>3</depth>
	</size>
	<segmented>0</segmented>
	<object>
		<name>Pants_Leggings</name>
		<pose>Unspecified</pose>
		<truncated>0</truncated>
		<difficult>0</difficult>
		<bndbox>
			<xmin>89</xmin>
			<ymin>408</ymin>
			<xmax>203</xmax>
			<ymax>563</ymax>
		</bndbox>
	</object>
</annotation>
