<annotation>
	<folder>samples</folder>
	<filename>49091117_f6b9659f17be5fabf9a7ca5e0a3f5a42.thumbnail.jpg</filename>
	<path>C:\Users\Wei Zhang\Documents\GitHub\ProductImageSegmentation\samples\49091117_f6b9659f17be5fabf9a7ca5e0a3f5a42.thumbnail.jpg</path>
	<source>
		<database>Unknown</database>
	</source>
	<size>
		<width>640</width>
		<height>640</height>
		<depth>3</depth>
	</size>
	<segmented>0</segmented>
	<object>
		<name>Pants_Leggings</name>
		<pose>Unspecified</pose>
		<truncated>0</truncated>
		<difficult>0</difficult>
		<bndbox>
			<xmin>338</xmin>
			<ymin>89</ymin>
			<xmax>502</xmax>
			<ymax>513</ymax>
		</bndbox>
	</object>
</annotation>
