<annotation>
	<folder>samples</folder>
	<filename>9293365_13ef19ca8e75fee11f7d1c278d1cacef.thumbnail.jpg</filename>
	<path>C:\Users\Wei Zhang\Documents\GitHub\ProductImageSegmentation\samples\9293365_13ef19ca8e75fee11f7d1c278d1cacef.thumbnail.jpg</path>
	<source>
		<database>Unknown</database>
	</source>
	<size>
		<width>640</width>
		<height>640</height>
		<depth>3</depth>
	</size>
	<segmented>0</segmented>
	<object>
		<name>Pants_Leggings</name>
		<pose>Unspecified</pose>
		<truncated>0</truncated>
		<difficult>0</difficult>
		<bndbox>
			<xmin>363</xmin>
			<ymin>337</ymin>
			<xmax>467</xmax>
			<ymax>594</ymax>
		</bndbox>
	</object>
	<object>
		<name>Pants_Leggings</name>
		<pose>Unspecified</pose>
		<truncated>0</truncated>
		<difficult>0</difficult>
		<bndbox>
			<xmin>186</xmin>
			<ymin>360</ymin>
			<xmax>304</xmax>
			<ymax>567</ymax>
		</bndbox>
	</object>
</annotation>
