<annotation>
	<folder>samples_2</folder>
	<filename>10029170_3c1f6789036e3101beb356fede0e39c0.thumbnail.jpg</filename>
	<path>/Users/jingyuanpan/Downloads/ProductImageSegmentation-master/samples_2/10029170_3c1f6789036e3101beb356fede0e39c0.thumbnail.jpg</path>
	<source>
		<database>Unknown</database>
	</source>
	<size>
		<width>640</width>
		<height>640</height>
		<depth>3</depth>
	</size>
	<segmented>0</segmented>
	<object>
		<name>Tops</name>
		<pose>Unspecified</pose>
		<truncated>1</truncated>
		<difficult>0</difficult>
		<bndbox>
			<xmin>42</xmin>
			<ymin>5</ymin>
			<xmax>617</xmax>
			<ymax>640</ymax>
		</bndbox>
	</object>
</annotation>
