<annotation>
	<folder>samples_2</folder>
	<filename>10102464_ce79b4eab73a87572ef70968de76185b.thumbnail.jpg</filename>
	<path>/Users/jingyuanpan/Downloads/ProductImageSegmentation-master/samples_2/10102464_ce79b4eab73a87572ef70968de76185b.thumbnail.jpg</path>
	<source>
		<database>Unknown</database>
	</source>
	<size>
		<width>640</width>
		<height>640</height>
		<depth>3</depth>
	</size>
	<segmented>0</segmented>
	<object>
		<name>Pants_Leggings</name>
		<pose>Unspecified</pose>
		<truncated>0</truncated>
		<difficult>0</difficult>
		<bndbox>
			<xmin>99</xmin>
			<ymin>8</ymin>
			<xmax>422</xmax>
			<ymax>443</ymax>
		</bndbox>
	</object>
	<object>
		<name>Pants_Leggings</name>
		<pose>Unspecified</pose>
		<truncated>0</truncated>
		<difficult>0</difficult>
		<bndbox>
			<xmin>141</xmin>
			<ymin>450</ymin>
			<xmax>475</xmax>
			<ymax>633</ymax>
		</bndbox>
	</object>
</annotation>
