<annotation>
	<folder>samples_2</folder>
	<filename>10121390_a3aae496a7ec2804bcd3d051201cc206.thumbnail.jpg</filename>
	<path>/Users/jingyuanpan/Downloads/ProductImageSegmentation-master/samples_2/10121390_a3aae496a7ec2804bcd3d051201cc206.thumbnail.jpg</path>
	<source>
		<database>Unknown</database>
	</source>
	<size>
		<width>480</width>
		<height>640</height>
		<depth>3</depth>
	</size>
	<segmented>0</segmented>
	<object>
		<name>Tops</name>
		<pose>Unspecified</pose>
		<truncated>0</truncated>
		<difficult>0</difficult>
		<bndbox>
			<xmin>57</xmin>
			<ymin>142</ymin>
			<xmax>400</xmax>
			<ymax>565</ymax>
		</bndbox>
	</object>
</annotation>
