<annotation>
	<folder>samples_2</folder>
	<filename>10146005_05df5fd95cf51891c856bbf32aaf368f.thumbnail.jpg</filename>
	<path>C:\Users\Wei Zhang\Desktop\Shopee\samples_2\10146005_05df5fd95cf51891c856bbf32aaf368f.thumbnail.jpg</path>
	<source>
		<database>Unknown</database>
	</source>
	<size>
		<width>640</width>
		<height>640</height>
		<depth>3</depth>
	</size>
	<segmented>0</segmented>
	<object>
		<name>Tops</name>
		<pose>Unspecified</pose>
		<truncated>0</truncated>
		<difficult>0</difficult>
		<bndbox>
			<xmin>98</xmin>
			<ymin>10</ymin>
			<xmax>562</xmax>
			<ymax>622</ymax>
		</bndbox>
	</object>
</annotation>
