<annotation>
	<folder>samples_2</folder>
	<filename>10201206_06cb6c9819142c1d208f101bba5aa815.thumbnail.jpg</filename>
	<path>/Users/jingyuanpan/Downloads/ProductImageSegmentation-master/samples_2/10201206_06cb6c9819142c1d208f101bba5aa815.thumbnail.jpg</path>
	<source>
		<database>Unknown</database>
	</source>
	<size>
		<width>640</width>
		<height>640</height>
		<depth>3</depth>
	</size>
	<segmented>0</segmented>
	<object>
		<name>Tops</name>
		<pose>Unspecified</pose>
		<truncated>0</truncated>
		<difficult>0</difficult>
		<bndbox>
			<xmin>153</xmin>
			<ymin>142</ymin>
			<xmax>341</xmax>
			<ymax>325</ymax>
		</bndbox>
	</object>
</annotation>
