<annotation>
	<folder>samples_2</folder>
	<filename>10222782_859ac88dc5f4a6d54487517ad8d5561e.thumbnail.jpg</filename>
	<path>C:\Users\Wei Zhang\Desktop\Shopee\samples_2\10222782_859ac88dc5f4a6d54487517ad8d5561e.thumbnail.jpg</path>
	<source>
		<database>Unknown</database>
	</source>
	<size>
		<width>640</width>
		<height>640</height>
		<depth>3</depth>
	</size>
	<segmented>0</segmented>
	<object>
		<name>Dresses</name>
		<pose>Unspecified</pose>
		<truncated>0</truncated>
		<difficult>0</difficult>
		<bndbox>
			<xmin>67</xmin>
			<ymin>214</ymin>
			<xmax>222</xmax>
			<ymax>573</ymax>
		</bndbox>
	</object>
	<object>
		<name>Dresses</name>
		<pose>Unspecified</pose>
		<truncated>0</truncated>
		<difficult>0</difficult>
		<bndbox>
			<xmin>413</xmin>
			<ymin>216</ymin>
			<xmax>561</xmax>
			<ymax>564</ymax>
		</bndbox>
	</object>
</annotation>
