<annotation>
	<folder>samples_2</folder>
	<filename>10225613_fdf7ed04e4816c68b405ca869941dc2a.thumbnail.jpg</filename>
	<path>C:\Users\Wei Zhang\Desktop\Shopee\samples_2\10225613_fdf7ed04e4816c68b405ca869941dc2a.thumbnail.jpg</path>
	<source>
		<database>Unknown</database>
	</source>
	<size>
		<width>640</width>
		<height>640</height>
		<depth>3</depth>
	</size>
	<segmented>0</segmented>
	<object>
		<name>Tops</name>
		<pose>Unspecified</pose>
		<truncated>0</truncated>
		<difficult>0</difficult>
		<bndbox>
			<xmin>96</xmin>
			<ymin>35</ymin>
			<xmax>545</xmax>
			<ymax>405</ymax>
		</bndbox>
	</object>
	<object>
		<name>Tops</name>
		<pose>Unspecified</pose>
		<truncated>0</truncated>
		<difficult>0</difficult>
		<bndbox>
			<xmin>321</xmin>
			<ymin>412</ymin>
			<xmax>550</xmax>
			<ymax>629</ymax>
		</bndbox>
	</object>
</annotation>
