<annotation>
	<folder>samples_2</folder>
	<filename>10267168_2c1e1e1510664987d2c316fa7a3c593e.thumbnail.jpg</filename>
	<path>/Users/jingyuanpan/Downloads/ProductImageSegmentation-master/samples_2/10267168_2c1e1e1510664987d2c316fa7a3c593e.thumbnail.jpg</path>
	<source>
		<database>Unknown</database>
	</source>
	<size>
		<width>480</width>
		<height>640</height>
		<depth>3</depth>
	</size>
	<segmented>0</segmented>
	<object>
		<name>Tops</name>
		<pose>Unspecified</pose>
		<truncated>0</truncated>
		<difficult>0</difficult>
		<bndbox>
			<xmin>60</xmin>
			<ymin>79</ymin>
			<xmax>413</xmax>
			<ymax>594</ymax>
		</bndbox>
	</object>
</annotation>
