<annotation>
	<folder>samples_2</folder>
	<filename>10288335_c2fd3896e0edcd4d2be9d1928ad5bf36.thumbnail.jpg</filename>
	<path>/Users/jingyuanpan/Downloads/ProductImageSegmentation-master/samples_2/10288335_c2fd3896e0edcd4d2be9d1928ad5bf36.thumbnail.jpg</path>
	<source>
		<database>Unknown</database>
	</source>
	<size>
		<width>359</width>
		<height>640</height>
		<depth>3</depth>
	</size>
	<segmented>0</segmented>
	<object>
		<name>Tops</name>
		<pose>Unspecified</pose>
		<truncated>1</truncated>
		<difficult>0</difficult>
		<bndbox>
			<xmin>1</xmin>
			<ymin>87</ymin>
			<xmax>351</xmax>
			<ymax>640</ymax>
		</bndbox>
	</object>
</annotation>
