<annotation>
	<folder>samples_2</folder>
	<filename>10579132_7d902631594bffe5ba1ad051985cf4e4.thumbnail.jpg</filename>
	<path>C:\Users\Wei Zhang\Desktop\Shopee\samples_2\10579132_7d902631594bffe5ba1ad051985cf4e4.thumbnail.jpg</path>
	<source>
		<database>Unknown</database>
	</source>
	<size>
		<width>640</width>
		<height>640</height>
		<depth>3</depth>
	</size>
	<segmented>0</segmented>
	<object>
		<name>Dresses</name>
		<pose>Unspecified</pose>
		<truncated>0</truncated>
		<difficult>0</difficult>
		<bndbox>
			<xmin>251</xmin>
			<ymin>229</ymin>
			<xmax>447</xmax>
			<ymax>579</ymax>
		</bndbox>
	</object>
</annotation>
