<annotation>
	<folder>samples_2</folder>
	<filename>10642086_cfbe99cfb4a84ad13a80c9dc2918169f.thumbnail.jpg</filename>
	<path>/Users/jingyuanpan/Downloads/ProductImageSegmentation-master/samples_2/10642086_cfbe99cfb4a84ad13a80c9dc2918169f.thumbnail.jpg</path>
	<source>
		<database>Unknown</database>
	</source>
	<size>
		<width>640</width>
		<height>640</height>
		<depth>3</depth>
	</size>
	<segmented>0</segmented>
	<object>
		<name>Tops</name>
		<pose>Unspecified</pose>
		<truncated>0</truncated>
		<difficult>0</difficult>
		<bndbox>
			<xmin>157</xmin>
			<ymin>2</ymin>
			<xmax>384</xmax>
			<ymax>467</ymax>
		</bndbox>
	</object>
	<object>
		<name>Pants_Leggings</name>
		<pose>Unspecified</pose>
		<truncated>0</truncated>
		<difficult>0</difficult>
		<bndbox>
			<xmin>208</xmin>
			<ymin>461</ymin>
			<xmax>322</xmax>
			<ymax>638</ymax>
		</bndbox>
	</object>
</annotation>
