<annotation>
	<folder>samples_2</folder>
	<filename>10646154_0d8ef0bd81a72ff824af6744c99c8ccd.thumbnail.jpg</filename>
	<path>/Users/jingyuanpan/Downloads/ProductImageSegmentation-master/samples_2/10646154_0d8ef0bd81a72ff824af6744c99c8ccd.thumbnail.jpg</path>
	<source>
		<database>Unknown</database>
	</source>
	<size>
		<width>479</width>
		<height>640</height>
		<depth>3</depth>
	</size>
	<segmented>0</segmented>
	<object>
		<name>Tops</name>
		<pose>Unspecified</pose>
		<truncated>1</truncated>
		<difficult>0</difficult>
		<bndbox>
			<xmin>2</xmin>
			<ymin>28</ymin>
			<xmax>474</xmax>
			<ymax>640</ymax>
		</bndbox>
	</object>
</annotation>
