<annotation>
	<folder>samples_2</folder>
	<filename>10690817_74d10caeba1095fcf8b02fc03c82b465.thumbnail.jpg</filename>
	<path>/Users/jingyuanpan/Downloads/ProductImageSegmentation-master/samples_2/10690817_74d10caeba1095fcf8b02fc03c82b465.thumbnail.jpg</path>
	<source>
		<database>Unknown</database>
	</source>
	<size>
		<width>640</width>
		<height>640</height>
		<depth>3</depth>
	</size>
	<segmented>0</segmented>
	<object>
		<name>Lingerie</name>
		<pose>Unspecified</pose>
		<truncated>0</truncated>
		<difficult>0</difficult>
		<bndbox>
			<xmin>46</xmin>
			<ymin>157</ymin>
			<xmax>601</xmax>
			<ymax>453</ymax>
		</bndbox>
	</object>
</annotation>
