<annotation>
	<folder>samples_2</folder>
	<filename>10776530_3dfd48ae0c9d10e165536f49c665ec18.thumbnail.jpg</filename>
	<path>/Users/jingyuanpan/Downloads/ProductImageSegmentation-master/samples_2/10776530_3dfd48ae0c9d10e165536f49c665ec18.thumbnail.jpg</path>
	<source>
		<database>Unknown</database>
	</source>
	<size>
		<width>359</width>
		<height>640</height>
		<depth>3</depth>
	</size>
	<segmented>0</segmented>
	<object>
		<name>Tops</name>
		<pose>Unspecified</pose>
		<truncated>1</truncated>
		<difficult>0</difficult>
		<bndbox>
			<xmin>3</xmin>
			<ymin>1</ymin>
			<xmax>357</xmax>
			<ymax>640</ymax>
		</bndbox>
	</object>
</annotation>
