<annotation>
	<folder>samples_2</folder>
	<filename>10776959_6d5d58d12f6710ec233d1cefb97de079.thumbnail.jpg</filename>
	<path>C:\Users\Wei Zhang\Desktop\Shopee\samples_2\10776959_6d5d58d12f6710ec233d1cefb97de079.thumbnail.jpg</path>
	<source>
		<database>Unknown</database>
	</source>
	<size>
		<width>640</width>
		<height>640</height>
		<depth>3</depth>
	</size>
	<segmented>0</segmented>
	<object>
		<name>Tops</name>
		<pose>Unspecified</pose>
		<truncated>0</truncated>
		<difficult>0</difficult>
		<bndbox>
			<xmin>180</xmin>
			<ymin>169</ymin>
			<xmax>532</xmax>
			<ymax>593</ymax>
		</bndbox>
	</object>
</annotation>
