<annotation>
	<folder>samples_2</folder>
	<filename>10785579_c78fd1ed3d8986a589e4c0edfb0420d7.thumbnail.jpg</filename>
	<path>C:\Users\Wei Zhang\Desktop\Shopee\samples_2\10785579_c78fd1ed3d8986a589e4c0edfb0420d7.thumbnail.jpg</path>
	<source>
		<database>Unknown</database>
	</source>
	<size>
		<width>640</width>
		<height>640</height>
		<depth>3</depth>
	</size>
	<segmented>0</segmented>
	<object>
		<name>Tops</name>
		<pose>Unspecified</pose>
		<truncated>0</truncated>
		<difficult>0</difficult>
		<bndbox>
			<xmin>194</xmin>
			<ymin>69</ymin>
			<xmax>416</xmax>
			<ymax>369</ymax>
		</bndbox>
	</object>
	<object>
		<name>Skirts</name>
		<pose>Unspecified</pose>
		<truncated>0</truncated>
		<difficult>0</difficult>
		<bndbox>
			<xmin>226</xmin>
			<ymin>322</ymin>
			<xmax>388</xmax>
			<ymax>587</ymax>
		</bndbox>
	</object>
</annotation>
