<annotation>
	<folder>samples_2</folder>
	<filename>10832349_5a8157359d1d2ac20a743a8a3a3aef09.thumbnail.jpg</filename>
	<path>/Users/jingyuanpan/Downloads/ProductImageSegmentation-master/samples_2/10832349_5a8157359d1d2ac20a743a8a3a3aef09.thumbnail.jpg</path>
	<source>
		<database>Unknown</database>
	</source>
	<size>
		<width>640</width>
		<height>640</height>
		<depth>3</depth>
	</size>
	<segmented>0</segmented>
	<object>
		<name>Tops</name>
		<pose>Unspecified</pose>
		<truncated>0</truncated>
		<difficult>0</difficult>
		<bndbox>
			<xmin>52</xmin>
			<ymin>18</ymin>
			<xmax>568</xmax>
			<ymax>625</ymax>
		</bndbox>
	</object>
</annotation>
