<annotation>
	<folder>samples_2</folder>
	<filename>10944459_79fd0a5869e89f8ee31c2127d268bce6.thumbnail.jpg</filename>
	<path>C:\Users\Wei Zhang\Desktop\Shopee\samples_2\10944459_79fd0a5869e89f8ee31c2127d268bce6.thumbnail.jpg</path>
	<source>
		<database>Unknown</database>
	</source>
	<size>
		<width>640</width>
		<height>640</height>
		<depth>3</depth>
	</size>
	<segmented>0</segmented>
	<object>
		<name>Tops</name>
		<pose>Unspecified</pose>
		<truncated>1</truncated>
		<difficult>0</difficult>
		<bndbox>
			<xmin>96</xmin>
			<ymin>25</ymin>
			<xmax>513</xmax>
			<ymax>640</ymax>
		</bndbox>
	</object>
</annotation>
