<annotation>
	<folder>samples_2</folder>
	<filename>10983480_54895b1533b0045cfb3db5cfa21d1967.thumbnail.jpg</filename>
	<path>C:\Users\Wei Zhang\Desktop\Shopee\samples_2\10983480_54895b1533b0045cfb3db5cfa21d1967.thumbnail.jpg</path>
	<source>
		<database>Unknown</database>
	</source>
	<size>
		<width>640</width>
		<height>640</height>
		<depth>3</depth>
	</size>
	<segmented>0</segmented>
	<object>
		<name>Tops</name>
		<pose>Unspecified</pose>
		<truncated>0</truncated>
		<difficult>0</difficult>
		<bndbox>
			<xmin>98</xmin>
			<ymin>49</ymin>
			<xmax>544</xmax>
			<ymax>560</ymax>
		</bndbox>
	</object>
	<object>
		<name>Pants_Leggings</name>
		<pose>Unspecified</pose>
		<truncated>1</truncated>
		<difficult>0</difficult>
		<bndbox>
			<xmin>71</xmin>
			<ymin>454</ymin>
			<xmax>336</xmax>
			<ymax>640</ymax>
		</bndbox>
	</object>
</annotation>
