<annotation>
	<folder>samples_2</folder>
	<filename>11138442_68ce6af56d0c9707cffa1f3e700e317c.thumbnail.jpg</filename>
	<path>C:\Users\Wei Zhang\Desktop\Shopee\samples_2\11138442_68ce6af56d0c9707cffa1f3e700e317c.thumbnail.jpg</path>
	<source>
		<database>Unknown</database>
	</source>
	<size>
		<width>492</width>
		<height>640</height>
		<depth>3</depth>
	</size>
	<segmented>0</segmented>
	<object>
		<name>Dresses</name>
		<pose>Unspecified</pose>
		<truncated>0</truncated>
		<difficult>0</difficult>
		<bndbox>
			<xmin>154</xmin>
			<ymin>182</ymin>
			<xmax>270</xmax>
			<ymax>508</ymax>
		</bndbox>
	</object>
</annotation>
