<annotation>
	<folder>samples_2</folder>
	<filename>11166481_bfa6819c49b31f816b53a0b7802f1824.thumbnail.jpg</filename>
	<path>/Users/jingyuanpan/Downloads/ProductImageSegmentation-master/samples_2/11166481_bfa6819c49b31f816b53a0b7802f1824.thumbnail.jpg</path>
	<source>
		<database>Unknown</database>
	</source>
	<size>
		<width>640</width>
		<height>640</height>
		<depth>3</depth>
	</size>
	<segmented>0</segmented>
	<object>
		<name>Dresses</name>
		<pose>Unspecified</pose>
		<truncated>0</truncated>
		<difficult>0</difficult>
		<bndbox>
			<xmin>181</xmin>
			<ymin>121</ymin>
			<xmax>478</xmax>
			<ymax>509</ymax>
		</bndbox>
	</object>
</annotation>
