<annotation>
	<folder>samples_2</folder>
	<filename>11211672_a8fb6e5eabcaa39ddb8a18631fabee24.thumbnail.jpg</filename>
	<path>/Users/jingyuanpan/Downloads/ProductImageSegmentation-master/samples_2/11211672_a8fb6e5eabcaa39ddb8a18631fabee24.thumbnail.jpg</path>
	<source>
		<database>Unknown</database>
	</source>
	<size>
		<width>640</width>
		<height>640</height>
		<depth>3</depth>
	</size>
	<segmented>0</segmented>
	<object>
		<name>Tops</name>
		<pose>Unspecified</pose>
		<truncated>0</truncated>
		<difficult>0</difficult>
		<bndbox>
			<xmin>122</xmin>
			<ymin>101</ymin>
			<xmax>492</xmax>
			<ymax>581</ymax>
		</bndbox>
	</object>
</annotation>
