<annotation>
	<folder>samples_2</folder>
	<filename>11234769_f7d7c090851e663f00dc299cb4b2b899.thumbnail.jpg</filename>
	<path>C:\Users\Wei Zhang\Desktop\Shopee\samples_2\11234769_f7d7c090851e663f00dc299cb4b2b899.thumbnail.jpg</path>
	<source>
		<database>Unknown</database>
	</source>
	<size>
		<width>640</width>
		<height>640</height>
		<depth>3</depth>
	</size>
	<segmented>0</segmented>
	<object>
		<name>Tops</name>
		<pose>Unspecified</pose>
		<truncated>0</truncated>
		<difficult>0</difficult>
		<bndbox>
			<xmin>51</xmin>
			<ymin>152</ymin>
			<xmax>481</xmax>
			<ymax>629</ymax>
		</bndbox>
	</object>
</annotation>
