<annotation>
	<folder>samples_2</folder>
	<filename>11476400_7b0a33e4438919ea87d20c6422f3795b.thumbnail.jpg</filename>
	<path>C:\Users\Wei Zhang\Desktop\Shopee\samples_2\11476400_7b0a33e4438919ea87d20c6422f3795b.thumbnail.jpg</path>
	<source>
		<database>Unknown</database>
	</source>
	<size>
		<width>640</width>
		<height>640</height>
		<depth>3</depth>
	</size>
	<segmented>0</segmented>
	<object>
		<name>Tops</name>
		<pose>Unspecified</pose>
		<truncated>0</truncated>
		<difficult>0</difficult>
		<bndbox>
			<xmin>165</xmin>
			<ymin>184</ymin>
			<xmax>529</xmax>
			<ymax>496</ymax>
		</bndbox>
	</object>
	<object>
		<name>Pants_Leggings</name>
		<pose>Unspecified</pose>
		<truncated>1</truncated>
		<difficult>0</difficult>
		<bndbox>
			<xmin>210</xmin>
			<ymin>467</ymin>
			<xmax>409</xmax>
			<ymax>640</ymax>
		</bndbox>
	</object>
</annotation>
