<annotation>
	<folder>samples_2</folder>
	<filename>11595881_8101a3c32119739125d8d3201a8a6de5.thumbnail.jpg</filename>
	<path>C:\Users\Wei Zhang\Desktop\Shopee\samples_2\11595881_8101a3c32119739125d8d3201a8a6de5.thumbnail.jpg</path>
	<source>
		<database>Unknown</database>
	</source>
	<size>
		<width>640</width>
		<height>640</height>
		<depth>3</depth>
	</size>
	<segmented>0</segmented>
	<object>
		<name>Tops</name>
		<pose>Unspecified</pose>
		<truncated>0</truncated>
		<difficult>0</difficult>
		<bndbox>
			<xmin>115</xmin>
			<ymin>29</ymin>
			<xmax>517</xmax>
			<ymax>429</ymax>
		</bndbox>
	</object>
	<object>
		<name>Pants_Leggings</name>
		<pose>Unspecified</pose>
		<truncated>1</truncated>
		<difficult>0</difficult>
		<bndbox>
			<xmin>202</xmin>
			<ymin>188</ymin>
			<xmax>625</xmax>
			<ymax>640</ymax>
		</bndbox>
	</object>
</annotation>
