<annotation>
	<folder>samples_2</folder>
	<filename>11664871_28bca418bb17ac34de00be9e1572edb1.thumbnail.jpg</filename>
	<path>/Users/jingyuanpan/Downloads/ProductImageSegmentation-master/samples_2/11664871_28bca418bb17ac34de00be9e1572edb1.thumbnail.jpg</path>
	<source>
		<database>Unknown</database>
	</source>
	<size>
		<width>640</width>
		<height>640</height>
		<depth>3</depth>
	</size>
	<segmented>0</segmented>
	<object>
		<name>Dresses</name>
		<pose>Unspecified</pose>
		<truncated>0</truncated>
		<difficult>0</difficult>
		<bndbox>
			<xmin>247</xmin>
			<ymin>92</ymin>
			<xmax>407</xmax>
			<ymax>411</ymax>
		</bndbox>
	</object>
</annotation>
