<annotation>
	<folder>samples_2</folder>
	<filename>11671744_98ee553668e81d50146c979c060c8a59.thumbnail.jpg</filename>
	<path>/Users/jingyuanpan/Downloads/ProductImageSegmentation-master/samples_2/11671744_98ee553668e81d50146c979c060c8a59.thumbnail.jpg</path>
	<source>
		<database>Unknown</database>
	</source>
	<size>
		<width>597</width>
		<height>597</height>
		<depth>3</depth>
	</size>
	<segmented>0</segmented>
	<object>
		<name>Dresses</name>
		<pose>Unspecified</pose>
		<truncated>0</truncated>
		<difficult>0</difficult>
		<bndbox>
			<xmin>133</xmin>
			<ymin>192</ymin>
			<xmax>424</xmax>
			<ymax>584</ymax>
		</bndbox>
	</object>
</annotation>
