<annotation>
	<folder>samples_2</folder>
	<filename>11685931_4f866ca6d359aa3208bfaf0d87049bd2.thumbnail.jpg</filename>
	<path>/Users/jingyuanpan/Downloads/ProductImageSegmentation-master/samples_2/11685931_4f866ca6d359aa3208bfaf0d87049bd2.thumbnail.jpg</path>
	<source>
		<database>Unknown</database>
	</source>
	<size>
		<width>640</width>
		<height>640</height>
		<depth>3</depth>
	</size>
	<segmented>0</segmented>
	<object>
		<name>Tops</name>
		<pose>Unspecified</pose>
		<truncated>1</truncated>
		<difficult>0</difficult>
		<bndbox>
			<xmin>127</xmin>
			<ymin>4</ymin>
			<xmax>503</xmax>
			<ymax>640</ymax>
		</bndbox>
	</object>
</annotation>
