<annotation>
	<folder>samples_2</folder>
	<filename>11690143_242c4c550e0684bc5ac71689089137b7.thumbnail.jpg</filename>
	<path>/Users/jingyuanpan/Downloads/ProductImageSegmentation-master/samples_2/11690143_242c4c550e0684bc5ac71689089137b7.thumbnail.jpg</path>
	<source>
		<database>Unknown</database>
	</source>
	<size>
		<width>640</width>
		<height>640</height>
		<depth>3</depth>
	</size>
	<segmented>0</segmented>
	<object>
		<name>Dresses</name>
		<pose>Unspecified</pose>
		<truncated>1</truncated>
		<difficult>0</difficult>
		<bndbox>
			<xmin>121</xmin>
			<ymin>4</ymin>
			<xmax>462</xmax>
			<ymax>640</ymax>
		</bndbox>
	</object>
</annotation>
