<annotation>
	<folder>samples_2</folder>
	<filename>11723442_8f9fd497c8293206aa2bb45fb11906f8.thumbnail.jpg</filename>
	<path>/Users/jingyuanpan/Downloads/ProductImageSegmentation-master/samples_2/11723442_8f9fd497c8293206aa2bb45fb11906f8.thumbnail.jpg</path>
	<source>
		<database>Unknown</database>
	</source>
	<size>
		<width>482</width>
		<height>640</height>
		<depth>3</depth>
	</size>
	<segmented>0</segmented>
	<object>
		<name>Shorts</name>
		<pose>Unspecified</pose>
		<truncated>0</truncated>
		<difficult>0</difficult>
		<bndbox>
			<xmin>128</xmin>
			<ymin>443</ymin>
			<xmax>295</xmax>
			<ymax>522</ymax>
		</bndbox>
	</object>
	<object>
		<name>Tops</name>
		<pose>Unspecified</pose>
		<truncated>0</truncated>
		<difficult>0</difficult>
		<bndbox>
			<xmin>169</xmin>
			<ymin>190</ymin>
			<xmax>312</xmax>
			<ymax>438</ymax>
		</bndbox>
	</object>
</annotation>
