<annotation>
	<folder>samples_2</folder>
	<filename>11774251_4e05286e4e27d507c8b5c3d2948c7388.thumbnail.jpg</filename>
	<path>/Users/jingyuanpan/Downloads/ProductImageSegmentation-master/samples_2/11774251_4e05286e4e27d507c8b5c3d2948c7388.thumbnail.jpg</path>
	<source>
		<database>Unknown</database>
	</source>
	<size>
		<width>459</width>
		<height>640</height>
		<depth>3</depth>
	</size>
	<segmented>0</segmented>
	<object>
		<name>Tops</name>
		<pose>Unspecified</pose>
		<truncated>0</truncated>
		<difficult>0</difficult>
		<bndbox>
			<xmin>108</xmin>
			<ymin>152</ymin>
			<xmax>338</xmax>
			<ymax>310</ymax>
		</bndbox>
	</object>
	<object>
		<name>Skirts</name>
		<pose>Unspecified</pose>
		<truncated>0</truncated>
		<difficult>0</difficult>
		<bndbox>
			<xmin>154</xmin>
			<ymin>312</ymin>
			<xmax>328</xmax>
			<ymax>570</ymax>
		</bndbox>
	</object>
</annotation>
