<annotation>
	<folder>samples_2</folder>
	<filename>1182886_8ba3cc1a317bd3b1aba944835b9a61cb.thumbnail.jpg</filename>
	<path>C:\Users\Wei Zhang\Desktop\Shopee\samples_2\1182886_8ba3cc1a317bd3b1aba944835b9a61cb.thumbnail.jpg</path>
	<source>
		<database>Unknown</database>
	</source>
	<size>
		<width>640</width>
		<height>640</height>
		<depth>3</depth>
	</size>
	<segmented>0</segmented>
	<object>
		<name>Dresses</name>
		<pose>Unspecified</pose>
		<truncated>1</truncated>
		<difficult>0</difficult>
		<bndbox>
			<xmin>200</xmin>
			<ymin>6</ymin>
			<xmax>431</xmax>
			<ymax>640</ymax>
		</bndbox>
	</object>
</annotation>
