<annotation>
	<folder>samples_2</folder>
	<filename>11929673_b5f226f2b3387ae417c2718d1b5a32b9.thumbnail.jpg</filename>
	<path>/Users/jingyuanpan/Downloads/ProductImageSegmentation-master/samples_2/11929673_b5f226f2b3387ae417c2718d1b5a32b9.thumbnail.jpg</path>
	<source>
		<database>Unknown</database>
	</source>
	<size>
		<width>640</width>
		<height>640</height>
		<depth>3</depth>
	</size>
	<segmented>0</segmented>
	<object>
		<name>Tops</name>
		<pose>Unspecified</pose>
		<truncated>0</truncated>
		<difficult>0</difficult>
		<bndbox>
			<xmin>255</xmin>
			<ymin>118</ymin>
			<xmax>399</xmax>
			<ymax>311</ymax>
		</bndbox>
	</object>
	<object>
		<name>Shorts</name>
		<pose>Unspecified</pose>
		<truncated>0</truncated>
		<difficult>0</difficult>
		<bndbox>
			<xmin>254</xmin>
			<ymin>312</ymin>
			<xmax>375</xmax>
			<ymax>390</ymax>
		</bndbox>
	</object>
</annotation>
