<annotation>
	<folder>samples_2</folder>
	<filename>11931854_40b355b3fc582279144543c7739182a7.thumbnail.jpg</filename>
	<path>/Users/jingyuanpan/Downloads/ProductImageSegmentation-master/samples_2/11931854_40b355b3fc582279144543c7739182a7.thumbnail.jpg</path>
	<source>
		<database>Unknown</database>
	</source>
	<size>
		<width>640</width>
		<height>426</height>
		<depth>3</depth>
	</size>
	<segmented>0</segmented>
	<object>
		<name>Tops</name>
		<pose>Unspecified</pose>
		<truncated>1</truncated>
		<difficult>0</difficult>
		<bndbox>
			<xmin>3</xmin>
			<ymin>81</ymin>
			<xmax>617</xmax>
			<ymax>426</ymax>
		</bndbox>
	</object>
</annotation>
