<annotation>
	<folder>samples_2</folder>
	<filename>12029921_151de8db85268819ded5592f164b3cfa.thumbnail.jpg</filename>
	<path>/Users/jingyuanpan/Downloads/ProductImageSegmentation-master/samples_2/12029921_151de8db85268819ded5592f164b3cfa.thumbnail.jpg</path>
	<source>
		<database>Unknown</database>
	</source>
	<size>
		<width>640</width>
		<height>640</height>
		<depth>3</depth>
	</size>
	<segmented>0</segmented>
	<object>
		<name>Lingerie</name>
		<pose>Unspecified</pose>
		<truncated>0</truncated>
		<difficult>0</difficult>
		<bndbox>
			<xmin>99</xmin>
			<ymin>89</ymin>
			<xmax>539</xmax>
			<ymax>574</ymax>
		</bndbox>
	</object>
</annotation>
