<annotation>
	<folder>samples_2</folder>
	<filename>12031037_36824a8e31336f783cc36d6941fe9fb3.thumbnail.jpg</filename>
	<path>/Users/jingyuanpan/Downloads/ProductImageSegmentation-master/samples_2/12031037_36824a8e31336f783cc36d6941fe9fb3.thumbnail.jpg</path>
	<source>
		<database>Unknown</database>
	</source>
	<size>
		<width>640</width>
		<height>640</height>
		<depth>3</depth>
	</size>
	<segmented>0</segmented>
	<object>
		<name>Lingerie</name>
		<pose>Unspecified</pose>
		<truncated>1</truncated>
		<difficult>0</difficult>
		<bndbox>
			<xmin>81</xmin>
			<ymin>362</ymin>
			<xmax>350</xmax>
			<ymax>640</ymax>
		</bndbox>
	</object>
</annotation>
