<annotation>
	<folder>samples_2</folder>
	<filename>12084444_749bb9e364f548c6e8d53a8a81df9a23.thumbnail.jpg</filename>
	<path>/Users/jingyuanpan/Downloads/ProductImageSegmentation-master/samples_2/12084444_749bb9e364f548c6e8d53a8a81df9a23.thumbnail.jpg</path>
	<source>
		<database>Unknown</database>
	</source>
	<size>
		<width>640</width>
		<height>640</height>
		<depth>3</depth>
	</size>
	<segmented>0</segmented>
	<object>
		<name>Dresses</name>
		<pose>Unspecified</pose>
		<truncated>0</truncated>
		<difficult>0</difficult>
		<bndbox>
			<xmin>239</xmin>
			<ymin>172</ymin>
			<xmax>424</xmax>
			<ymax>463</ymax>
		</bndbox>
	</object>
</annotation>
