<annotation>
	<folder>samples_2</folder>
	<filename>12092644_448572235c943e881f4a1924aecea9ed.thumbnail.jpg</filename>
	<path>/Users/jingyuanpan/Downloads/ProductImageSegmentation-master/samples_2/12092644_448572235c943e881f4a1924aecea9ed.thumbnail.jpg</path>
	<source>
		<database>Unknown</database>
	</source>
	<size>
		<width>640</width>
		<height>640</height>
		<depth>3</depth>
	</size>
	<segmented>0</segmented>
	<object>
		<name>Tops</name>
		<pose>Unspecified</pose>
		<truncated>0</truncated>
		<difficult>0</difficult>
		<bndbox>
			<xmin>67</xmin>
			<ymin>159</ymin>
			<xmax>572</xmax>
			<ymax>510</ymax>
		</bndbox>
	</object>
	<object>
		<name>Pants_Leggings</name>
		<pose>Unspecified</pose>
		<truncated>1</truncated>
		<difficult>0</difficult>
		<bndbox>
			<xmin>165</xmin>
			<ymin>450</ymin>
			<xmax>353</xmax>
			<ymax>640</ymax>
		</bndbox>
	</object>
</annotation>
