<annotation>
	<folder>samples_2</folder>
	<filename>12157991_706391602b731121dd2815cbf165b427.thumbnail.jpg</filename>
	<path>/Users/jingyuanpan/Downloads/ProductImageSegmentation-master/samples_2/12157991_706391602b731121dd2815cbf165b427.thumbnail.jpg</path>
	<source>
		<database>Unknown</database>
	</source>
	<size>
		<width>640</width>
		<height>640</height>
		<depth>3</depth>
	</size>
	<segmented>0</segmented>
	<object>
		<name>Lingerie</name>
		<pose>Unspecified</pose>
		<truncated>0</truncated>
		<difficult>0</difficult>
		<bndbox>
			<xmin>290</xmin>
			<ymin>182</ymin>
			<xmax>632</xmax>
			<ymax>434</ymax>
		</bndbox>
	</object>
</annotation>
