<annotation>
	<folder>samples_2</folder>
	<filename>12151883_270dd755781b2a8b900640c3bcc8adac.thumbnail.jpg</filename>
	<path>/Users/jingyuanpan/Downloads/ProductImageSegmentation-master/samples_2/12151883_270dd755781b2a8b900640c3bcc8adac.thumbnail.jpg</path>
	<source>
		<database>Unknown</database>
	</source>
	<size>
		<width>638</width>
		<height>640</height>
		<depth>3</depth>
	</size>
	<segmented>0</segmented>
	<object>
		<name>Tops</name>
		<pose>Unspecified</pose>
		<truncated>0</truncated>
		<difficult>0</difficult>
		<bndbox>
			<xmin>31</xmin>
			<ymin>189</ymin>
			<xmax>185</xmax>
			<ymax>344</ymax>
		</bndbox>
	</object>
	<object>
		<name>Skirts</name>
		<pose>Unspecified</pose>
		<truncated>0</truncated>
		<difficult>0</difficult>
		<bndbox>
			<xmin>46</xmin>
			<ymin>339</ymin>
			<xmax>453</xmax>
			<ymax>544</ymax>
		</bndbox>
	</object>
</annotation>
