<annotation>
	<folder>samples_2</folder>
	<filename>12180990_4d7461365c6770d1f288eb87bbd68259.thumbnail.jpg</filename>
	<path>C:\Users\Wei Zhang\Desktop\Shopee\samples_2\12180990_4d7461365c6770d1f288eb87bbd68259.thumbnail.jpg</path>
	<source>
		<database>Unknown</database>
	</source>
	<size>
		<width>640</width>
		<height>640</height>
		<depth>3</depth>
	</size>
	<segmented>0</segmented>
	<object>
		<name>Tops</name>
		<pose>Unspecified</pose>
		<truncated>0</truncated>
		<difficult>0</difficult>
		<bndbox>
			<xmin>211</xmin>
			<ymin>148</ymin>
			<xmax>332</xmax>
			<ymax>269</ymax>
		</bndbox>
	</object>
	<object>
		<name>Shorts</name>
		<pose>Unspecified</pose>
		<truncated>0</truncated>
		<difficult>0</difficult>
		<bndbox>
			<xmin>261</xmin>
			<ymin>259</ymin>
			<xmax>364</xmax>
			<ymax>352</ymax>
		</bndbox>
	</object>
</annotation>
