<annotation>
	<folder>samples_2</folder>
	<filename>1226037_426156cf6139c562110504f1699580b2.thumbnail.jpg</filename>
	<path>/Users/jingyuanpan/Downloads/ProductImageSegmentation-master/samples_2/1226037_426156cf6139c562110504f1699580b2.thumbnail.jpg</path>
	<source>
		<database>Unknown</database>
	</source>
	<size>
		<width>360</width>
		<height>640</height>
		<depth>3</depth>
	</size>
	<segmented>0</segmented>
	<object>
		<name>Tops</name>
		<pose>Unspecified</pose>
		<truncated>0</truncated>
		<difficult>0</difficult>
		<bndbox>
			<xmin>121</xmin>
			<ymin>157</ymin>
			<xmax>256</xmax>
			<ymax>333</ymax>
		</bndbox>
	</object>
	<object>
		<name>Shorts</name>
		<pose>Unspecified</pose>
		<truncated>0</truncated>
		<difficult>0</difficult>
		<bndbox>
			<xmin>124</xmin>
			<ymin>330</ymin>
			<xmax>237</xmax>
			<ymax>385</ymax>
		</bndbox>
	</object>
</annotation>
