<annotation>
	<folder>samples_2</folder>
	<filename>12354388_693929ec080096dce3af3527271ea2f3.thumbnail.jpg</filename>
	<path>C:\Users\Wei Zhang\Desktop\Shopee\samples_2\12354388_693929ec080096dce3af3527271ea2f3.thumbnail.jpg</path>
	<source>
		<database>Unknown</database>
	</source>
	<size>
		<width>640</width>
		<height>640</height>
		<depth>3</depth>
	</size>
	<segmented>0</segmented>
	<object>
		<name>Dresses</name>
		<pose>Unspecified</pose>
		<truncated>0</truncated>
		<difficult>0</difficult>
		<bndbox>
			<xmin>170</xmin>
			<ymin>191</ymin>
			<xmax>393</xmax>
			<ymax>583</ymax>
		</bndbox>
	</object>
</annotation>
