<annotation>
	<folder>samples_2</folder>
	<filename>12437811_dc5ee3239f98d3e9908d96d5bba21903.thumbnail.jpg</filename>
	<path>/Users/jingyuanpan/Downloads/ProductImageSegmentation-master/samples_2/12437811_dc5ee3239f98d3e9908d96d5bba21903.thumbnail.jpg</path>
	<source>
		<database>Unknown</database>
	</source>
	<size>
		<width>640</width>
		<height>640</height>
		<depth>3</depth>
	</size>
	<segmented>0</segmented>
	<object>
		<name>Dresses</name>
		<pose>Unspecified</pose>
		<truncated>0</truncated>
		<difficult>0</difficult>
		<bndbox>
			<xmin>241</xmin>
			<ymin>19</ymin>
			<xmax>493</xmax>
			<ymax>605</ymax>
		</bndbox>
	</object>
</annotation>
