<annotation>
	<folder>samples_2</folder>
	<filename>12449814_95964e39564de41803117b3cc595ae65.thumbnail.jpg</filename>
	<path>/Users/jingyuanpan/Downloads/ProductImageSegmentation-master/samples_2/12449814_95964e39564de41803117b3cc595ae65.thumbnail.jpg</path>
	<source>
		<database>Unknown</database>
	</source>
	<size>
		<width>640</width>
		<height>425</height>
		<depth>3</depth>
	</size>
	<segmented>0</segmented>
	<object>
		<name>Dresses</name>
		<pose>Unspecified</pose>
		<truncated>1</truncated>
		<difficult>0</difficult>
		<bndbox>
			<xmin>1</xmin>
			<ymin>3</ymin>
			<xmax>640</xmax>
			<ymax>424</ymax>
		</bndbox>
	</object>
</annotation>
