<annotation>
	<folder>samples_2</folder>
	<filename>12500488_09c807db5d86169a4151480722d15e00.thumbnail.jpg</filename>
	<path>C:\Users\Wei Zhang\Desktop\Shopee\samples_2\12500488_09c807db5d86169a4151480722d15e00.thumbnail.jpg</path>
	<source>
		<database>Unknown</database>
	</source>
	<size>
		<width>640</width>
		<height>640</height>
		<depth>3</depth>
	</size>
	<segmented>0</segmented>
	<object>
		<name>Shorts</name>
		<pose>Unspecified</pose>
		<truncated>0</truncated>
		<difficult>0</difficult>
		<bndbox>
			<xmin>47</xmin>
			<ymin>124</ymin>
			<xmax>554</xmax>
			<ymax>566</ymax>
		</bndbox>
	</object>
</annotation>
