<annotation>
	<folder>samples_2</folder>
	<filename>12593346_78e8ce948bc7a32088ecd5d105b4b07a.thumbnail.jpg</filename>
	<path>C:\Users\Wei Zhang\Desktop\Shopee\samples_2\12593346_78e8ce948bc7a32088ecd5d105b4b07a.thumbnail.jpg</path>
	<source>
		<database>Unknown</database>
	</source>
	<size>
		<width>480</width>
		<height>640</height>
		<depth>3</depth>
	</size>
	<segmented>0</segmented>
	<object>
		<name>Pants_Leggings</name>
		<pose>Unspecified</pose>
		<truncated>1</truncated>
		<difficult>0</difficult>
		<bndbox>
			<xmin>7</xmin>
			<ymin>14</ymin>
			<xmax>469</xmax>
			<ymax>640</ymax>
		</bndbox>
	</object>
</annotation>
