<annotation>
	<folder>samples_2</folder>
	<filename>12655539_a43801d1366df636d7e2e3d09d27bd05.thumbnail.jpg</filename>
	<path>/Users/jingyuanpan/Downloads/ProductImageSegmentation-master/samples_2/12655539_a43801d1366df636d7e2e3d09d27bd05.thumbnail.jpg</path>
	<source>
		<database>Unknown</database>
	</source>
	<size>
		<width>640</width>
		<height>640</height>
		<depth>3</depth>
	</size>
	<segmented>0</segmented>
	<object>
		<name>Tops</name>
		<pose>Unspecified</pose>
		<truncated>0</truncated>
		<difficult>0</difficult>
		<bndbox>
			<xmin>64</xmin>
			<ymin>261</ymin>
			<xmax>278</xmax>
			<ymax>523</ymax>
		</bndbox>
	</object>
	<object>
		<name>Tops</name>
		<pose>Unspecified</pose>
		<truncated>0</truncated>
		<difficult>0</difficult>
		<bndbox>
			<xmin>401</xmin>
			<ymin>232</ymin>
			<xmax>557</xmax>
			<ymax>483</ymax>
		</bndbox>
	</object>
</annotation>
