<annotation>
	<folder>samples_2</folder>
	<filename>12669393_e411bf593aed5067692fe3d2cdc9027e.thumbnail.jpg</filename>
	<path>/Users/jingyuanpan/Downloads/ProductImageSegmentation-master/samples_2/12669393_e411bf593aed5067692fe3d2cdc9027e.thumbnail.jpg</path>
	<source>
		<database>Unknown</database>
	</source>
	<size>
		<width>479</width>
		<height>640</height>
		<depth>3</depth>
	</size>
	<segmented>0</segmented>
	<object>
		<name>Tops</name>
		<pose>Unspecified</pose>
		<truncated>1</truncated>
		<difficult>0</difficult>
		<bndbox>
			<xmin>27</xmin>
			<ymin>179</ymin>
			<xmax>418</xmax>
			<ymax>640</ymax>
		</bndbox>
	</object>
</annotation>
