<annotation>
	<folder>samples_2</folder>
	<filename>12686136_55fb4aa76f954e20ee17a451b01bab99.thumbnail.jpg</filename>
	<path>/Users/jingyuanpan/Downloads/ProductImageSegmentation-master/samples_2/12686136_55fb4aa76f954e20ee17a451b01bab99.thumbnail.jpg</path>
	<source>
		<database>Unknown</database>
	</source>
	<size>
		<width>623</width>
		<height>640</height>
		<depth>3</depth>
	</size>
	<segmented>0</segmented>
	<object>
		<name>Tops</name>
		<pose>Unspecified</pose>
		<truncated>0</truncated>
		<difficult>0</difficult>
		<bndbox>
			<xmin>192</xmin>
			<ymin>205</ymin>
			<xmax>473</xmax>
			<ymax>591</ymax>
		</bndbox>
	</object>
</annotation>
