<annotation>
	<folder>samples_2</folder>
	<filename>12756011_5d5a90db987abc2f5e3623d838604b1a.thumbnail.jpg</filename>
	<path>C:\Users\Wei Zhang\Desktop\Shopee\samples_2\12756011_5d5a90db987abc2f5e3623d838604b1a.thumbnail.jpg</path>
	<source>
		<database>Unknown</database>
	</source>
	<size>
		<width>640</width>
		<height>640</height>
		<depth>3</depth>
	</size>
	<segmented>0</segmented>
	<object>
		<name>Tops</name>
		<pose>Unspecified</pose>
		<truncated>0</truncated>
		<difficult>0</difficult>
		<bndbox>
			<xmin>272</xmin>
			<ymin>150</ymin>
			<xmax>368</xmax>
			<ymax>301</ymax>
		</bndbox>
	</object>
	<object>
		<name>Pants_Leggings</name>
		<pose>Unspecified</pose>
		<truncated>0</truncated>
		<difficult>0</difficult>
		<bndbox>
			<xmin>258</xmin>
			<ymin>289</ymin>
			<xmax>368</xmax>
			<ymax>565</ymax>
		</bndbox>
	</object>
</annotation>
