<annotation>
	<folder>samples_2</folder>
	<filename>12751655_5ed1e9da3c2ea30a0b9add64ae1ec4ad.thumbnail.jpg</filename>
	<path>C:\Users\Wei Zhang\Desktop\Shopee\samples_2\12751655_5ed1e9da3c2ea30a0b9add64ae1ec4ad.thumbnail.jpg</path>
	<source>
		<database>Unknown</database>
	</source>
	<size>
		<width>630</width>
		<height>630</height>
		<depth>3</depth>
	</size>
	<segmented>0</segmented>
	<object>
		<name>Tops</name>
		<pose>Unspecified</pose>
		<truncated>0</truncated>
		<difficult>0</difficult>
		<bndbox>
			<xmin>145</xmin>
			<ymin>84</ymin>
			<xmax>466</xmax>
			<ymax>371</ymax>
		</bndbox>
	</object>
	<object>
		<name>Shorts</name>
		<pose>Unspecified</pose>
		<truncated>0</truncated>
		<difficult>0</difficult>
		<bndbox>
			<xmin>157</xmin>
			<ymin>352</ymin>
			<xmax>467</xmax>
			<ymax>548</ymax>
		</bndbox>
	</object>
</annotation>
