<annotation>
	<folder>samples_2</folder>
	<filename>12868416_62e8342ea10d7400811240ea62a980d1.thumbnail.jpg</filename>
	<path>C:\Users\Wei Zhang\Desktop\Shopee\samples_2\12868416_62e8342ea10d7400811240ea62a980d1.thumbnail.jpg</path>
	<source>
		<database>Unknown</database>
	</source>
	<size>
		<width>640</width>
		<height>640</height>
		<depth>3</depth>
	</size>
	<segmented>0</segmented>
	<object>
		<name>Shorts</name>
		<pose>Unspecified</pose>
		<truncated>0</truncated>
		<difficult>0</difficult>
		<bndbox>
			<xmin>93</xmin>
			<ymin>135</ymin>
			<xmax>520</xmax>
			<ymax>531</ymax>
		</bndbox>
	</object>
</annotation>
