<annotation>
	<folder>samples_2</folder>
	<filename>12879488_7aa46affed28a8855941d5f1e9e29a31.thumbnail.jpg</filename>
	<path>/Users/jingyuanpan/Downloads/ProductImageSegmentation-master/samples_2/12879488_7aa46affed28a8855941d5f1e9e29a31.thumbnail.jpg</path>
	<source>
		<database>Unknown</database>
	</source>
	<size>
		<width>640</width>
		<height>640</height>
		<depth>3</depth>
	</size>
	<segmented>0</segmented>
	<object>
		<name>Tops</name>
		<pose>Unspecified</pose>
		<truncated>0</truncated>
		<difficult>0</difficult>
		<bndbox>
			<xmin>261</xmin>
			<ymin>144</ymin>
			<xmax>465</xmax>
			<ymax>538</ymax>
		</bndbox>
	</object>
	<object>
		<name>Pants_Leggings</name>
		<pose>Unspecified</pose>
		<truncated>1</truncated>
		<difficult>0</difficult>
		<bndbox>
			<xmin>324</xmin>
			<ymin>500</ymin>
			<xmax>469</xmax>
			<ymax>640</ymax>
		</bndbox>
	</object>
</annotation>
