<annotation>
	<folder>samples_2</folder>
	<filename>12889249_c800cd8310ff7adbbdbbf7c62a87daca.thumbnail.jpg</filename>
	<path>C:\Users\Wei Zhang\Desktop\Shopee\samples_2\12889249_c800cd8310ff7adbbdbbf7c62a87daca.thumbnail.jpg</path>
	<source>
		<database>Unknown</database>
	</source>
	<size>
		<width>640</width>
		<height>575</height>
		<depth>3</depth>
	</size>
	<segmented>0</segmented>
	<object>
		<name>Lingerie</name>
		<pose>Unspecified</pose>
		<truncated>0</truncated>
		<difficult>0</difficult>
		<bndbox>
			<xmin>290</xmin>
			<ymin>175</ymin>
			<xmax>570</xmax>
			<ymax>354</ymax>
		</bndbox>
	</object>
	<object>
		<name>Lingerie</name>
		<pose>Unspecified</pose>
		<truncated>0</truncated>
		<difficult>0</difficult>
		<bndbox>
			<xmin>299</xmin>
			<ymin>303</ymin>
			<xmax>400</xmax>
			<ymax>383</ymax>
		</bndbox>
	</object>
</annotation>
