<annotation>
	<folder>samples_2</folder>
	<filename>12948867_a7ea0b54c424e3c1554359915272b6eb.thumbnail.jpg</filename>
	<path>/Users/jingyuanpan/Downloads/ProductImageSegmentation-master/samples_2/12948867_a7ea0b54c424e3c1554359915272b6eb.thumbnail.jpg</path>
	<source>
		<database>Unknown</database>
	</source>
	<size>
		<width>500</width>
		<height>500</height>
		<depth>3</depth>
	</size>
	<segmented>0</segmented>
	<object>
		<name>Tops</name>
		<pose>Unspecified</pose>
		<truncated>0</truncated>
		<difficult>0</difficult>
		<bndbox>
			<xmin>63</xmin>
			<ymin>237</ymin>
			<xmax>327</xmax>
			<ymax>480</ymax>
		</bndbox>
	</object>
</annotation>
