<annotation>
	<folder>samples_2</folder>
	<filename>13032076_4dbb8291d5d3591ea0c2dbf7e85ad6f3.thumbnail.jpg</filename>
	<path>/Users/jingyuanpan/Downloads/ProductImageSegmentation-master/samples_2/13032076_4dbb8291d5d3591ea0c2dbf7e85ad6f3.thumbnail.jpg</path>
	<source>
		<database>Unknown</database>
	</source>
	<size>
		<width>397</width>
		<height>640</height>
		<depth>3</depth>
	</size>
	<segmented>0</segmented>
	<object>
		<name>Tops</name>
		<pose>Unspecified</pose>
		<truncated>0</truncated>
		<difficult>0</difficult>
		<bndbox>
			<xmin>50</xmin>
			<ymin>336</ymin>
			<xmax>275</xmax>
			<ymax>622</ymax>
		</bndbox>
	</object>
	<object>
		<name>Pants_Leggings</name>
		<pose>Unspecified</pose>
		<truncated>1</truncated>
		<difficult>0</difficult>
		<bndbox>
			<xmin>214</xmin>
			<ymin>560</ymin>
			<xmax>293</xmax>
			<ymax>640</ymax>
		</bndbox>
	</object>
</annotation>
