<annotation>
	<folder>samples_2</folder>
	<filename>13105130_4d56b11570e4dc83cb89d59c649168e2.thumbnail.jpg</filename>
	<path>/Users/jingyuanpan/Downloads/ProductImageSegmentation-master/samples_2/13105130_4d56b11570e4dc83cb89d59c649168e2.thumbnail.jpg</path>
	<source>
		<database>Unknown</database>
	</source>
	<size>
		<width>640</width>
		<height>640</height>
		<depth>3</depth>
	</size>
	<segmented>0</segmented>
	<object>
		<name>Tops</name>
		<pose>Unspecified</pose>
		<truncated>0</truncated>
		<difficult>0</difficult>
		<bndbox>
			<xmin>96</xmin>
			<ymin>40</ymin>
			<xmax>545</xmax>
			<ymax>577</ymax>
		</bndbox>
	</object>
</annotation>
