<annotation>
	<folder>samples_2</folder>
	<filename>13167626_62c580dd630f93ddb5b57496fc229f4e.thumbnail.jpg</filename>
	<path>C:\Users\Wei Zhang\Desktop\Shopee\samples_2\13167626_62c580dd630f93ddb5b57496fc229f4e.thumbnail.jpg</path>
	<source>
		<database>Unknown</database>
	</source>
	<size>
		<width>640</width>
		<height>479</height>
		<depth>3</depth>
	</size>
	<segmented>0</segmented>
	<object>
		<name>Tops</name>
		<pose>Unspecified</pose>
		<truncated>0</truncated>
		<difficult>0</difficult>
		<bndbox>
			<xmin>155</xmin>
			<ymin>59</ymin>
			<xmax>444</xmax>
			<ymax>286</ymax>
		</bndbox>
	</object>
	<object>
		<name>Skirts</name>
		<pose>Unspecified</pose>
		<truncated>0</truncated>
		<difficult>0</difficult>
		<bndbox>
			<xmin>134</xmin>
			<ymin>167</ymin>
			<xmax>639</xmax>
			<ymax>477</ymax>
		</bndbox>
	</object>
</annotation>
