<annotation>
	<folder>samples_2</folder>
	<filename>13168106_6d1ad79698a1a93b2724b1c4784c26c4.thumbnail.jpg</filename>
	<path>/Users/jingyuanpan/Downloads/ProductImageSegmentation-master/samples_2/13168106_6d1ad79698a1a93b2724b1c4784c26c4.thumbnail.jpg</path>
	<source>
		<database>Unknown</database>
	</source>
	<size>
		<width>640</width>
		<height>640</height>
		<depth>3</depth>
	</size>
	<segmented>0</segmented>
	<object>
		<name>Tops</name>
		<pose>Unspecified</pose>
		<truncated>1</truncated>
		<difficult>0</difficult>
		<bndbox>
			<xmin>93</xmin>
			<ymin>89</ymin>
			<xmax>589</xmax>
			<ymax>640</ymax>
		</bndbox>
	</object>
</annotation>
