<annotation>
	<folder>samples_2</folder>
	<filename>13185983_6f0c3c96b8c6edbdb53e8834ff82414f.thumbnail.jpg</filename>
	<path>/Users/jingyuanpan/Downloads/ProductImageSegmentation-master/samples_2/13185983_6f0c3c96b8c6edbdb53e8834ff82414f.thumbnail.jpg</path>
	<source>
		<database>Unknown</database>
	</source>
	<size>
		<width>640</width>
		<height>640</height>
		<depth>3</depth>
	</size>
	<segmented>0</segmented>
	<object>
		<name>Tops</name>
		<pose>Unspecified</pose>
		<truncated>0</truncated>
		<difficult>0</difficult>
		<bndbox>
			<xmin>177</xmin>
			<ymin>97</ymin>
			<xmax>495</xmax>
			<ymax>617</ymax>
		</bndbox>
	</object>
</annotation>
