<annotation>
	<folder>samples_2</folder>
	<filename>13184241_b3e6381c281fdcc1dad2df35ca5c9513.thumbnail.jpg</filename>
	<path>C:\Users\Wei Zhang\Desktop\Shopee\samples_2\13184241_b3e6381c281fdcc1dad2df35ca5c9513.thumbnail.jpg</path>
	<source>
		<database>Unknown</database>
	</source>
	<size>
		<width>640</width>
		<height>640</height>
		<depth>3</depth>
	</size>
	<segmented>0</segmented>
	<object>
		<name>Tops</name>
		<pose>Unspecified</pose>
		<truncated>0</truncated>
		<difficult>0</difficult>
		<bndbox>
			<xmin>59</xmin>
			<ymin>146</ymin>
			<xmax>585</xmax>
			<ymax>608</ymax>
		</bndbox>
	</object>
</annotation>
