<annotation>
	<folder>samples_2</folder>
	<filename>13199524_d711930f841fa69f2ea34810495f060d.thumbnail.jpg</filename>
	<path>C:\Users\Wei Zhang\Desktop\Shopee\samples_2\13199524_d711930f841fa69f2ea34810495f060d.thumbnail.jpg</path>
	<source>
		<database>Unknown</database>
	</source>
	<size>
		<width>640</width>
		<height>640</height>
		<depth>3</depth>
	</size>
	<segmented>0</segmented>
	<object>
		<name>Tops</name>
		<pose>Unspecified</pose>
		<truncated>0</truncated>
		<difficult>0</difficult>
		<bndbox>
			<xmin>201</xmin>
			<ymin>165</ymin>
			<xmax>363</xmax>
			<ymax>449</ymax>
		</bndbox>
	</object>
	<object>
		<name>Shorts</name>
		<pose>Unspecified</pose>
		<truncated>0</truncated>
		<difficult>0</difficult>
		<bndbox>
			<xmin>217</xmin>
			<ymin>411</ymin>
			<xmax>368</xmax>
			<ymax>516</ymax>
		</bndbox>
	</object>
</annotation>
