<annotation>
	<folder>samples_2</folder>
	<filename>13215079_ea3b65f2316efacb5c101cd1574ee1d0.thumbnail.jpg</filename>
	<path>C:\Users\Wei Zhang\Desktop\Shopee\samples_2\13215079_ea3b65f2316efacb5c101cd1574ee1d0.thumbnail.jpg</path>
	<source>
		<database>Unknown</database>
	</source>
	<size>
		<width>640</width>
		<height>509</height>
		<depth>3</depth>
	</size>
	<segmented>0</segmented>
	<object>
		<name>Tops</name>
		<pose>Unspecified</pose>
		<truncated>0</truncated>
		<difficult>0</difficult>
		<bndbox>
			<xmin>168</xmin>
			<ymin>143</ymin>
			<xmax>390</xmax>
			<ymax>333</ymax>
		</bndbox>
	</object>
	<object>
		<name>Skirts</name>
		<pose>Unspecified</pose>
		<truncated>0</truncated>
		<difficult>0</difficult>
		<bndbox>
			<xmin>210</xmin>
			<ymin>309</ymin>
			<xmax>367</xmax>
			<ymax>472</ymax>
		</bndbox>
	</object>
</annotation>
