<annotation>
	<folder>samples_2</folder>
	<filename>13226866_f95144b9095b65b405ef4f7a439cfce6.thumbnail.jpg</filename>
	<path>C:\Users\Wei Zhang\Desktop\Shopee\samples_2\13226866_f95144b9095b65b405ef4f7a439cfce6.thumbnail.jpg</path>
	<source>
		<database>Unknown</database>
	</source>
	<size>
		<width>640</width>
		<height>640</height>
		<depth>3</depth>
	</size>
	<segmented>0</segmented>
	<object>
		<name>Pants_Leggings</name>
		<pose>Unspecified</pose>
		<truncated>1</truncated>
		<difficult>0</difficult>
		<bndbox>
			<xmin>1</xmin>
			<ymin>12</ymin>
			<xmax>635</xmax>
			<ymax>635</ymax>
		</bndbox>
	</object>
</annotation>
