<annotation>
	<folder>samples_2</folder>
	<filename>13298374_7e2f61a566ddc9e71c6852422e45390b.thumbnail.jpg</filename>
	<path>C:\Users\Wei Zhang\Desktop\Shopee\samples_2\13298374_7e2f61a566ddc9e71c6852422e45390b.thumbnail.jpg</path>
	<source>
		<database>Unknown</database>
	</source>
	<size>
		<width>640</width>
		<height>640</height>
		<depth>3</depth>
	</size>
	<segmented>0</segmented>
	<object>
		<name>Lingerie</name>
		<pose>Unspecified</pose>
		<truncated>0</truncated>
		<difficult>0</difficult>
		<bndbox>
			<xmin>46</xmin>
			<ymin>128</ymin>
			<xmax>299</xmax>
			<ymax>284</ymax>
		</bndbox>
	</object>
	<object>
		<name>Lingerie</name>
		<pose>Unspecified</pose>
		<truncated>0</truncated>
		<difficult>0</difficult>
		<bndbox>
			<xmin>325</xmin>
			<ymin>119</ymin>
			<xmax>580</xmax>
			<ymax>268</ymax>
		</bndbox>
	</object>
	<object>
		<name>Lingerie</name>
		<pose>Unspecified</pose>
		<truncated>0</truncated>
		<difficult>0</difficult>
		<bndbox>
			<xmin>67</xmin>
			<ymin>329</ymin>
			<xmax>278</xmax>
			<ymax>538</ymax>
		</bndbox>
	</object>
	<object>
		<name>Lingerie</name>
		<pose>Unspecified</pose>
		<truncated>0</truncated>
		<difficult>0</difficult>
		<bndbox>
			<xmin>348</xmin>
			<ymin>328</ymin>
			<xmax>544</xmax>
			<ymax>539</ymax>
		</bndbox>
	</object>
</annotation>
