<annotation>
	<folder>samples_2</folder>
	<filename>13307471_c2b72af2714607d7eb5aaf761e0d53c1.thumbnail.jpg</filename>
	<path>C:\Users\Wei Zhang\Desktop\Shopee\samples_2\13307471_c2b72af2714607d7eb5aaf761e0d53c1.thumbnail.jpg</path>
	<source>
		<database>Unknown</database>
	</source>
	<size>
		<width>640</width>
		<height>640</height>
		<depth>3</depth>
	</size>
	<segmented>0</segmented>
	<object>
		<name>Lingerie</name>
		<pose>Unspecified</pose>
		<truncated>0</truncated>
		<difficult>0</difficult>
		<bndbox>
			<xmin>282</xmin>
			<ymin>188</ymin>
			<xmax>423</xmax>
			<ymax>392</ymax>
		</bndbox>
	</object>
</annotation>
