<annotation>
	<folder>samples_2</folder>
	<filename>13325969_7239d5b0972e029b0593439f40754404.thumbnail.jpg</filename>
	<path>C:\Users\Wei Zhang\Desktop\Shopee\samples_2\13325969_7239d5b0972e029b0593439f40754404.thumbnail.jpg</path>
	<source>
		<database>Unknown</database>
	</source>
	<size>
		<width>640</width>
		<height>640</height>
		<depth>3</depth>
	</size>
	<segmented>0</segmented>
	<object>
		<name>Tops</name>
		<pose>Unspecified</pose>
		<truncated>1</truncated>
		<difficult>0</difficult>
		<bndbox>
			<xmin>1</xmin>
			<ymin>6</ymin>
			<xmax>640</xmax>
			<ymax>633</ymax>
		</bndbox>
	</object>
</annotation>
