<annotation>
	<folder>samples_2</folder>
	<filename>13459423_91d21f3b5c6da021b062b7a0190b01cd.thumbnail.jpg</filename>
	<path>/Users/jingyuanpan/Downloads/ProductImageSegmentation-master/samples_2/13459423_91d21f3b5c6da021b062b7a0190b01cd.thumbnail.jpg</path>
	<source>
		<database>Unknown</database>
	</source>
	<size>
		<width>640</width>
		<height>640</height>
		<depth>3</depth>
	</size>
	<segmented>0</segmented>
	<object>
		<name>Tops</name>
		<pose>Unspecified</pose>
		<truncated>0</truncated>
		<difficult>0</difficult>
		<bndbox>
			<xmin>204</xmin>
			<ymin>97</ymin>
			<xmax>520</xmax>
			<ymax>535</ymax>
		</bndbox>
	</object>
	<object>
		<name>Shorts</name>
		<pose>Unspecified</pose>
		<truncated>0</truncated>
		<difficult>0</difficult>
		<bndbox>
			<xmin>191</xmin>
			<ymin>440</ymin>
			<xmax>460</xmax>
			<ymax>555</ymax>
		</bndbox>
	</object>
</annotation>
