<annotation>
	<folder>samples_2</folder>
	<filename>13481948_c5e5008c9ac4ee3226db4df8ece35cb2.thumbnail.jpg</filename>
	<path>C:\Users\Wei Zhang\Desktop\Shopee\samples_2\13481948_c5e5008c9ac4ee3226db4df8ece35cb2.thumbnail.jpg</path>
	<source>
		<database>Unknown</database>
	</source>
	<size>
		<width>640</width>
		<height>640</height>
		<depth>3</depth>
	</size>
	<segmented>0</segmented>
	<object>
		<name>Dresses</name>
		<pose>Unspecified</pose>
		<truncated>1</truncated>
		<difficult>0</difficult>
		<bndbox>
			<xmin>1</xmin>
			<ymin>30</ymin>
			<xmax>640</xmax>
			<ymax>609</ymax>
		</bndbox>
	</object>
</annotation>
