<annotation>
	<folder>samples_2</folder>
	<filename>13510349_1c3343ad6a314b27699aca514028655f.thumbnail.jpg</filename>
	<path>/Users/jingyuanpan/Downloads/ProductImageSegmentation-master/samples_2/13510349_1c3343ad6a314b27699aca514028655f.thumbnail.jpg</path>
	<source>
		<database>Unknown</database>
	</source>
	<size>
		<width>447</width>
		<height>640</height>
		<depth>3</depth>
	</size>
	<segmented>0</segmented>
	<object>
		<name>Dresses</name>
		<pose>Unspecified</pose>
		<truncated>0</truncated>
		<difficult>0</difficult>
		<bndbox>
			<xmin>165</xmin>
			<ymin>216</ymin>
			<xmax>295</xmax>
			<ymax>456</ymax>
		</bndbox>
	</object>
	<object>
		<name>Dresses</name>
		<pose>Unspecified</pose>
		<truncated>0</truncated>
		<difficult>0</difficult>
		<bndbox>
			<xmin>262</xmin>
			<ymin>200</ymin>
			<xmax>374</xmax>
			<ymax>359</ymax>
		</bndbox>
	</object>
</annotation>
