<annotation>
	<folder>samples_2</folder>
	<filename>13547707_4c3c252d1c2ba795572b18bf3b987cf7.thumbnail.jpg</filename>
	<path>C:\Users\Wei Zhang\Desktop\Shopee\samples_2\13547707_4c3c252d1c2ba795572b18bf3b987cf7.thumbnail.jpg</path>
	<source>
		<database>Unknown</database>
	</source>
	<size>
		<width>640</width>
		<height>576</height>
		<depth>3</depth>
	</size>
	<segmented>0</segmented>
	<object>
		<name>Dresses</name>
		<pose>Unspecified</pose>
		<truncated>1</truncated>
		<difficult>0</difficult>
		<bndbox>
			<xmin>205</xmin>
			<ymin>35</ymin>
			<xmax>616</xmax>
			<ymax>576</ymax>
		</bndbox>
	</object>
</annotation>
