<annotation>
	<folder>samples_2</folder>
	<filename>13562187_b7061b218217e3d3a27187b9778e357c.thumbnail.jpg</filename>
	<path>/Users/jingyuanpan/Downloads/ProductImageSegmentation-master/samples_2/13562187_b7061b218217e3d3a27187b9778e357c.thumbnail.jpg</path>
	<source>
		<database>Unknown</database>
	</source>
	<size>
		<width>480</width>
		<height>640</height>
		<depth>3</depth>
	</size>
	<segmented>0</segmented>
	<object>
		<name>Dresses</name>
		<pose>Unspecified</pose>
		<truncated>0</truncated>
		<difficult>0</difficult>
		<bndbox>
			<xmin>182</xmin>
			<ymin>56</ymin>
			<xmax>388</xmax>
			<ymax>543</ymax>
		</bndbox>
	</object>
</annotation>
