<annotation>
	<folder>samples_2</folder>
	<filename>1358350_63f35e0c495f4d0f4975120f1254497a.thumbnail.jpg</filename>
	<path>/Users/jingyuanpan/Downloads/ProductImageSegmentation-master/samples_2/1358350_63f35e0c495f4d0f4975120f1254497a.thumbnail.jpg</path>
	<source>
		<database>Unknown</database>
	</source>
	<size>
		<width>640</width>
		<height>640</height>
		<depth>3</depth>
	</size>
	<segmented>0</segmented>
	<object>
		<name>Tops</name>
		<pose>Unspecified</pose>
		<truncated>0</truncated>
		<difficult>0</difficult>
		<bndbox>
			<xmin>241</xmin>
			<ymin>186</ymin>
			<xmax>395</xmax>
			<ymax>313</ymax>
		</bndbox>
	</object>
	<object>
		<name>Pants_Leggings</name>
		<pose>Unspecified</pose>
		<truncated>0</truncated>
		<difficult>0</difficult>
		<bndbox>
			<xmin>233</xmin>
			<ymin>302</ymin>
			<xmax>391</xmax>
			<ymax>575</ymax>
		</bndbox>
	</object>
</annotation>
