<annotation>
	<folder>samples_2</folder>
	<filename>13615897_2862487d53341d1c7764867872bcec0c.thumbnail.jpg</filename>
	<path>C:\Users\Wei Zhang\Desktop\Shopee\samples_2\13615897_2862487d53341d1c7764867872bcec0c.thumbnail.jpg</path>
	<source>
		<database>Unknown</database>
	</source>
	<size>
		<width>640</width>
		<height>640</height>
		<depth>3</depth>
	</size>
	<segmented>0</segmented>
	<object>
		<name>Skirts</name>
		<pose>Unspecified</pose>
		<truncated>0</truncated>
		<difficult>0</difficult>
		<bndbox>
			<xmin>140</xmin>
			<ymin>97</ymin>
			<xmax>485</xmax>
			<ymax>563</ymax>
		</bndbox>
	</object>
</annotation>
