<annotation>
	<folder>samples_2</folder>
	<filename>13675172_5280b20d8fd1b3a8af8242f6c664dbf6.thumbnail.jpg</filename>
	<path>/Users/jingyuanpan/Downloads/ProductImageSegmentation-master/samples_2/13675172_5280b20d8fd1b3a8af8242f6c664dbf6.thumbnail.jpg</path>
	<source>
		<database>Unknown</database>
	</source>
	<size>
		<width>640</width>
		<height>640</height>
		<depth>3</depth>
	</size>
	<segmented>0</segmented>
	<object>
		<name>Tops</name>
		<pose>Unspecified</pose>
		<truncated>0</truncated>
		<difficult>0</difficult>
		<bndbox>
			<xmin>309</xmin>
			<ymin>199</ymin>
			<xmax>425</xmax>
			<ymax>329</ymax>
		</bndbox>
	</object>
	<object>
		<name>Pants_Leggings</name>
		<pose>Unspecified</pose>
		<truncated>0</truncated>
		<difficult>0</difficult>
		<bndbox>
			<xmin>266</xmin>
			<ymin>301</ymin>
			<xmax>391</xmax>
			<ymax>571</ymax>
		</bndbox>
	</object>
</annotation>
