<annotation>
	<folder>samples_2</folder>
	<filename>13722524_f2852ca20a73eeadfdae28bc8b172a35.thumbnail.jpg</filename>
	<path>/Users/jingyuanpan/Downloads/ProductImageSegmentation-master/samples_2/13722524_f2852ca20a73eeadfdae28bc8b172a35.thumbnail.jpg</path>
	<source>
		<database>Unknown</database>
	</source>
	<size>
		<width>639</width>
		<height>640</height>
		<depth>3</depth>
	</size>
	<segmented>0</segmented>
	<object>
		<name>Pants_Leggings</name>
		<pose>Unspecified</pose>
		<truncated>0</truncated>
		<difficult>0</difficult>
		<bndbox>
			<xmin>58</xmin>
			<ymin>84</ymin>
			<xmax>410</xmax>
			<ymax>633</ymax>
		</bndbox>
	</object>
</annotation>
