<annotation>
	<folder>samples_2</folder>
	<filename>13787141_bb0c5d10a9fe6fb98f90341b019c8a75.thumbnail.jpg</filename>
	<path>/Users/jingyuanpan/Downloads/ProductImageSegmentation-master/samples_2/13787141_bb0c5d10a9fe6fb98f90341b019c8a75.thumbnail.jpg</path>
	<source>
		<database>Unknown</database>
	</source>
	<size>
		<width>640</width>
		<height>631</height>
		<depth>3</depth>
	</size>
	<segmented>0</segmented>
	<object>
		<name>Tops</name>
		<pose>Unspecified</pose>
		<truncated>0</truncated>
		<difficult>0</difficult>
		<bndbox>
			<xmin>267</xmin>
			<ymin>98</ymin>
			<xmax>404</xmax>
			<ymax>291</ymax>
		</bndbox>
	</object>
	<object>
		<name>Pants_Leggings</name>
		<pose>Unspecified</pose>
		<truncated>0</truncated>
		<difficult>0</difficult>
		<bndbox>
			<xmin>278</xmin>
			<ymin>281</ymin>
			<xmax>395</xmax>
			<ymax>540</ymax>
		</bndbox>
	</object>
</annotation>
