<annotation>
	<folder>samples_2</folder>
	<filename>13848843_15810a23fada834dc01f2cdc2be47172.thumbnail.jpg</filename>
	<path>C:\Users\Wei Zhang\Desktop\Shopee\samples_2\13848843_15810a23fada834dc01f2cdc2be47172.thumbnail.jpg</path>
	<source>
		<database>Unknown</database>
	</source>
	<size>
		<width>640</width>
		<height>640</height>
		<depth>3</depth>
	</size>
	<segmented>0</segmented>
	<object>
		<name>Tops</name>
		<pose>Unspecified</pose>
		<truncated>0</truncated>
		<difficult>0</difficult>
		<bndbox>
			<xmin>32</xmin>
			<ymin>192</ymin>
			<xmax>298</xmax>
			<ymax>418</ymax>
		</bndbox>
	</object>
	<object>
		<name>Tops</name>
		<pose>Unspecified</pose>
		<truncated>0</truncated>
		<difficult>0</difficult>
		<bndbox>
			<xmin>368</xmin>
			<ymin>197</ymin>
			<xmax>609</xmax>
			<ymax>434</ymax>
		</bndbox>
	</object>
</annotation>
