<annotation>
	<folder>samples_2</folder>
	<filename>13852883_25c0b15476f07365c252981decd92b02.thumbnail.jpg</filename>
	<path>C:\Users\Wei Zhang\Desktop\Shopee\samples_2\13852883_25c0b15476f07365c252981decd92b02.thumbnail.jpg</path>
	<source>
		<database>Unknown</database>
	</source>
	<size>
		<width>640</width>
		<height>640</height>
		<depth>3</depth>
	</size>
	<segmented>0</segmented>
	<object>
		<name>Skirts</name>
		<pose>Unspecified</pose>
		<truncated>0</truncated>
		<difficult>0</difficult>
		<bndbox>
			<xmin>138</xmin>
			<ymin>83</ymin>
			<xmax>507</xmax>
			<ymax>531</ymax>
		</bndbox>
	</object>
</annotation>
