<annotation>
	<folder>samples_2</folder>
	<filename>13942293_ee5f686a8be39e796381c8eef8e926e4.thumbnail.jpg</filename>
	<path>C:\Users\Wei Zhang\Desktop\Shopee\samples_2\13942293_ee5f686a8be39e796381c8eef8e926e4.thumbnail.jpg</path>
	<source>
		<database>Unknown</database>
	</source>
	<size>
		<width>640</width>
		<height>640</height>
		<depth>3</depth>
	</size>
	<segmented>0</segmented>
	<object>
		<name>Tops</name>
		<pose>Unspecified</pose>
		<truncated>0</truncated>
		<difficult>0</difficult>
		<bndbox>
			<xmin>196</xmin>
			<ymin>22</ymin>
			<xmax>514</xmax>
			<ymax>339</ymax>
		</bndbox>
	</object>
	<object>
		<name>Shorts</name>
		<pose>Unspecified</pose>
		<truncated>0</truncated>
		<difficult>0</difficult>
		<bndbox>
			<xmin>172</xmin>
			<ymin>320</ymin>
			<xmax>512</xmax>
			<ymax>576</ymax>
		</bndbox>
	</object>
</annotation>
