<annotation>
	<folder>samples_2</folder>
	<filename>14017391_60ca1a1aff29264499f5ccfbb4c5f569.thumbnail.jpg</filename>
	<path>C:\Users\Wei Zhang\Desktop\Shopee\samples_2\14017391_60ca1a1aff29264499f5ccfbb4c5f569.thumbnail.jpg</path>
	<source>
		<database>Unknown</database>
	</source>
	<size>
		<width>640</width>
		<height>640</height>
		<depth>3</depth>
	</size>
	<segmented>0</segmented>
	<object>
		<name>Tops</name>
		<pose>Unspecified</pose>
		<truncated>1</truncated>
		<difficult>0</difficult>
		<bndbox>
			<xmin>141</xmin>
			<ymin>1</ymin>
			<xmax>590</xmax>
			<ymax>290</ymax>
		</bndbox>
	</object>
</annotation>
