<annotation>
	<folder>samples_2</folder>
	<filename>14050944_a86fd6d06e90fadf5f22cc0bd8c2bb7f.thumbnail.jpg</filename>
	<path>C:\Users\Wei Zhang\Desktop\Shopee\samples_2\14050944_a86fd6d06e90fadf5f22cc0bd8c2bb7f.thumbnail.jpg</path>
	<source>
		<database>Unknown</database>
	</source>
	<size>
		<width>640</width>
		<height>640</height>
		<depth>3</depth>
	</size>
	<segmented>0</segmented>
	<object>
		<name>Skirts</name>
		<pose>Unspecified</pose>
		<truncated>1</truncated>
		<difficult>0</difficult>
		<bndbox>
			<xmin>174</xmin>
			<ymin>1</ymin>
			<xmax>620</xmax>
			<ymax>312</ymax>
		</bndbox>
	</object>
	<object>
		<name>Skirts</name>
		<pose>Unspecified</pose>
		<truncated>1</truncated>
		<difficult>0</difficult>
		<bndbox>
			<xmin>189</xmin>
			<ymin>183</ymin>
			<xmax>640</xmax>
			<ymax>571</ymax>
		</bndbox>
	</object>
</annotation>
