<annotation>
	<folder>samples_2</folder>
	<filename>14167008_b5aa56e24cff5a321adf8bf0b9b9a810.thumbnail.jpg</filename>
	<path>/Users/jingyuanpan/Downloads/ProductImageSegmentation-master/samples_2/14167008_b5aa56e24cff5a321adf8bf0b9b9a810.thumbnail.jpg</path>
	<source>
		<database>Unknown</database>
	</source>
	<size>
		<width>640</width>
		<height>640</height>
		<depth>3</depth>
	</size>
	<segmented>0</segmented>
	<object>
		<name>Tops</name>
		<pose>Unspecified</pose>
		<truncated>0</truncated>
		<difficult>0</difficult>
		<bndbox>
			<xmin>174</xmin>
			<ymin>118</ymin>
			<xmax>506</xmax>
			<ymax>538</ymax>
		</bndbox>
	</object>
	<object>
		<name>Pants_Leggings</name>
		<pose>Unspecified</pose>
		<truncated>1</truncated>
		<difficult>0</difficult>
		<bndbox>
			<xmin>207</xmin>
			<ymin>513</ymin>
			<xmax>448</xmax>
			<ymax>640</ymax>
		</bndbox>
	</object>
</annotation>
