<annotation>
	<folder>samples_2</folder>
	<filename>14175210_bd21ea910e074656c0c7d729f8556c58.thumbnail.jpg</filename>
	<path>C:\Users\Wei Zhang\Desktop\Shopee\samples_2\14175210_bd21ea910e074656c0c7d729f8556c58.thumbnail.jpg</path>
	<source>
		<database>Unknown</database>
	</source>
	<size>
		<width>640</width>
		<height>640</height>
		<depth>3</depth>
	</size>
	<segmented>0</segmented>
	<object>
		<name>Tops</name>
		<pose>Unspecified</pose>
		<truncated>0</truncated>
		<difficult>0</difficult>
		<bndbox>
			<xmin>217</xmin>
			<ymin>218</ymin>
			<xmax>391</xmax>
			<ymax>484</ymax>
		</bndbox>
	</object>
	<object>
		<name>Pants_Leggings</name>
		<pose>Unspecified</pose>
		<truncated>1</truncated>
		<difficult>0</difficult>
		<bndbox>
			<xmin>174</xmin>
			<ymin>459</ymin>
			<xmax>408</xmax>
			<ymax>640</ymax>
		</bndbox>
	</object>
</annotation>
