<annotation>
	<folder>samples_2</folder>
	<filename>14172790_b0b4c2899f7ef611fba2e44f98c1d9b1.thumbnail.jpg</filename>
	<path>C:\Users\Wei Zhang\Desktop\Shopee\samples_2\14172790_b0b4c2899f7ef611fba2e44f98c1d9b1.thumbnail.jpg</path>
	<source>
		<database>Unknown</database>
	</source>
	<size>
		<width>600</width>
		<height>600</height>
		<depth>3</depth>
	</size>
	<segmented>0</segmented>
	<object>
		<name>Lingerie</name>
		<pose>Unspecified</pose>
		<truncated>0</truncated>
		<difficult>0</difficult>
		<bndbox>
			<xmin>169</xmin>
			<ymin>179</ymin>
			<xmax>382</xmax>
			<ymax>510</ymax>
		</bndbox>
	</object>
</annotation>
