<annotation>
	<folder>samples_2</folder>
	<filename>14287731_54d7839391d03a667250d435bc6eaae1.thumbnail.jpg</filename>
	<path>/Users/jingyuanpan/Downloads/ProductImageSegmentation-master/samples_2/14287731_54d7839391d03a667250d435bc6eaae1.thumbnail.jpg</path>
	<source>
		<database>Unknown</database>
	</source>
	<size>
		<width>640</width>
		<height>640</height>
		<depth>3</depth>
	</size>
	<segmented>0</segmented>
	<object>
		<name>Lingerie</name>
		<pose>Unspecified</pose>
		<truncated>0</truncated>
		<difficult>0</difficult>
		<bndbox>
			<xmin>178</xmin>
			<ymin>106</ymin>
			<xmax>285</xmax>
			<ymax>317</ymax>
		</bndbox>
	</object>
	<object>
		<name>Lingerie</name>
		<pose>Unspecified</pose>
		<truncated>0</truncated>
		<difficult>0</difficult>
		<bndbox>
			<xmin>169</xmin>
			<ymin>454</ymin>
			<xmax>261</xmax>
			<ymax>601</ymax>
		</bndbox>
	</object>
</annotation>
