<annotation>
	<folder>samples_2</folder>
	<filename>14328031_4ef8107c6016bd3e13999d9792215940.thumbnail.jpg</filename>
	<path>/Users/jingyuanpan/Downloads/ProductImageSegmentation-master/samples_2/14328031_4ef8107c6016bd3e13999d9792215940.thumbnail.jpg</path>
	<source>
		<database>Unknown</database>
	</source>
	<size>
		<width>640</width>
		<height>640</height>
		<depth>3</depth>
	</size>
	<segmented>0</segmented>
	<object>
		<name>Lingerie</name>
		<pose>Unspecified</pose>
		<truncated>0</truncated>
		<difficult>0</difficult>
		<bndbox>
			<xmin>144</xmin>
			<ymin>3</ymin>
			<xmax>514</xmax>
			<ymax>614</ymax>
		</bndbox>
	</object>
</annotation>
