<annotation>
	<folder>samples_2</folder>
	<filename>14338942_5e9a3fc66fdfe5a0a4193f6ce4d83a93.thumbnail.jpg</filename>
	<path>/Users/jingyuanpan/Downloads/ProductImageSegmentation-master/samples_2/14338942_5e9a3fc66fdfe5a0a4193f6ce4d83a93.thumbnail.jpg</path>
	<source>
		<database>Unknown</database>
	</source>
	<size>
		<width>640</width>
		<height>640</height>
		<depth>3</depth>
	</size>
	<segmented>0</segmented>
	<object>
		<name>Tops</name>
		<pose>Unspecified</pose>
		<truncated>0</truncated>
		<difficult>0</difficult>
		<bndbox>
			<xmin>328</xmin>
			<ymin>36</ymin>
			<xmax>597</xmax>
			<ymax>348</ymax>
		</bndbox>
	</object>
	<object>
		<name>Shorts</name>
		<pose>Unspecified</pose>
		<truncated>0</truncated>
		<difficult>0</difficult>
		<bndbox>
			<xmin>312</xmin>
			<ymin>291</ymin>
			<xmax>588</xmax>
			<ymax>552</ymax>
		</bndbox>
	</object>
</annotation>
