<annotation>
	<folder>samples_2</folder>
	<filename>14341982_7f65bddca800b629e4c64a7a89c64a8f.thumbnail.jpg</filename>
	<path>/Users/jingyuanpan/Downloads/ProductImageSegmentation-master/samples_2/14341982_7f65bddca800b629e4c64a7a89c64a8f.thumbnail.jpg</path>
	<source>
		<database>Unknown</database>
	</source>
	<size>
		<width>640</width>
		<height>640</height>
		<depth>3</depth>
	</size>
	<segmented>0</segmented>
	<object>
		<name>Tops</name>
		<pose>Unspecified</pose>
		<truncated>0</truncated>
		<difficult>0</difficult>
		<bndbox>
			<xmin>200</xmin>
			<ymin>40</ymin>
			<xmax>422</xmax>
			<ymax>292</ymax>
		</bndbox>
	</object>
	<object>
		<name>Shorts</name>
		<pose>Unspecified</pose>
		<truncated>0</truncated>
		<difficult>0</difficult>
		<bndbox>
			<xmin>194</xmin>
			<ymin>397</ymin>
			<xmax>422</xmax>
			<ymax>565</ymax>
		</bndbox>
	</object>
</annotation>
