<annotation>
	<folder>samples_2</folder>
	<filename>14341982_a6ae9649f164ed237a9cac09a572ee87.thumbnail.jpg</filename>
	<path>C:\Users\Wei Zhang\Desktop\Shopee\samples_2\14341982_a6ae9649f164ed237a9cac09a572ee87.thumbnail.jpg</path>
	<source>
		<database>Unknown</database>
	</source>
	<size>
		<width>640</width>
		<height>640</height>
		<depth>3</depth>
	</size>
	<segmented>0</segmented>
	<object>
		<name>Shorts</name>
		<pose>Unspecified</pose>
		<truncated>1</truncated>
		<difficult>0</difficult>
		<bndbox>
			<xmin>2</xmin>
			<ymin>329</ymin>
			<xmax>563</xmax>
			<ymax>640</ymax>
		</bndbox>
	</object>
</annotation>
