<annotation>
	<folder>samples_2</folder>
	<filename>14463706_f40a1e26e774a43e63e4eaafe14db361.thumbnail.jpg</filename>
	<path>/Users/jingyuanpan/Downloads/ProductImageSegmentation-master/samples_2/14463706_f40a1e26e774a43e63e4eaafe14db361.thumbnail.jpg</path>
	<source>
		<database>Unknown</database>
	</source>
	<size>
		<width>640</width>
		<height>640</height>
		<depth>3</depth>
	</size>
	<segmented>0</segmented>
	<object>
		<name>Tops</name>
		<pose>Unspecified</pose>
		<truncated>0</truncated>
		<difficult>0</difficult>
		<bndbox>
			<xmin>210</xmin>
			<ymin>201</ymin>
			<xmax>426</xmax>
			<ymax>449</ymax>
		</bndbox>
	</object>
	<object>
		<name>Pants_Leggings</name>
		<pose>Unspecified</pose>
		<truncated>1</truncated>
		<difficult>0</difficult>
		<bndbox>
			<xmin>253</xmin>
			<ymin>440</ymin>
			<xmax>450</xmax>
			<ymax>640</ymax>
		</bndbox>
	</object>
</annotation>
