<annotation>
	<folder>samples_2</folder>
	<filename>14471499_e50eff828ea5ddbb55aef210e27227c3.thumbnail.jpg</filename>
	<path>/Users/jingyuanpan/Downloads/ProductImageSegmentation-master/samples_2/14471499_e50eff828ea5ddbb55aef210e27227c3.thumbnail.jpg</path>
	<source>
		<database>Unknown</database>
	</source>
	<size>
		<width>640</width>
		<height>640</height>
		<depth>3</depth>
	</size>
	<segmented>0</segmented>
	<object>
		<name>Tops</name>
		<pose>Unspecified</pose>
		<truncated>0</truncated>
		<difficult>0</difficult>
		<bndbox>
			<xmin>362</xmin>
			<ymin>185</ymin>
			<xmax>500</xmax>
			<ymax>315</ymax>
		</bndbox>
	</object>
	<object>
		<name>Pants_Leggings</name>
		<pose>Unspecified</pose>
		<truncated>0</truncated>
		<difficult>0</difficult>
		<bndbox>
			<xmin>389</xmin>
			<ymin>293</ymin>
			<xmax>494</xmax>
			<ymax>537</ymax>
		</bndbox>
	</object>
</annotation>
