<annotation>
	<folder>samples_2</folder>
	<filename>14529259_38e05bd935f6d16474b30387110c9132.thumbnail.jpg</filename>
	<path>C:\Users\Wei Zhang\Desktop\Shopee\samples_2\14529259_38e05bd935f6d16474b30387110c9132.thumbnail.jpg</path>
	<source>
		<database>Unknown</database>
	</source>
	<size>
		<width>640</width>
		<height>640</height>
		<depth>3</depth>
	</size>
	<segmented>0</segmented>
	<object>
		<name>Tops</name>
		<pose>Unspecified</pose>
		<truncated>0</truncated>
		<difficult>0</difficult>
		<bndbox>
			<xmin>226</xmin>
			<ymin>243</ymin>
			<xmax>458</xmax>
			<ymax>566</ymax>
		</bndbox>
	</object>
</annotation>
