<annotation>
	<folder>samples_2</folder>
	<filename>14573369_626aa3e14fbd05ef8004a42fcf5a4140.thumbnail.jpg</filename>
	<path>C:\Users\Wei Zhang\Desktop\Shopee\samples_2\14573369_626aa3e14fbd05ef8004a42fcf5a4140.thumbnail.jpg</path>
	<source>
		<database>Unknown</database>
	</source>
	<size>
		<width>640</width>
		<height>640</height>
		<depth>3</depth>
	</size>
	<segmented>0</segmented>
	<object>
		<name>Tops</name>
		<pose>Unspecified</pose>
		<truncated>0</truncated>
		<difficult>0</difficult>
		<bndbox>
			<xmin>213</xmin>
			<ymin>65</ymin>
			<xmax>584</xmax>
			<ymax>346</ymax>
		</bndbox>
	</object>
	<object>
		<name>Skirts</name>
		<pose>Unspecified</pose>
		<truncated>0</truncated>
		<difficult>0</difficult>
		<bndbox>
			<xmin>320</xmin>
			<ymin>329</ymin>
			<xmax>508</xmax>
			<ymax>600</ymax>
		</bndbox>
	</object>
</annotation>
