<annotation>
	<folder>samples_2</folder>
	<filename>14590957_4120e43a5a8d35ad30b1af52c0a5b069.thumbnail.jpg</filename>
	<path>/Users/jingyuanpan/Downloads/ProductImageSegmentation-master/samples_2/14590957_4120e43a5a8d35ad30b1af52c0a5b069.thumbnail.jpg</path>
	<source>
		<database>Unknown</database>
	</source>
	<size>
		<width>636</width>
		<height>640</height>
		<depth>3</depth>
	</size>
	<segmented>0</segmented>
	<object>
		<name>Shorts</name>
		<pose>Unspecified</pose>
		<truncated>0</truncated>
		<difficult>0</difficult>
		<bndbox>
			<xmin>106</xmin>
			<ymin>220</ymin>
			<xmax>554</xmax>
			<ymax>609</ymax>
		</bndbox>
	</object>
</annotation>
