<annotation>
	<folder>samples_2</folder>
	<filename>14618864_b01d969ac8085768ff6fb4fa912779da.thumbnail.jpg</filename>
	<path>/Users/jingyuanpan/Downloads/ProductImageSegmentation-master/samples_2/14618864_b01d969ac8085768ff6fb4fa912779da.thumbnail.jpg</path>
	<source>
		<database>Unknown</database>
	</source>
	<size>
		<width>640</width>
		<height>640</height>
		<depth>3</depth>
	</size>
	<segmented>0</segmented>
	<object>
		<name>Dresses</name>
		<pose>Unspecified</pose>
		<truncated>1</truncated>
		<difficult>0</difficult>
		<bndbox>
			<xmin>151</xmin>
			<ymin>52</ymin>
			<xmax>436</xmax>
			<ymax>640</ymax>
		</bndbox>
	</object>
</annotation>
