<annotation>
	<folder>samples_2</folder>
	<filename>14628219_7cbd4d82814074c928d9dc4e68861eba.thumbnail.jpg</filename>
	<path>/Users/jingyuanpan/Downloads/ProductImageSegmentation-master/samples_2/14628219_7cbd4d82814074c928d9dc4e68861eba.thumbnail.jpg</path>
	<source>
		<database>Unknown</database>
	</source>
	<size>
		<width>640</width>
		<height>580</height>
		<depth>3</depth>
	</size>
	<segmented>0</segmented>
	<object>
		<name>Tops</name>
		<pose>Unspecified</pose>
		<truncated>0</truncated>
		<difficult>0</difficult>
		<bndbox>
			<xmin>265</xmin>
			<ymin>220</ymin>
			<xmax>463</xmax>
			<ymax>429</ymax>
		</bndbox>
	</object>
	<object>
		<name>Pants_Leggings</name>
		<pose>Unspecified</pose>
		<truncated>0</truncated>
		<difficult>0</difficult>
		<bndbox>
			<xmin>211</xmin>
			<ymin>271</ymin>
			<xmax>422</xmax>
			<ymax>489</ymax>
		</bndbox>
	</object>
</annotation>
