<annotation>
	<folder>samples_2</folder>
	<filename>14843457_e07a8e37dd74912209fda557605e1474.thumbnail.jpg</filename>
	<path>C:\Users\Wei Zhang\Desktop\Shopee\samples_2\14843457_e07a8e37dd74912209fda557605e1474.thumbnail.jpg</path>
	<source>
		<database>Unknown</database>
	</source>
	<size>
		<width>640</width>
		<height>640</height>
		<depth>3</depth>
	</size>
	<segmented>0</segmented>
	<object>
		<name>Tops</name>
		<pose>Unspecified</pose>
		<truncated>0</truncated>
		<difficult>0</difficult>
		<bndbox>
			<xmin>52</xmin>
			<ymin>53</ymin>
			<xmax>561</xmax>
			<ymax>592</ymax>
		</bndbox>
	</object>
</annotation>
