<annotation>
	<folder>samples_2</folder>
	<filename>14866243_21fcdf57152d4edb3124c805381edb45.thumbnail.jpg</filename>
	<path>/Users/jingyuanpan/Downloads/ProductImageSegmentation-master/samples_2/14866243_21fcdf57152d4edb3124c805381edb45.thumbnail.jpg</path>
	<source>
		<database>Unknown</database>
	</source>
	<size>
		<width>600</width>
		<height>600</height>
		<depth>3</depth>
	</size>
	<segmented>0</segmented>
	<object>
		<name>Tops</name>
		<pose>Unspecified</pose>
		<truncated>1</truncated>
		<difficult>0</difficult>
		<bndbox>
			<xmin>114</xmin>
			<ymin>26</ymin>
			<xmax>481</xmax>
			<ymax>600</ymax>
		</bndbox>
	</object>
</annotation>
