<annotation>
	<folder>samples_2</folder>
	<filename>14892239_7a9f03cbc66eef498d1524e83ee3c276.thumbnail.jpg</filename>
	<path>/Users/jingyuanpan/Downloads/ProductImageSegmentation-master/samples_2/14892239_7a9f03cbc66eef498d1524e83ee3c276.thumbnail.jpg</path>
	<source>
		<database>Unknown</database>
	</source>
	<size>
		<width>640</width>
		<height>640</height>
		<depth>3</depth>
	</size>
	<segmented>0</segmented>
	<object>
		<name>Tops</name>
		<pose>Unspecified</pose>
		<truncated>0</truncated>
		<difficult>0</difficult>
		<bndbox>
			<xmin>272</xmin>
			<ymin>82</ymin>
			<xmax>405</xmax>
			<ymax>324</ymax>
		</bndbox>
	</object>
	<object>
		<name>Pants_Leggings</name>
		<pose>Unspecified</pose>
		<truncated>0</truncated>
		<difficult>0</difficult>
		<bndbox>
			<xmin>214</xmin>
			<ymin>312</ymin>
			<xmax>386</xmax>
			<ymax>545</ymax>
		</bndbox>
	</object>
</annotation>
