<annotation>
	<folder>samples_2</folder>
	<filename>14901515_8895f4ae14b8e0c6b438df3aeeaf1e66.thumbnail.jpg</filename>
	<path>/Users/jingyuanpan/Downloads/ProductImageSegmentation-master/samples_2/14901515_8895f4ae14b8e0c6b438df3aeeaf1e66.thumbnail.jpg</path>
	<source>
		<database>Unknown</database>
	</source>
	<size>
		<width>640</width>
		<height>640</height>
		<depth>3</depth>
	</size>
	<segmented>0</segmented>
	<object>
		<name>Dresses</name>
		<pose>Unspecified</pose>
		<truncated>0</truncated>
		<difficult>0</difficult>
		<bndbox>
			<xmin>273</xmin>
			<ymin>115</ymin>
			<xmax>402</xmax>
			<ymax>466</ymax>
		</bndbox>
	</object>
</annotation>
