<annotation>
	<folder>samples_2</folder>
	<filename>14980588_83f5e36e0ec694538f94ba72baeb0672.thumbnail.jpg</filename>
	<path>/Users/jingyuanpan/Downloads/ProductImageSegmentation-master/samples_2/14980588_83f5e36e0ec694538f94ba72baeb0672.thumbnail.jpg</path>
	<source>
		<database>Unknown</database>
	</source>
	<size>
		<width>635</width>
		<height>635</height>
		<depth>3</depth>
	</size>
	<segmented>0</segmented>
	<object>
		<name>Tops</name>
		<pose>Unspecified</pose>
		<truncated>0</truncated>
		<difficult>0</difficult>
		<bndbox>
			<xmin>130</xmin>
			<ymin>51</ymin>
			<xmax>451</xmax>
			<ymax>450</ymax>
		</bndbox>
	</object>
	<object>
		<name>Shorts</name>
		<pose>Unspecified</pose>
		<truncated>0</truncated>
		<difficult>0</difficult>
		<bndbox>
			<xmin>203</xmin>
			<ymin>404</ymin>
			<xmax>449</xmax>
			<ymax>588</ymax>
		</bndbox>
	</object>
</annotation>
