<annotation>
	<folder>samples_2</folder>
	<filename>15029409_a4a1952104f95f32c3764a14f1002952.thumbnail.jpg</filename>
	<path>/Users/jingyuanpan/Downloads/ProductImageSegmentation-master/samples_2/15029409_a4a1952104f95f32c3764a14f1002952.thumbnail.jpg</path>
	<source>
		<database>Unknown</database>
	</source>
	<size>
		<width>640</width>
		<height>640</height>
		<depth>3</depth>
	</size>
	<segmented>0</segmented>
	<object>
		<name>Tops</name>
		<pose>Unspecified</pose>
		<truncated>0</truncated>
		<difficult>0</difficult>
		<bndbox>
			<xmin>44</xmin>
			<ymin>74</ymin>
			<xmax>422</xmax>
			<ymax>546</ymax>
		</bndbox>
	</object>
	<object>
		<name>Tops</name>
		<pose>Unspecified</pose>
		<truncated>0</truncated>
		<difficult>0</difficult>
		<bndbox>
			<xmin>360</xmin>
			<ymin>186</ymin>
			<xmax>595</xmax>
			<ymax>546</ymax>
		</bndbox>
	</object>
</annotation>
