<annotation>
	<folder>samples_2</folder>
	<filename>15047397_10d07c52584af5952d0a3819f8c1c785.thumbnail.jpg</filename>
	<path>/Users/jingyuanpan/Downloads/ProductImageSegmentation-master/samples_2/15047397_10d07c52584af5952d0a3819f8c1c785.thumbnail.jpg</path>
	<source>
		<database>Unknown</database>
	</source>
	<size>
		<width>640</width>
		<height>640</height>
		<depth>3</depth>
	</size>
	<segmented>0</segmented>
	<object>
		<name>Dresses</name>
		<pose>Unspecified</pose>
		<truncated>0</truncated>
		<difficult>0</difficult>
		<bndbox>
			<xmin>52</xmin>
			<ymin>6</ymin>
			<xmax>307</xmax>
			<ymax>629</ymax>
		</bndbox>
	</object>
	<object>
		<name>Dresses</name>
		<pose>Unspecified</pose>
		<truncated>0</truncated>
		<difficult>0</difficult>
		<bndbox>
			<xmin>391</xmin>
			<ymin>158</ymin>
			<xmax>619</xmax>
			<ymax>615</ymax>
		</bndbox>
	</object>
</annotation>
