<annotation>
	<folder>samples_2</folder>
	<filename>15062662_241f6eb2de7eb4b654806c68a843fd25.thumbnail.jpg</filename>
	<path>/Users/jingyuanpan/Downloads/ProductImageSegmentation-master/samples_2/15062662_241f6eb2de7eb4b654806c68a843fd25.thumbnail.jpg</path>
	<source>
		<database>Unknown</database>
	</source>
	<size>
		<width>640</width>
		<height>640</height>
		<depth>3</depth>
	</size>
	<segmented>0</segmented>
	<object>
		<name>Tops</name>
		<pose>Unspecified</pose>
		<truncated>0</truncated>
		<difficult>0</difficult>
		<bndbox>
			<xmin>180</xmin>
			<ymin>104</ymin>
			<xmax>377</xmax>
			<ymax>290</ymax>
		</bndbox>
	</object>
	<object>
		<name>Tops</name>
		<pose>Unspecified</pose>
		<truncated>0</truncated>
		<difficult>0</difficult>
		<bndbox>
			<xmin>166</xmin>
			<ymin>321</ymin>
			<xmax>388</xmax>
			<ymax>492</ymax>
		</bndbox>
	</object>
</annotation>
