<annotation>
	<folder>samples_2</folder>
	<filename>15062868_d8741428022c25fedd9a205dcf4d5632.thumbnail.jpg</filename>
	<path>/Users/jingyuanpan/Downloads/ProductImageSegmentation-master/samples_2/15062868_d8741428022c25fedd9a205dcf4d5632.thumbnail.jpg</path>
	<source>
		<database>Unknown</database>
	</source>
	<size>
		<width>640</width>
		<height>640</height>
		<depth>3</depth>
	</size>
	<segmented>0</segmented>
	<object>
		<name>Tops</name>
		<pose>Unspecified</pose>
		<truncated>0</truncated>
		<difficult>0</difficult>
		<bndbox>
			<xmin>154</xmin>
			<ymin>16</ymin>
			<xmax>441</xmax>
			<ymax>633</ymax>
		</bndbox>
	</object>
</annotation>
