<annotation>
	<folder>samples_2</folder>
	<filename>15124801_d9a2241f55ac1c6d6562a88cf3849013.thumbnail.jpg</filename>
	<path>/Users/jingyuanpan/Downloads/ProductImageSegmentation-master/samples_2/15124801_d9a2241f55ac1c6d6562a88cf3849013.thumbnail.jpg</path>
	<source>
		<database>Unknown</database>
	</source>
	<size>
		<width>640</width>
		<height>474</height>
		<depth>3</depth>
	</size>
	<segmented>0</segmented>
	<object>
		<name>Tops</name>
		<pose>Unspecified</pose>
		<truncated>0</truncated>
		<difficult>0</difficult>
		<bndbox>
			<xmin>258</xmin>
			<ymin>102</ymin>
			<xmax>443</xmax>
			<ymax>270</ymax>
		</bndbox>
	</object>
	<object>
		<name>Skirts</name>
		<pose>Unspecified</pose>
		<truncated>0</truncated>
		<difficult>0</difficult>
		<bndbox>
			<xmin>226</xmin>
			<ymin>249</ymin>
			<xmax>372</xmax>
			<ymax>420</ymax>
		</bndbox>
	</object>
</annotation>
