<annotation>
	<folder>samples_2</folder>
	<filename>15168477_3283c957d5c7610d10330ddf8b6ad059.thumbnail.jpg</filename>
	<path>/Users/jingyuanpan/Downloads/ProductImageSegmentation-master/samples_2/15168477_3283c957d5c7610d10330ddf8b6ad059.thumbnail.jpg</path>
	<source>
		<database>Unknown</database>
	</source>
	<size>
		<width>640</width>
		<height>640</height>
		<depth>3</depth>
	</size>
	<segmented>0</segmented>
	<object>
		<name>Tops</name>
		<pose>Unspecified</pose>
		<truncated>0</truncated>
		<difficult>0</difficult>
		<bndbox>
			<xmin>106</xmin>
			<ymin>274</ymin>
			<xmax>487</xmax>
			<ymax>632</ymax>
		</bndbox>
	</object>
</annotation>
