<annotation>
	<folder>samples_2</folder>
	<filename>15236617_89b596270a94d03d6af2d29e0605ab1f.thumbnail.jpg</filename>
	<path>/Users/jingyuanpan/Downloads/ProductImageSegmentation-master/samples_2/15236617_89b596270a94d03d6af2d29e0605ab1f.thumbnail.jpg</path>
	<source>
		<database>Unknown</database>
	</source>
	<size>
		<width>640</width>
		<height>640</height>
		<depth>3</depth>
	</size>
	<segmented>0</segmented>
	<object>
		<name>Lingerie</name>
		<pose>Unspecified</pose>
		<truncated>0</truncated>
		<difficult>0</difficult>
		<bndbox>
			<xmin>53</xmin>
			<ymin>54</ymin>
			<xmax>558</xmax>
			<ymax>594</ymax>
		</bndbox>
	</object>
</annotation>
