<annotation>
	<folder>samples_2</folder>
	<filename>15270469_06a4fd211bae0179f6b792b5735bbcb2.thumbnail.jpg</filename>
	<path>/Users/jingyuanpan/Downloads/ProductImageSegmentation-master/samples_2/15270469_06a4fd211bae0179f6b792b5735bbcb2.thumbnail.jpg</path>
	<source>
		<database>Unknown</database>
	</source>
	<size>
		<width>527</width>
		<height>640</height>
		<depth>3</depth>
	</size>
	<segmented>0</segmented>
	<object>
		<name>Dresses</name>
		<pose>Unspecified</pose>
		<truncated>0</truncated>
		<difficult>0</difficult>
		<bndbox>
			<xmin>168</xmin>
			<ymin>209</ymin>
			<xmax>431</xmax>
			<ymax>534</ymax>
		</bndbox>
	</object>
</annotation>
