<annotation>
	<folder>samples_2</folder>
	<filename>15344462_67665c2c5fc1b58cf7bf33f0db2b8fdd.thumbnail.jpg</filename>
	<path>C:\Users\Wei Zhang\Desktop\Shopee\samples_2\15344462_67665c2c5fc1b58cf7bf33f0db2b8fdd.thumbnail.jpg</path>
	<source>
		<database>Unknown</database>
	</source>
	<size>
		<width>479</width>
		<height>640</height>
		<depth>3</depth>
	</size>
	<segmented>0</segmented>
	<object>
		<name>Tops</name>
		<pose>Unspecified</pose>
		<truncated>0</truncated>
		<difficult>0</difficult>
		<bndbox>
			<xmin>93</xmin>
			<ymin>245</ymin>
			<xmax>317</xmax>
			<ymax>551</ymax>
		</bndbox>
	</object>
	<object>
		<name>Pants_Leggings</name>
		<pose>Unspecified</pose>
		<truncated>1</truncated>
		<difficult>0</difficult>
		<bndbox>
			<xmin>113</xmin>
			<ymin>510</ymin>
			<xmax>336</xmax>
			<ymax>640</ymax>
		</bndbox>
	</object>
</annotation>
