<annotation>
	<folder>samples_2</folder>
	<filename>15351434_a240d5dbecc9fcdc9b2995ad8da12d71.thumbnail.jpg</filename>
	<path>/Users/jingyuanpan/Downloads/ProductImageSegmentation-master/samples_2/15351434_a240d5dbecc9fcdc9b2995ad8da12d71.thumbnail.jpg</path>
	<source>
		<database>Unknown</database>
	</source>
	<size>
		<width>640</width>
		<height>640</height>
		<depth>3</depth>
	</size>
	<segmented>0</segmented>
	<object>
		<name>Tops</name>
		<pose>Unspecified</pose>
		<truncated>0</truncated>
		<difficult>0</difficult>
		<bndbox>
			<xmin>272</xmin>
			<ymin>126</ymin>
			<xmax>432</xmax>
			<ymax>320</ymax>
		</bndbox>
	</object>
	<object>
		<name>Pants_Leggings</name>
		<pose>Unspecified</pose>
		<truncated>0</truncated>
		<difficult>0</difficult>
		<bndbox>
			<xmin>186</xmin>
			<ymin>296</ymin>
			<xmax>382</xmax>
			<ymax>571</ymax>
		</bndbox>
	</object>
</annotation>
