<annotation>
	<folder>samples_2</folder>
	<filename>15437242_6020f6a961edbb9a0f602668e6266175.thumbnail.jpg</filename>
	<path>/Users/jingyuanpan/Downloads/ProductImageSegmentation-master/samples_2/15437242_6020f6a961edbb9a0f602668e6266175.thumbnail.jpg</path>
	<source>
		<database>Unknown</database>
	</source>
	<size>
		<width>640</width>
		<height>640</height>
		<depth>3</depth>
	</size>
	<segmented>0</segmented>
	<object>
		<name>Tops</name>
		<pose>Unspecified</pose>
		<truncated>1</truncated>
		<difficult>0</difficult>
		<bndbox>
			<xmin>68</xmin>
			<ymin>62</ymin>
			<xmax>524</xmax>
			<ymax>640</ymax>
		</bndbox>
	</object>
</annotation>
