<annotation>
	<folder>samples_2</folder>
	<filename>15452741_48501a825acad6d879d618b6768da5ca.thumbnail.jpg</filename>
	<path>/Users/jingyuanpan/Downloads/ProductImageSegmentation-master/samples_2/15452741_48501a825acad6d879d618b6768da5ca.thumbnail.jpg</path>
	<source>
		<database>Unknown</database>
	</source>
	<size>
		<width>640</width>
		<height>640</height>
		<depth>3</depth>
	</size>
	<segmented>0</segmented>
	<object>
		<name>Dresses</name>
		<pose>Unspecified</pose>
		<truncated>1</truncated>
		<difficult>0</difficult>
		<bndbox>
			<xmin>150</xmin>
			<ymin>1</ymin>
			<xmax>485</xmax>
			<ymax>640</ymax>
		</bndbox>
	</object>
</annotation>
