<annotation>
	<folder>samples_2</folder>
	<filename>15621241_e5f5d06749d0583c40f9307234781a7a.thumbnail.jpg</filename>
	<path>/Users/jingyuanpan/Downloads/ProductImageSegmentation-master/samples_2/15621241_e5f5d06749d0583c40f9307234781a7a.thumbnail.jpg</path>
	<source>
		<database>Unknown</database>
	</source>
	<size>
		<width>600</width>
		<height>600</height>
		<depth>3</depth>
	</size>
	<segmented>0</segmented>
	<object>
		<name>Pants_Leggings</name>
		<pose>Unspecified</pose>
		<truncated>1</truncated>
		<difficult>0</difficult>
		<bndbox>
			<xmin>1</xmin>
			<ymin>7</ymin>
			<xmax>594</xmax>
			<ymax>433</ymax>
		</bndbox>
	</object>
</annotation>
