<annotation>
	<folder>samples_2</folder>
	<filename>15645100_f5ba925b0021e047cfab8ea32fc9a739.thumbnail.jpg</filename>
	<path>/Users/jingyuanpan/Downloads/ProductImageSegmentation-master/samples_2/15645100_f5ba925b0021e047cfab8ea32fc9a739.thumbnail.jpg</path>
	<source>
		<database>Unknown</database>
	</source>
	<size>
		<width>640</width>
		<height>640</height>
		<depth>3</depth>
	</size>
	<segmented>0</segmented>
	<object>
		<name>Tops</name>
		<pose>Unspecified</pose>
		<truncated>0</truncated>
		<difficult>0</difficult>
		<bndbox>
			<xmin>224</xmin>
			<ymin>236</ymin>
			<xmax>456</xmax>
			<ymax>432</ymax>
		</bndbox>
	</object>
</annotation>
