<annotation>
	<folder>samples_2</folder>
	<filename>15671351_95e20932e62d5c0daa8aa380b9fc6e32.thumbnail.jpg</filename>
	<path>/Users/jingyuanpan/Downloads/ProductImageSegmentation-master/samples_2/15671351_95e20932e62d5c0daa8aa380b9fc6e32.thumbnail.jpg</path>
	<source>
		<database>Unknown</database>
	</source>
	<size>
		<width>640</width>
		<height>640</height>
		<depth>3</depth>
	</size>
	<segmented>0</segmented>
	<object>
		<name>Pants_Leggings</name>
		<pose>Unspecified</pose>
		<truncated>0</truncated>
		<difficult>0</difficult>
		<bndbox>
			<xmin>192</xmin>
			<ymin>145</ymin>
			<xmax>428</xmax>
			<ymax>489</ymax>
		</bndbox>
	</object>
	<object>
		<name>Tops</name>
		<pose>Unspecified</pose>
		<truncated>0</truncated>
		<difficult>0</difficult>
		<bndbox>
			<xmin>311</xmin>
			<ymin>15</ymin>
			<xmax>484</xmax>
			<ymax>174</ymax>
		</bndbox>
	</object>
</annotation>
