<annotation>
	<folder>samples_2</folder>
	<filename>15954298_27a56817fa2ef8c08b9d59be86f3e830.thumbnail.jpg</filename>
	<path>/Users/jingyuanpan/Downloads/ProductImageSegmentation-master/samples_2/15954298_27a56817fa2ef8c08b9d59be86f3e830.thumbnail.jpg</path>
	<source>
		<database>Unknown</database>
	</source>
	<size>
		<width>640</width>
		<height>640</height>
		<depth>3</depth>
	</size>
	<segmented>0</segmented>
	<object>
		<name>Pants_Leggings</name>
		<pose>Unspecified</pose>
		<truncated>0</truncated>
		<difficult>0</difficult>
		<bndbox>
			<xmin>39</xmin>
			<ymin>271</ymin>
			<xmax>165</xmax>
			<ymax>439</ymax>
		</bndbox>
	</object>
	<object>
		<name>Pants_Leggings</name>
		<pose>Unspecified</pose>
		<truncated>0</truncated>
		<difficult>0</difficult>
		<bndbox>
			<xmin>208</xmin>
			<ymin>221</ymin>
			<xmax>320</xmax>
			<ymax>354</ymax>
		</bndbox>
	</object>
	<object>
		<name>Pants_Leggings</name>
		<pose>Unspecified</pose>
		<truncated>0</truncated>
		<difficult>0</difficult>
		<bndbox>
			<xmin>393</xmin>
			<ymin>157</ymin>
			<xmax>513</xmax>
			<ymax>342</ymax>
		</bndbox>
	</object>
	<object>
		<name>Pants_Leggings</name>
		<pose>Unspecified</pose>
		<truncated>0</truncated>
		<difficult>0</difficult>
		<bndbox>
			<xmin>555</xmin>
			<ymin>224</ymin>
			<xmax>636</xmax>
			<ymax>381</ymax>
		</bndbox>
	</object>
	<object>
		<name>Tops</name>
		<pose>Unspecified</pose>
		<truncated>0</truncated>
		<difficult>0</difficult>
		<bndbox>
			<xmin>536</xmin>
			<ymin>100</ymin>
			<xmax>633</xmax>
			<ymax>238</ymax>
		</bndbox>
	</object>
	<object>
		<name>Tops</name>
		<pose>Unspecified</pose>
		<truncated>1</truncated>
		<difficult>0</difficult>
		<bndbox>
			<xmin>390</xmin>
			<ymin>1</ymin>
			<xmax>504</xmax>
			<ymax>164</ymax>
		</bndbox>
	</object>
	<object>
		<name>Tops</name>
		<pose>Unspecified</pose>
		<truncated>0</truncated>
		<difficult>0</difficult>
		<bndbox>
			<xmin>166</xmin>
			<ymin>57</ymin>
			<xmax>351</xmax>
			<ymax>242</ymax>
		</bndbox>
	</object>
	<object>
		<name>Tops</name>
		<pose>Unspecified</pose>
		<truncated>0</truncated>
		<difficult>0</difficult>
		<bndbox>
			<xmin>6</xmin>
			<ymin>78</ymin>
			<xmax>175</xmax>
			<ymax>294</ymax>
		</bndbox>
	</object>
</annotation>
