<annotation>
	<folder>samples_2</folder>
	<filename>16040657_2c079e608c99cb6b429b14fee0804eae.thumbnail.jpg</filename>
	<path>/Users/jingyuanpan/Downloads/ProductImageSegmentation-master/samples_2/16040657_2c079e608c99cb6b429b14fee0804eae.thumbnail.jpg</path>
	<source>
		<database>Unknown</database>
	</source>
	<size>
		<width>600</width>
		<height>600</height>
		<depth>3</depth>
	</size>
	<segmented>0</segmented>
	<object>
		<name>Lingerie</name>
		<pose>Unspecified</pose>
		<truncated>0</truncated>
		<difficult>0</difficult>
		<bndbox>
			<xmin>8</xmin>
			<ymin>109</ymin>
			<xmax>597</xmax>
			<ymax>570</ymax>
		</bndbox>
	</object>
</annotation>
