<annotation>
	<folder>samples_2</folder>
	<filename>16075917_566dbff1e17a59bc0f9dbcc5483321e6.thumbnail.jpg</filename>
	<path>/Users/jingyuanpan/Downloads/ProductImageSegmentation-master/samples_2/16075917_566dbff1e17a59bc0f9dbcc5483321e6.thumbnail.jpg</path>
	<source>
		<database>Unknown</database>
	</source>
	<size>
		<width>640</width>
		<height>435</height>
		<depth>3</depth>
	</size>
	<segmented>0</segmented>
	<object>
		<name>Tops</name>
		<pose>Unspecified</pose>
		<truncated>0</truncated>
		<difficult>0</difficult>
		<bndbox>
			<xmin>246</xmin>
			<ymin>137</ymin>
			<xmax>443</xmax>
			<ymax>418</ymax>
		</bndbox>
	</object>
</annotation>
