<annotation>
	<folder>samples_2</folder>
	<filename>1608604_6870b67c8b23573e02bb3922e96e71cc.thumbnail.jpg</filename>
	<path>/Users/jingyuanpan/Downloads/ProductImageSegmentation-master/samples_2/1608604_6870b67c8b23573e02bb3922e96e71cc.thumbnail.jpg</path>
	<source>
		<database>Unknown</database>
	</source>
	<size>
		<width>480</width>
		<height>640</height>
		<depth>3</depth>
	</size>
	<segmented>0</segmented>
	<object>
		<name>Dresses</name>
		<pose>Unspecified</pose>
		<truncated>0</truncated>
		<difficult>0</difficult>
		<bndbox>
			<xmin>80</xmin>
			<ymin>245</ymin>
			<xmax>219</xmax>
			<ymax>511</ymax>
		</bndbox>
	</object>
</annotation>
