<annotation>
	<folder>samples_2</folder>
	<filename>16086938_563f93886be7b8266a15eecff04e243e.thumbnail.jpg</filename>
	<path>/Users/jingyuanpan/Downloads/ProductImageSegmentation-master/samples_2/16086938_563f93886be7b8266a15eecff04e243e.thumbnail.jpg</path>
	<source>
		<database>Unknown</database>
	</source>
	<size>
		<width>480</width>
		<height>640</height>
		<depth>3</depth>
	</size>
	<segmented>0</segmented>
	<object>
		<name>Tops</name>
		<pose>Unspecified</pose>
		<truncated>1</truncated>
		<difficult>0</difficult>
		<bndbox>
			<xmin>68</xmin>
			<ymin>43</ymin>
			<xmax>458</xmax>
			<ymax>640</ymax>
		</bndbox>
	</object>
</annotation>
