<annotation>
	<folder>samples_2</folder>
	<filename>16215052_7c489a5909fc340dfa6a70f48fe3233b.thumbnail.jpg</filename>
	<path>/Users/jingyuanpan/Downloads/ProductImageSegmentation-master/samples_2/16215052_7c489a5909fc340dfa6a70f48fe3233b.thumbnail.jpg</path>
	<source>
		<database>Unknown</database>
	</source>
	<size>
		<width>640</width>
		<height>640</height>
		<depth>3</depth>
	</size>
	<segmented>0</segmented>
	<object>
		<name>Tops</name>
		<pose>Unspecified</pose>
		<truncated>0</truncated>
		<difficult>0</difficult>
		<bndbox>
			<xmin>106</xmin>
			<ymin>231</ymin>
			<xmax>452</xmax>
			<ymax>505</ymax>
		</bndbox>
	</object>
	<object>
		<name>Pants_Leggings</name>
		<pose>Unspecified</pose>
		<truncated>1</truncated>
		<difficult>0</difficult>
		<bndbox>
			<xmin>72</xmin>
			<ymin>473</ymin>
			<xmax>393</xmax>
			<ymax>640</ymax>
		</bndbox>
	</object>
</annotation>
