<annotation>
	<folder>samples_2</folder>
	<filename>16243531_8173f99f2a4fc1fe403e539e7adc804e.thumbnail.jpg</filename>
	<path>/Users/jingyuanpan/Downloads/ProductImageSegmentation-master/samples_2/16243531_8173f99f2a4fc1fe403e539e7adc804e.thumbnail.jpg</path>
	<source>
		<database>Unknown</database>
	</source>
	<size>
		<width>640</width>
		<height>640</height>
		<depth>3</depth>
	</size>
	<segmented>0</segmented>
	<object>
		<name>Lingerie</name>
		<pose>Unspecified</pose>
		<truncated>0</truncated>
		<difficult>0</difficult>
		<bndbox>
			<xmin>245</xmin>
			<ymin>276</ymin>
			<xmax>336</xmax>
			<ymax>488</ymax>
		</bndbox>
	</object>
</annotation>
