<annotation>
	<folder>samples_2</folder>
	<filename>16285378_9f0e170347a1700c89ede42f4cb9bb06.thumbnail.jpg</filename>
	<path>C:\Users\Wei Zhang\Desktop\Shopee\samples_2\16285378_9f0e170347a1700c89ede42f4cb9bb06.thumbnail.jpg</path>
	<source>
		<database>Unknown</database>
	</source>
	<size>
		<width>640</width>
		<height>640</height>
		<depth>3</depth>
	</size>
	<segmented>0</segmented>
	<object>
		<name>Tops</name>
		<pose>Unspecified</pose>
		<truncated>0</truncated>
		<difficult>0</difficult>
		<bndbox>
			<xmin>14</xmin>
			<ymin>221</ymin>
			<xmax>365</xmax>
			<ymax>477</ymax>
		</bndbox>
	</object>
	<object>
		<name>Tops</name>
		<pose>Unspecified</pose>
		<truncated>1</truncated>
		<difficult>0</difficult>
		<bndbox>
			<xmin>416</xmin>
			<ymin>54</ymin>
			<xmax>640</xmax>
			<ymax>235</ymax>
		</bndbox>
	</object>
	<object>
		<name>Tops</name>
		<pose>Unspecified</pose>
		<truncated>0</truncated>
		<difficult>0</difficult>
		<bndbox>
			<xmin>419</xmin>
			<ymin>451</ymin>
			<xmax>614</xmax>
			<ymax>617</ymax>
		</bndbox>
	</object>
</annotation>
