<annotation>
	<folder>samples_2</folder>
	<filename>16347994_e1a5e6f110eed4ffd8c252407da1f313.thumbnail.jpg</filename>
	<path>/Users/jingyuanpan/Downloads/ProductImageSegmentation-master/samples_2/16347994_e1a5e6f110eed4ffd8c252407da1f313.thumbnail.jpg</path>
	<source>
		<database>Unknown</database>
	</source>
	<size>
		<width>640</width>
		<height>640</height>
		<depth>3</depth>
	</size>
	<segmented>0</segmented>
	<object>
		<name>Tops</name>
		<pose>Unspecified</pose>
		<truncated>0</truncated>
		<difficult>0</difficult>
		<bndbox>
			<xmin>104</xmin>
			<ymin>126</ymin>
			<xmax>456</xmax>
			<ymax>581</ymax>
		</bndbox>
	</object>
</annotation>
