<annotation>
	<folder>samples_2</folder>
	<filename>16421058_81e80789653fe2886d32a471c0ce8d7e.thumbnail.jpg</filename>
	<path>/Users/jingyuanpan/Downloads/ProductImageSegmentation-master/samples_2/16421058_81e80789653fe2886d32a471c0ce8d7e.thumbnail.jpg</path>
	<source>
		<database>Unknown</database>
	</source>
	<size>
		<width>640</width>
		<height>640</height>
		<depth>3</depth>
	</size>
	<segmented>0</segmented>
	<object>
		<name>Tops</name>
		<pose>Unspecified</pose>
		<truncated>0</truncated>
		<difficult>0</difficult>
		<bndbox>
			<xmin>175</xmin>
			<ymin>201</ymin>
			<xmax>449</xmax>
			<ymax>565</ymax>
		</bndbox>
	</object>
	<object>
		<name>Shorts</name>
		<pose>Unspecified</pose>
		<truncated>0</truncated>
		<difficult>0</difficult>
		<bndbox>
			<xmin>248</xmin>
			<ymin>543</ymin>
			<xmax>430</xmax>
			<ymax>606</ymax>
		</bndbox>
	</object>
</annotation>
