<annotation>
	<folder>samples_2</folder>
	<filename>1652029_11155890bbf7d3828c85207e5332b1d1.thumbnail.jpg</filename>
	<path>C:\Users\Wei Zhang\Desktop\Shopee\samples_2\1652029_11155890bbf7d3828c85207e5332b1d1.thumbnail.jpg</path>
	<source>
		<database>Unknown</database>
	</source>
	<size>
		<width>640</width>
		<height>640</height>
		<depth>3</depth>
	</size>
	<segmented>0</segmented>
	<object>
		<name>Shorts</name>
		<pose>Unspecified</pose>
		<truncated>0</truncated>
		<difficult>0</difficult>
		<bndbox>
			<xmin>184</xmin>
			<ymin>29</ymin>
			<xmax>604</xmax>
			<ymax>289</ymax>
		</bndbox>
	</object>
	<object>
		<name>Shorts</name>
		<pose>Unspecified</pose>
		<truncated>0</truncated>
		<difficult>0</difficult>
		<bndbox>
			<xmin>17</xmin>
			<ymin>344</ymin>
			<xmax>468</xmax>
			<ymax>627</ymax>
		</bndbox>
	</object>
</annotation>
