<annotation>
	<folder>samples_2</folder>
	<filename>16580529_30ebce6c7367b89797f23dd5e1c55a98.thumbnail.jpg</filename>
	<path>/Users/jingyuanpan/Downloads/ProductImageSegmentation-master/samples_2/16580529_30ebce6c7367b89797f23dd5e1c55a98.thumbnail.jpg</path>
	<source>
		<database>Unknown</database>
	</source>
	<size>
		<width>640</width>
		<height>640</height>
		<depth>3</depth>
	</size>
	<segmented>0</segmented>
	<object>
		<name>Tops</name>
		<pose>Unspecified</pose>
		<truncated>0</truncated>
		<difficult>0</difficult>
		<bndbox>
			<xmin>87</xmin>
			<ymin>18</ymin>
			<xmax>492</xmax>
			<ymax>622</ymax>
		</bndbox>
	</object>
</annotation>
