<annotation>
	<folder>samples_2</folder>
	<filename>16597453_64e66d5a2d8eab17d7eb63e3069c837a.thumbnail.jpg</filename>
	<path>/Users/jingyuanpan/Downloads/ProductImageSegmentation-master/samples_2/16597453_64e66d5a2d8eab17d7eb63e3069c837a.thumbnail.jpg</path>
	<source>
		<database>Unknown</database>
	</source>
	<size>
		<width>514</width>
		<height>514</height>
		<depth>3</depth>
	</size>
	<segmented>0</segmented>
	<object>
		<name>Dresses</name>
		<pose>Unspecified</pose>
		<truncated>0</truncated>
		<difficult>0</difficult>
		<bndbox>
			<xmin>5</xmin>
			<ymin>2</ymin>
			<xmax>390</xmax>
			<ymax>369</ymax>
		</bndbox>
	</object>
</annotation>
