<annotation>
	<folder>samples_2</folder>
	<filename>16604995_e4482ad998208082e3aff0e762314e60.thumbnail.jpg</filename>
	<path>C:\Users\Wei Zhang\Desktop\Shopee\samples_2\16604995_e4482ad998208082e3aff0e762314e60.thumbnail.jpg</path>
	<source>
		<database>Unknown</database>
	</source>
	<size>
		<width>640</width>
		<height>640</height>
		<depth>3</depth>
	</size>
	<segmented>0</segmented>
	<object>
		<name>Dresses</name>
		<pose>Unspecified</pose>
		<truncated>0</truncated>
		<difficult>0</difficult>
		<bndbox>
			<xmin>21</xmin>
			<ymin>128</ymin>
			<xmax>282</xmax>
			<ymax>587</ymax>
		</bndbox>
	</object>
	<object>
		<name>Dresses</name>
		<pose>Unspecified</pose>
		<truncated>0</truncated>
		<difficult>0</difficult>
		<bndbox>
			<xmin>371</xmin>
			<ymin>133</ymin>
			<xmax>617</xmax>
			<ymax>615</ymax>
		</bndbox>
	</object>
</annotation>
