<annotation>
	<folder>samples_2</folder>
	<filename>16640135_26ce7e0fef05c4d735bf4689d6191aba.thumbnail.jpg</filename>
	<path>/Users/jingyuanpan/Downloads/ProductImageSegmentation-master/samples_2/16640135_26ce7e0fef05c4d735bf4689d6191aba.thumbnail.jpg</path>
	<source>
		<database>Unknown</database>
	</source>
	<size>
		<width>640</width>
		<height>640</height>
		<depth>3</depth>
	</size>
	<segmented>0</segmented>
	<object>
		<name>Dresses</name>
		<pose>Unspecified</pose>
		<truncated>0</truncated>
		<difficult>0</difficult>
		<bndbox>
			<xmin>141</xmin>
			<ymin>31</ymin>
			<xmax>525</xmax>
			<ymax>528</ymax>
		</bndbox>
	</object>
</annotation>
