<annotation>
	<folder>samples_2</folder>
	<filename>16707564_ccb03d22c7c614ef38d98273db04c45b.thumbnail.jpg</filename>
	<path>/Users/jingyuanpan/Downloads/ProductImageSegmentation-master/samples_2/16707564_ccb03d22c7c614ef38d98273db04c45b.thumbnail.jpg</path>
	<source>
		<database>Unknown</database>
	</source>
	<size>
		<width>640</width>
		<height>640</height>
		<depth>3</depth>
	</size>
	<segmented>0</segmented>
	<object>
		<name>Skirts</name>
		<pose>Unspecified</pose>
		<truncated>0</truncated>
		<difficult>0</difficult>
		<bndbox>
			<xmin>277</xmin>
			<ymin>42</ymin>
			<xmax>402</xmax>
			<ymax>244</ymax>
		</bndbox>
	</object>
</annotation>
