<annotation>
	<folder>samples_2</folder>
	<filename>16761512_2d02d07fa058f90a65c1f699b6e891f0.thumbnail.jpg</filename>
	<path>/Users/jingyuanpan/Downloads/ProductImageSegmentation-master/samples_2/16761512_2d02d07fa058f90a65c1f699b6e891f0.thumbnail.jpg</path>
	<source>
		<database>Unknown</database>
	</source>
	<size>
		<width>640</width>
		<height>640</height>
		<depth>3</depth>
	</size>
	<segmented>0</segmented>
	<object>
		<name>Dresses</name>
		<pose>Unspecified</pose>
		<truncated>0</truncated>
		<difficult>0</difficult>
		<bndbox>
			<xmin>192</xmin>
			<ymin>171</ymin>
			<xmax>401</xmax>
			<ymax>440</ymax>
		</bndbox>
	</object>
</annotation>
