<annotation>
	<folder>samples_2</folder>
	<filename>16797132_74e11f78f25765c6aaf03fce8427c271.thumbnail.jpg</filename>
	<path>/Users/jingyuanpan/Downloads/ProductImageSegmentation-master/samples_2/16797132_74e11f78f25765c6aaf03fce8427c271.thumbnail.jpg</path>
	<source>
		<database>Unknown</database>
	</source>
	<size>
		<width>640</width>
		<height>640</height>
		<depth>3</depth>
	</size>
	<segmented>0</segmented>
	<object>
		<name>Tops</name>
		<pose>Unspecified</pose>
		<truncated>0</truncated>
		<difficult>0</difficult>
		<bndbox>
			<xmin>220</xmin>
			<ymin>156</ymin>
			<xmax>431</xmax>
			<ymax>458</ymax>
		</bndbox>
	</object>
	<object>
		<name>Shorts</name>
		<pose>Unspecified</pose>
		<truncated>0</truncated>
		<difficult>0</difficult>
		<bndbox>
			<xmin>229</xmin>
			<ymin>431</ymin>
			<xmax>408</xmax>
			<ymax>544</ymax>
		</bndbox>
	</object>
</annotation>
