<annotation>
	<folder>samples_2</folder>
	<filename>16835226_e3fc11bdab2ae8f1605cdf3a41e8e23f.thumbnail.jpg</filename>
	<path>/Users/jingyuanpan/Downloads/ProductImageSegmentation-master/samples_2/16835226_e3fc11bdab2ae8f1605cdf3a41e8e23f.thumbnail.jpg</path>
	<source>
		<database>Unknown</database>
	</source>
	<size>
		<width>640</width>
		<height>640</height>
		<depth>3</depth>
	</size>
	<segmented>0</segmented>
	<object>
		<name>Tops</name>
		<pose>Unspecified</pose>
		<truncated>0</truncated>
		<difficult>0</difficult>
		<bndbox>
			<xmin>238</xmin>
			<ymin>205</ymin>
			<xmax>359</xmax>
			<ymax>328</ymax>
		</bndbox>
	</object>
	<object>
		<name>Pants_Leggings</name>
		<pose>Unspecified</pose>
		<truncated>0</truncated>
		<difficult>0</difficult>
		<bndbox>
			<xmin>255</xmin>
			<ymin>323</ymin>
			<xmax>338</xmax>
			<ymax>528</ymax>
		</bndbox>
	</object>
</annotation>
