<annotation>
	<folder>samples_2</folder>
	<filename>16846464_6320c7baaf630d8f1d2748cc717236ab.thumbnail.jpg</filename>
	<path>/Users/jingyuanpan/Downloads/ProductImageSegmentation-master/samples_2/16846464_6320c7baaf630d8f1d2748cc717236ab.thumbnail.jpg</path>
	<source>
		<database>Unknown</database>
	</source>
	<size>
		<width>640</width>
		<height>640</height>
		<depth>3</depth>
	</size>
	<segmented>0</segmented>
	<object>
		<name>Dresses</name>
		<pose>Unspecified</pose>
		<truncated>1</truncated>
		<difficult>0</difficult>
		<bndbox>
			<xmin>145</xmin>
			<ymin>1</ymin>
			<xmax>460</xmax>
			<ymax>512</ymax>
		</bndbox>
	</object>
</annotation>
