<annotation>
	<folder>samples_2</folder>
	<filename>16887218_27269c5b2e1e4d901da18ce577d717f3.thumbnail.jpg</filename>
	<path>/Users/jingyuanpan/Downloads/ProductImageSegmentation-master/samples_2/16887218_27269c5b2e1e4d901da18ce577d717f3.thumbnail.jpg</path>
	<source>
		<database>Unknown</database>
	</source>
	<size>
		<width>640</width>
		<height>640</height>
		<depth>3</depth>
	</size>
	<segmented>0</segmented>
	<object>
		<name>Shorts</name>
		<pose>Unspecified</pose>
		<truncated>0</truncated>
		<difficult>0</difficult>
		<bndbox>
			<xmin>165</xmin>
			<ymin>421</ymin>
			<xmax>358</xmax>
			<ymax>634</ymax>
		</bndbox>
	</object>
	<object>
		<name>Dresses</name>
		<pose>Unspecified</pose>
		<truncated>0</truncated>
		<difficult>0</difficult>
		<bndbox>
			<xmin>377</xmin>
			<ymin>261</ymin>
			<xmax>493</xmax>
			<ymax>538</ymax>
		</bndbox>
	</object>
</annotation>
