<annotation>
	<folder>samples_2</folder>
	<filename>16966651_11860d2afdc81b27d358933c6b9f2374.thumbnail.jpg</filename>
	<path>C:\Users\Wei Zhang\Desktop\Shopee\samples_2\16966651_11860d2afdc81b27d358933c6b9f2374.thumbnail.jpg</path>
	<source>
		<database>Unknown</database>
	</source>
	<size>
		<width>443</width>
		<height>443</height>
		<depth>3</depth>
	</size>
	<segmented>0</segmented>
	<object>
		<name>Dresses</name>
		<pose>Unspecified</pose>
		<truncated>0</truncated>
		<difficult>0</difficult>
		<bndbox>
			<xmin>118</xmin>
			<ymin>103</ymin>
			<xmax>249</xmax>
			<ymax>377</ymax>
		</bndbox>
	</object>
</annotation>
