<annotation>
	<folder>samples_2</folder>
	<filename>16990242_ef267b717284bdf523ba5a2da73cf164.thumbnail.jpg</filename>
	<path>/Users/jingyuanpan/Downloads/ProductImageSegmentation-master/samples_2/16990242_ef267b717284bdf523ba5a2da73cf164.thumbnail.jpg</path>
	<source>
		<database>Unknown</database>
	</source>
	<size>
		<width>476</width>
		<height>476</height>
		<depth>3</depth>
	</size>
	<segmented>0</segmented>
	<object>
		<name>Tops</name>
		<pose>Unspecified</pose>
		<truncated>0</truncated>
		<difficult>0</difficult>
		<bndbox>
			<xmin>188</xmin>
			<ymin>118</ymin>
			<xmax>290</xmax>
			<ymax>211</ymax>
		</bndbox>
	</object>
	<object>
		<name>Pants_Leggings</name>
		<pose>Unspecified</pose>
		<truncated>0</truncated>
		<difficult>0</difficult>
		<bndbox>
			<xmin>186</xmin>
			<ymin>214</ymin>
			<xmax>299</xmax>
			<ymax>390</ymax>
		</bndbox>
	</object>
</annotation>
