<annotation>
	<folder>samples_2</folder>
	<filename>17036741_b8c2af047d47f1718d1607ba89693937.thumbnail.jpg</filename>
	<path>/Users/jingyuanpan/Downloads/ProductImageSegmentation-master/samples_2/17036741_b8c2af047d47f1718d1607ba89693937.thumbnail.jpg</path>
	<source>
		<database>Unknown</database>
	</source>
	<size>
		<width>640</width>
		<height>640</height>
		<depth>3</depth>
	</size>
	<segmented>0</segmented>
	<object>
		<name>Tops</name>
		<pose>Unspecified</pose>
		<truncated>0</truncated>
		<difficult>0</difficult>
		<bndbox>
			<xmin>150</xmin>
			<ymin>206</ymin>
			<xmax>459</xmax>
			<ymax>456</ymax>
		</bndbox>
	</object>
</annotation>
