<annotation>
	<folder>samples_2</folder>
	<filename>17067456_14c1dff6c9d1fd883bd499677f25c028.thumbnail.jpg</filename>
	<path>/Users/jingyuanpan/Downloads/ProductImageSegmentation-master/samples_2/17067456_14c1dff6c9d1fd883bd499677f25c028.thumbnail.jpg</path>
	<source>
		<database>Unknown</database>
	</source>
	<size>
		<width>640</width>
		<height>640</height>
		<depth>3</depth>
	</size>
	<segmented>0</segmented>
	<object>
		<name>Tops</name>
		<pose>Unspecified</pose>
		<truncated>0</truncated>
		<difficult>0</difficult>
		<bndbox>
			<xmin>114</xmin>
			<ymin>49</ymin>
			<xmax>512</xmax>
			<ymax>553</ymax>
		</bndbox>
	</object>
	<object>
		<name>Pants_Leggings</name>
		<pose>Unspecified</pose>
		<truncated>1</truncated>
		<difficult>0</difficult>
		<bndbox>
			<xmin>242</xmin>
			<ymin>514</ymin>
			<xmax>496</xmax>
			<ymax>640</ymax>
		</bndbox>
	</object>
</annotation>
