<annotation>
	<folder>samples_2</folder>
	<filename>17106308_f3de6be98a401c2e81c074d600c14a19.thumbnail.jpg</filename>
	<path>/Users/jingyuanpan/Downloads/ProductImageSegmentation-master/samples_2/17106308_f3de6be98a401c2e81c074d600c14a19.thumbnail.jpg</path>
	<source>
		<database>Unknown</database>
	</source>
	<size>
		<width>640</width>
		<height>590</height>
		<depth>3</depth>
	</size>
	<segmented>0</segmented>
	<object>
		<name>Tops</name>
		<pose>Unspecified</pose>
		<truncated>0</truncated>
		<difficult>0</difficult>
		<bndbox>
			<xmin>206</xmin>
			<ymin>217</ymin>
			<xmax>394</xmax>
			<ymax>420</ymax>
		</bndbox>
	</object>
	<object>
		<name>Shorts</name>
		<pose>Unspecified</pose>
		<truncated>0</truncated>
		<difficult>0</difficult>
		<bndbox>
			<xmin>190</xmin>
			<ymin>432</ymin>
			<xmax>396</xmax>
			<ymax>580</ymax>
		</bndbox>
	</object>
</annotation>
