<annotation>
	<folder>samples_2</folder>
	<filename>17185355_7dbe5b10b3e4f50fec03106c69edf24f.thumbnail.jpg</filename>
	<path>/Users/jingyuanpan/Downloads/ProductImageSegmentation-master/samples_2/17185355_7dbe5b10b3e4f50fec03106c69edf24f.thumbnail.jpg</path>
	<source>
		<database>Unknown</database>
	</source>
	<size>
		<width>477</width>
		<height>640</height>
		<depth>3</depth>
	</size>
	<segmented>0</segmented>
	<object>
		<name>Tops</name>
		<pose>Unspecified</pose>
		<truncated>0</truncated>
		<difficult>0</difficult>
		<bndbox>
			<xmin>5</xmin>
			<ymin>93</ymin>
			<xmax>465</xmax>
			<ymax>528</ymax>
		</bndbox>
	</object>
</annotation>
