<annotation>
	<folder>samples_2</folder>
	<filename>17195914_23fd93eb27485aae7ed23eff0b1d7b54.thumbnail.jpg</filename>
	<path>/Users/jingyuanpan/Downloads/ProductImageSegmentation-master/samples_2/17195914_23fd93eb27485aae7ed23eff0b1d7b54.thumbnail.jpg</path>
	<source>
		<database>Unknown</database>
	</source>
	<size>
		<width>566</width>
		<height>566</height>
		<depth>3</depth>
	</size>
	<segmented>0</segmented>
	<object>
		<name>Dresses</name>
		<pose>Unspecified</pose>
		<truncated>0</truncated>
		<difficult>0</difficult>
		<bndbox>
			<xmin>66</xmin>
			<ymin>218</ymin>
			<xmax>350</xmax>
			<ymax>558</ymax>
		</bndbox>
	</object>
</annotation>
