<annotation>
	<folder>samples_2</folder>
	<filename>17231392_0109da8c2eb9fbb585628d92e69802cf.thumbnail.jpg</filename>
	<path>/Users/jingyuanpan/Downloads/ProductImageSegmentation-master/samples_2/17231392_0109da8c2eb9fbb585628d92e69802cf.thumbnail.jpg</path>
	<source>
		<database>Unknown</database>
	</source>
	<size>
		<width>640</width>
		<height>640</height>
		<depth>3</depth>
	</size>
	<segmented>0</segmented>
	<object>
		<name>Dresses</name>
		<pose>Unspecified</pose>
		<truncated>0</truncated>
		<difficult>0</difficult>
		<bndbox>
			<xmin>256</xmin>
			<ymin>119</ymin>
			<xmax>401</xmax>
			<ymax>483</ymax>
		</bndbox>
	</object>
</annotation>
