<annotation>
	<folder>samples_2</folder>
	<filename>17293285_233d039b7a24da9fe25b6615d2d92b77.thumbnail.jpg</filename>
	<path>C:\Users\Wei Zhang\Desktop\Shopee\samples_2\17293285_233d039b7a24da9fe25b6615d2d92b77.thumbnail.jpg</path>
	<source>
		<database>Unknown</database>
	</source>
	<size>
		<width>640</width>
		<height>640</height>
		<depth>3</depth>
	</size>
	<segmented>0</segmented>
	<object>
		<name>Tops</name>
		<pose>Unspecified</pose>
		<truncated>0</truncated>
		<difficult>0</difficult>
		<bndbox>
			<xmin>181</xmin>
			<ymin>19</ymin>
			<xmax>427</xmax>
			<ymax>246</ymax>
		</bndbox>
	</object>
	<object>
		<name>Skirts</name>
		<pose>Unspecified</pose>
		<truncated>0</truncated>
		<difficult>0</difficult>
		<bndbox>
			<xmin>248</xmin>
			<ymin>248</ymin>
			<xmax>515</xmax>
			<ymax>564</ymax>
		</bndbox>
	</object>
</annotation>
