<annotation>
	<folder>samples_2</folder>
	<filename>17313195_5c6ced032556134d3daa9332c539ca37.thumbnail.jpg</filename>
	<path>C:\Users\Wei Zhang\Desktop\Shopee\samples_2\17313195_5c6ced032556134d3daa9332c539ca37.thumbnail.jpg</path>
	<source>
		<database>Unknown</database>
	</source>
	<size>
		<width>640</width>
		<height>640</height>
		<depth>3</depth>
	</size>
	<segmented>0</segmented>
	<object>
		<name>Dresses</name>
		<pose>Unspecified</pose>
		<truncated>0</truncated>
		<difficult>0</difficult>
		<bndbox>
			<xmin>184</xmin>
			<ymin>98</ymin>
			<xmax>458</xmax>
			<ymax>591</ymax>
		</bndbox>
	</object>
</annotation>
