<annotation>
	<folder>samples_2</folder>
	<filename>17345673_3951eae04c1ade5e3cee5c1437151149.thumbnail.jpg</filename>
	<path>/Users/jingyuanpan/Downloads/ProductImageSegmentation-master/samples_2/17345673_3951eae04c1ade5e3cee5c1437151149.thumbnail.jpg</path>
	<source>
		<database>Unknown</database>
	</source>
	<size>
		<width>605</width>
		<height>640</height>
		<depth>3</depth>
	</size>
	<segmented>0</segmented>
	<object>
		<name>Dresses</name>
		<pose>Unspecified</pose>
		<truncated>0</truncated>
		<difficult>0</difficult>
		<bndbox>
			<xmin>186</xmin>
			<ymin>130</ymin>
			<xmax>389</xmax>
			<ymax>559</ymax>
		</bndbox>
	</object>
</annotation>
