<annotation>
	<folder>samples_2</folder>
	<filename>17443504_4cb87217847760590b64724961ab411d.thumbnail.jpg</filename>
	<path>/Users/jingyuanpan/Downloads/ProductImageSegmentation-master/samples_2/17443504_4cb87217847760590b64724961ab411d.thumbnail.jpg</path>
	<source>
		<database>Unknown</database>
	</source>
	<size>
		<width>640</width>
		<height>640</height>
		<depth>3</depth>
	</size>
	<segmented>0</segmented>
	<object>
		<name>Pants_Leggings</name>
		<pose>Unspecified</pose>
		<truncated>0</truncated>
		<difficult>0</difficult>
		<bndbox>
			<xmin>306</xmin>
			<ymin>151</ymin>
			<xmax>480</xmax>
			<ymax>526</ymax>
		</bndbox>
	</object>
</annotation>
