<annotation>
	<folder>samples_2</folder>
	<filename>17452284_41970a38b4cbaaa1d7f7ba69aa94b4f4.thumbnail.jpg</filename>
	<path>/Users/jingyuanpan/Downloads/ProductImageSegmentation-master/samples_2/17452284_41970a38b4cbaaa1d7f7ba69aa94b4f4.thumbnail.jpg</path>
	<source>
		<database>Unknown</database>
	</source>
	<size>
		<width>640</width>
		<height>640</height>
		<depth>3</depth>
	</size>
	<segmented>0</segmented>
	<object>
		<name>Tops</name>
		<pose>Unspecified</pose>
		<truncated>0</truncated>
		<difficult>0</difficult>
		<bndbox>
			<xmin>242</xmin>
			<ymin>181</ymin>
			<xmax>428</xmax>
			<ymax>428</ymax>
		</bndbox>
	</object>
	<object>
		<name>Shorts</name>
		<pose>Unspecified</pose>
		<truncated>0</truncated>
		<difficult>0</difficult>
		<bndbox>
			<xmin>262</xmin>
			<ymin>403</ymin>
			<xmax>387</xmax>
			<ymax>484</ymax>
		</bndbox>
	</object>
</annotation>
