<annotation>
	<folder>samples_2</folder>
	<filename>17458970_3cfca97653cf359f3c4621fb115ac30d.thumbnail.jpg</filename>
	<path>/Users/jingyuanpan/Downloads/ProductImageSegmentation-master/samples_2/17458970_3cfca97653cf359f3c4621fb115ac30d.thumbnail.jpg</path>
	<source>
		<database>Unknown</database>
	</source>
	<size>
		<width>557</width>
		<height>640</height>
		<depth>3</depth>
	</size>
	<segmented>0</segmented>
	<object>
		<name>Dresses</name>
		<pose>Unspecified</pose>
		<truncated>0</truncated>
		<difficult>0</difficult>
		<bndbox>
			<xmin>127</xmin>
			<ymin>144</ymin>
			<xmax>388</xmax>
			<ymax>559</ymax>
		</bndbox>
	</object>
</annotation>
