<annotation>
	<folder>samples_2</folder>
	<filename>17509085_e89ee51eeb595d3b045b28987fc54abc.thumbnail.jpg</filename>
	<path>/Users/jingyuanpan/Downloads/ProductImageSegmentation-master/samples_2/17509085_e89ee51eeb595d3b045b28987fc54abc.thumbnail.jpg</path>
	<source>
		<database>Unknown</database>
	</source>
	<size>
		<width>618</width>
		<height>618</height>
		<depth>3</depth>
	</size>
	<segmented>0</segmented>
	<object>
		<name>Skirts</name>
		<pose>Unspecified</pose>
		<truncated>0</truncated>
		<difficult>0</difficult>
		<bndbox>
			<xmin>82</xmin>
			<ymin>122</ymin>
			<xmax>526</xmax>
			<ymax>600</ymax>
		</bndbox>
	</object>
</annotation>
