<annotation>
	<folder>samples_2</folder>
	<filename>17558661_6e2b8427cb60bd79c0dddf465a41d397.thumbnail.jpg</filename>
	<path>/Users/jingyuanpan/Downloads/ProductImageSegmentation-master/samples_2/17558661_6e2b8427cb60bd79c0dddf465a41d397.thumbnail.jpg</path>
	<source>
		<database>Unknown</database>
	</source>
	<size>
		<width>640</width>
		<height>640</height>
		<depth>3</depth>
	</size>
	<segmented>0</segmented>
	<object>
		<name>Dresses</name>
		<pose>Unspecified</pose>
		<truncated>1</truncated>
		<difficult>0</difficult>
		<bndbox>
			<xmin>88</xmin>
			<ymin>190</ymin>
			<xmax>555</xmax>
			<ymax>640</ymax>
		</bndbox>
	</object>
</annotation>
