<annotation>
	<folder>samples_2</folder>
	<filename>17612286_fcef5c4552df32a8bcaeff224df3c4f0.thumbnail.jpg</filename>
	<path>/Users/jingyuanpan/Downloads/ProductImageSegmentation-master/samples_2/17612286_fcef5c4552df32a8bcaeff224df3c4f0.thumbnail.jpg</path>
	<source>
		<database>Unknown</database>
	</source>
	<size>
		<width>640</width>
		<height>640</height>
		<depth>3</depth>
	</size>
	<segmented>0</segmented>
	<object>
		<name>Dresses</name>
		<pose>Unspecified</pose>
		<truncated>0</truncated>
		<difficult>0</difficult>
		<bndbox>
			<xmin>56</xmin>
			<ymin>158</ymin>
			<xmax>235</xmax>
			<ymax>403</ymax>
		</bndbox>
	</object>
	<object>
		<name>Dresses</name>
		<pose>Unspecified</pose>
		<truncated>0</truncated>
		<difficult>0</difficult>
		<bndbox>
			<xmin>424</xmin>
			<ymin>140</ymin>
			<xmax>577</xmax>
			<ymax>412</ymax>
		</bndbox>
	</object>
</annotation>
