<annotation>
	<folder>samples_2</folder>
	<filename>17611947_7dae5d0e20f04f08c7a0cd9c6cde67dd.thumbnail.jpg</filename>
	<path>/Users/jingyuanpan/Downloads/ProductImageSegmentation-master/samples_2/17611947_7dae5d0e20f04f08c7a0cd9c6cde67dd.thumbnail.jpg</path>
	<source>
		<database>Unknown</database>
	</source>
	<size>
		<width>569</width>
		<height>569</height>
		<depth>3</depth>
	</size>
	<segmented>0</segmented>
	<object>
		<name>Dresses</name>
		<pose>Unspecified</pose>
		<truncated>0</truncated>
		<difficult>0</difficult>
		<bndbox>
			<xmin>176</xmin>
			<ymin>23</ymin>
			<xmax>396</xmax>
			<ymax>555</ymax>
		</bndbox>
	</object>
</annotation>
