<annotation>
	<folder>samples_2</folder>
	<filename>17626283_2d75965e4b274fc08bb3868409704220.thumbnail.jpg</filename>
	<path>/Users/jingyuanpan/Downloads/ProductImageSegmentation-master/samples_2/17626283_2d75965e4b274fc08bb3868409704220.thumbnail.jpg</path>
	<source>
		<database>Unknown</database>
	</source>
	<size>
		<width>640</width>
		<height>403</height>
		<depth>3</depth>
	</size>
	<segmented>0</segmented>
	<object>
		<name>Tops</name>
		<pose>Unspecified</pose>
		<truncated>1</truncated>
		<difficult>0</difficult>
		<bndbox>
			<xmin>115</xmin>
			<ymin>171</ymin>
			<xmax>273</xmax>
			<ymax>403</ymax>
		</bndbox>
	</object>
	<object>
		<name>Tops</name>
		<pose>Unspecified</pose>
		<truncated>0</truncated>
		<difficult>0</difficult>
		<bndbox>
			<xmin>365</xmin>
			<ymin>161</ymin>
			<xmax>537</xmax>
			<ymax>389</ymax>
		</bndbox>
	</object>
</annotation>
