<annotation>
	<folder>samples_2</folder>
	<filename>17666469_c3419ed3c7c87ba7642b0c39c7cad56b.thumbnail.jpg</filename>
	<path>/Users/jingyuanpan/Downloads/ProductImageSegmentation-master/samples_2/17666469_c3419ed3c7c87ba7642b0c39c7cad56b.thumbnail.jpg</path>
	<source>
		<database>Unknown</database>
	</source>
	<size>
		<width>640</width>
		<height>640</height>
		<depth>3</depth>
	</size>
	<segmented>0</segmented>
	<object>
		<name>Tops</name>
		<pose>Unspecified</pose>
		<truncated>0</truncated>
		<difficult>0</difficult>
		<bndbox>
			<xmin>113</xmin>
			<ymin>70</ymin>
			<xmax>527</xmax>
			<ymax>506</ymax>
		</bndbox>
	</object>
</annotation>
