<annotation>
	<folder>samples_2</folder>
	<filename>17687302_c0e23dc1f9836a4690024dcf62506f89.thumbnail.jpg</filename>
	<path>C:\Users\Wei Zhang\Desktop\Shopee\samples_2\17687302_c0e23dc1f9836a4690024dcf62506f89.thumbnail.jpg</path>
	<source>
		<database>Unknown</database>
	</source>
	<size>
		<width>640</width>
		<height>640</height>
		<depth>3</depth>
	</size>
	<segmented>0</segmented>
	<object>
		<name>Shorts</name>
		<pose>Unspecified</pose>
		<truncated>0</truncated>
		<difficult>0</difficult>
		<bndbox>
			<xmin>50</xmin>
			<ymin>93</ymin>
			<xmax>510</xmax>
			<ymax>521</ymax>
		</bndbox>
	</object>
</annotation>
