<annotation>
	<folder>samples_2</folder>
	<filename>17700478_ea512d4f3ea4ec2757148f8813c352ea.thumbnail.jpg</filename>
	<path>/Users/jingyuanpan/Downloads/ProductImageSegmentation-master/samples_2/17700478_ea512d4f3ea4ec2757148f8813c352ea.thumbnail.jpg</path>
	<source>
		<database>Unknown</database>
	</source>
	<size>
		<width>640</width>
		<height>640</height>
		<depth>3</depth>
	</size>
	<segmented>0</segmented>
	<object>
		<name>Dresses</name>
		<pose>Unspecified</pose>
		<truncated>1</truncated>
		<difficult>0</difficult>
		<bndbox>
			<xmin>107</xmin>
			<ymin>2</ymin>
			<xmax>605</xmax>
			<ymax>640</ymax>
		</bndbox>
	</object>
</annotation>
