<annotation>
	<folder>samples_2</folder>
	<filename>17772537_7b5a2dcfec8b39c0038dbb0efb52164e.thumbnail.jpg</filename>
	<path>/Users/jingyuanpan/Downloads/ProductImageSegmentation-master/samples_2/17772537_7b5a2dcfec8b39c0038dbb0efb52164e.thumbnail.jpg</path>
	<source>
		<database>Unknown</database>
	</source>
	<size>
		<width>640</width>
		<height>640</height>
		<depth>3</depth>
	</size>
	<segmented>0</segmented>
	<object>
		<name>Tops</name>
		<pose>Unspecified</pose>
		<truncated>0</truncated>
		<difficult>0</difficult>
		<bndbox>
			<xmin>242</xmin>
			<ymin>110</ymin>
			<xmax>396</xmax>
			<ymax>282</ymax>
		</bndbox>
	</object>
</annotation>
