<annotation>
	<folder>samples_2</folder>
	<filename>17865411_2367dc58bb353f2d678f206f38e7e4fa.thumbnail.jpg</filename>
	<path>C:\Users\Wei Zhang\Desktop\Shopee\samples_2\17865411_2367dc58bb353f2d678f206f38e7e4fa.thumbnail.jpg</path>
	<source>
		<database>Unknown</database>
	</source>
	<size>
		<width>495</width>
		<height>495</height>
		<depth>3</depth>
	</size>
	<segmented>0</segmented>
	<object>
		<name>Skirts</name>
		<pose>Unspecified</pose>
		<truncated>0</truncated>
		<difficult>0</difficult>
		<bndbox>
			<xmin>132</xmin>
			<ymin>201</ymin>
			<xmax>320</xmax>
			<ymax>421</ymax>
		</bndbox>
	</object>
	<object>
		<name>Tops</name>
		<pose>Unspecified</pose>
		<truncated>0</truncated>
		<difficult>0</difficult>
		<bndbox>
			<xmin>199</xmin>
			<ymin>33</ymin>
			<xmax>348</xmax>
			<ymax>211</ymax>
		</bndbox>
	</object>
</annotation>
