<annotation>
	<folder>samples_2</folder>
	<filename>17876622_d43f6aeba70cf03d95bf684b5d3689b0.thumbnail.jpg</filename>
	<path>/Users/jingyuanpan/Downloads/ProductImageSegmentation-master/samples_2/17876622_d43f6aeba70cf03d95bf684b5d3689b0.thumbnail.jpg</path>
	<source>
		<database>Unknown</database>
	</source>
	<size>
		<width>394</width>
		<height>394</height>
		<depth>3</depth>
	</size>
	<segmented>0</segmented>
	<object>
		<name>Dresses</name>
		<pose>Unspecified</pose>
		<truncated>0</truncated>
		<difficult>0</difficult>
		<bndbox>
			<xmin>73</xmin>
			<ymin>54</ymin>
			<xmax>286</xmax>
			<ymax>369</ymax>
		</bndbox>
	</object>
</annotation>
