<annotation>
	<folder>samples_2</folder>
	<filename>17917572_65f6fb58ed9a77d737f5798977dfd5fe.thumbnail.jpg</filename>
	<path>/Users/jingyuanpan/Downloads/ProductImageSegmentation-master/samples_2/17917572_65f6fb58ed9a77d737f5798977dfd5fe.thumbnail.jpg</path>
	<source>
		<database>Unknown</database>
	</source>
	<size>
		<width>640</width>
		<height>640</height>
		<depth>3</depth>
	</size>
	<segmented>0</segmented>
	<object>
		<name>Dresses</name>
		<pose>Unspecified</pose>
		<truncated>0</truncated>
		<difficult>0</difficult>
		<bndbox>
			<xmin>78</xmin>
			<ymin>177</ymin>
			<xmax>232</xmax>
			<ymax>391</ymax>
		</bndbox>
	</object>
	<object>
		<name>Dresses</name>
		<pose>Unspecified</pose>
		<truncated>0</truncated>
		<difficult>0</difficult>
		<bndbox>
			<xmin>340</xmin>
			<ymin>291</ymin>
			<xmax>517</xmax>
			<ymax>533</ymax>
		</bndbox>
	</object>
</annotation>
