<annotation>
	<folder>samples_2</folder>
	<filename>17989659_4120b902121dfd784504c437fdae4859.thumbnail.jpg</filename>
	<path>C:\Users\Wei Zhang\Desktop\Shopee\samples_2\17989659_4120b902121dfd784504c437fdae4859.thumbnail.jpg</path>
	<source>
		<database>Unknown</database>
	</source>
	<size>
		<width>640</width>
		<height>640</height>
		<depth>3</depth>
	</size>
	<segmented>0</segmented>
	<object>
		<name>Tops</name>
		<pose>Unspecified</pose>
		<truncated>0</truncated>
		<difficult>0</difficult>
		<bndbox>
			<xmin>282</xmin>
			<ymin>152</ymin>
			<xmax>505</xmax>
			<ymax>395</ymax>
		</bndbox>
	</object>
	<object>
		<name>Skirts</name>
		<pose>Unspecified</pose>
		<truncated>0</truncated>
		<difficult>0</difficult>
		<bndbox>
			<xmin>213</xmin>
			<ymin>328</ymin>
			<xmax>419</xmax>
			<ymax>611</ymax>
		</bndbox>
	</object>
</annotation>
