<annotation>
	<folder>samples_2</folder>
	<filename>18024725_22e1f9648f2828644ee545a6fe8275c1.thumbnail.jpg</filename>
	<path>/Users/jingyuanpan/Downloads/ProductImageSegmentation-master/samples_2/18024725_22e1f9648f2828644ee545a6fe8275c1.thumbnail.jpg</path>
	<source>
		<database>Unknown</database>
	</source>
	<size>
		<width>640</width>
		<height>640</height>
		<depth>3</depth>
	</size>
	<segmented>0</segmented>
	<object>
		<name>Tops</name>
		<pose>Unspecified</pose>
		<truncated>0</truncated>
		<difficult>0</difficult>
		<bndbox>
			<xmin>152</xmin>
			<ymin>209</ymin>
			<xmax>486</xmax>
			<ymax>564</ymax>
		</bndbox>
	</object>
	<object>
		<name>Shorts</name>
		<pose>Unspecified</pose>
		<truncated>1</truncated>
		<difficult>0</difficult>
		<bndbox>
			<xmin>200</xmin>
			<ymin>544</ymin>
			<xmax>445</xmax>
			<ymax>640</ymax>
		</bndbox>
	</object>
</annotation>
