<annotation>
	<folder>samples_2</folder>
	<filename>1802036_988c042b816adc5170d204912ceaae1c.thumbnail.jpg</filename>
	<path>C:\Users\Wei Zhang\Desktop\Shopee\samples_2\1802036_988c042b816adc5170d204912ceaae1c.thumbnail.jpg</path>
	<source>
		<database>Unknown</database>
	</source>
	<size>
		<width>640</width>
		<height>640</height>
		<depth>3</depth>
	</size>
	<segmented>0</segmented>
	<object>
		<name>Tops</name>
		<pose>Unspecified</pose>
		<truncated>1</truncated>
		<difficult>0</difficult>
		<bndbox>
			<xmin>139</xmin>
			<ymin>1</ymin>
			<xmax>369</xmax>
			<ymax>212</ymax>
		</bndbox>
	</object>
	<object>
		<name>Pants_Leggings</name>
		<pose>Unspecified</pose>
		<truncated>0</truncated>
		<difficult>0</difficult>
		<bndbox>
			<xmin>130</xmin>
			<ymin>193</ymin>
			<xmax>344</xmax>
			<ymax>639</ymax>
		</bndbox>
	</object>
</annotation>
