<annotation>
	<folder>samples_2</folder>
	<filename>18082249_20210892f49f3ccc3e3ef75e81cf673a.thumbnail.jpg</filename>
	<path>/Users/jingyuanpan/Downloads/ProductImageSegmentation-master/samples_2/18082249_20210892f49f3ccc3e3ef75e81cf673a.thumbnail.jpg</path>
	<source>
		<database>Unknown</database>
	</source>
	<size>
		<width>640</width>
		<height>640</height>
		<depth>3</depth>
	</size>
	<segmented>0</segmented>
	<object>
		<name>Dresses</name>
		<pose>Unspecified</pose>
		<truncated>0</truncated>
		<difficult>0</difficult>
		<bndbox>
			<xmin>226</xmin>
			<ymin>233</ymin>
			<xmax>488</xmax>
			<ymax>576</ymax>
		</bndbox>
	</object>
</annotation>
