<annotation>
	<folder>samples_2</folder>
	<filename>18114419_f797934fb790a8825d0f3aec8deb3269.thumbnail.jpg</filename>
	<path>/Users/jingyuanpan/Downloads/ProductImageSegmentation-master/samples_2/18114419_f797934fb790a8825d0f3aec8deb3269.thumbnail.jpg</path>
	<source>
		<database>Unknown</database>
	</source>
	<size>
		<width>640</width>
		<height>640</height>
		<depth>3</depth>
	</size>
	<segmented>0</segmented>
	<object>
		<name>Tops</name>
		<pose>Unspecified</pose>
		<truncated>0</truncated>
		<difficult>0</difficult>
		<bndbox>
			<xmin>165</xmin>
			<ymin>211</ymin>
			<xmax>361</xmax>
			<ymax>426</ymax>
		</bndbox>
	</object>
	<object>
		<name>Shorts</name>
		<pose>Unspecified</pose>
		<truncated>0</truncated>
		<difficult>0</difficult>
		<bndbox>
			<xmin>221</xmin>
			<ymin>426</ymin>
			<xmax>384</xmax>
			<ymax>568</ymax>
		</bndbox>
	</object>
</annotation>
