<annotation>
	<folder>samples_2</folder>
	<filename>18145527_adfb4510e571f43c489e2d2d7f8c2aa5.thumbnail.jpg</filename>
	<path>/Users/jingyuanpan/Downloads/ProductImageSegmentation-master/samples_2/18145527_adfb4510e571f43c489e2d2d7f8c2aa5.thumbnail.jpg</path>
	<source>
		<database>Unknown</database>
	</source>
	<size>
		<width>640</width>
		<height>640</height>
		<depth>3</depth>
	</size>
	<segmented>0</segmented>
	<object>
		<name>Tops</name>
		<pose>Unspecified</pose>
		<truncated>0</truncated>
		<difficult>0</difficult>
		<bndbox>
			<xmin>186</xmin>
			<ymin>106</ymin>
			<xmax>393</xmax>
			<ymax>363</ymax>
		</bndbox>
	</object>
	<object>
		<name>Pants_Leggings</name>
		<pose>Unspecified</pose>
		<truncated>0</truncated>
		<difficult>0</difficult>
		<bndbox>
			<xmin>242</xmin>
			<ymin>355</ymin>
			<xmax>361</xmax>
			<ymax>584</ymax>
		</bndbox>
	</object>
</annotation>
