<annotation>
	<folder>samples_2</folder>
	<filename>18140184_45c5b349638ade9328aa524a70c68fa5.thumbnail.jpg</filename>
	<path>/Users/jingyuanpan/Downloads/ProductImageSegmentation-master/samples_2/18140184_45c5b349638ade9328aa524a70c68fa5.thumbnail.jpg</path>
	<source>
		<database>Unknown</database>
	</source>
	<size>
		<width>640</width>
		<height>640</height>
		<depth>3</depth>
	</size>
	<segmented>0</segmented>
	<object>
		<name>Tops</name>
		<pose>Unspecified</pose>
		<truncated>0</truncated>
		<difficult>0</difficult>
		<bndbox>
			<xmin>72</xmin>
			<ymin>22</ymin>
			<xmax>444</xmax>
			<ymax>439</ymax>
		</bndbox>
	</object>
</annotation>
