<annotation>
	<folder>samples_2</folder>
	<filename>18168258_74e27c22fff16b422e23196b33dfa269.thumbnail.jpg</filename>
	<path>/Users/jingyuanpan/Downloads/ProductImageSegmentation-master/samples_2/18168258_74e27c22fff16b422e23196b33dfa269.thumbnail.jpg</path>
	<source>
		<database>Unknown</database>
	</source>
	<size>
		<width>640</width>
		<height>640</height>
		<depth>3</depth>
	</size>
	<segmented>0</segmented>
	<object>
		<name>Tops</name>
		<pose>Unspecified</pose>
		<truncated>0</truncated>
		<difficult>0</difficult>
		<bndbox>
			<xmin>89</xmin>
			<ymin>54</ymin>
			<xmax>439</xmax>
			<ymax>572</ymax>
		</bndbox>
	</object>
	<object>
		<name>Shorts</name>
		<pose>Unspecified</pose>
		<truncated>0</truncated>
		<difficult>0</difficult>
		<bndbox>
			<xmin>202</xmin>
			<ymin>523</ymin>
			<xmax>438</xmax>
			<ymax>624</ymax>
		</bndbox>
	</object>
</annotation>
