<annotation>
	<folder>samples_2</folder>
	<filename>18168258_0bd0005d36d97cfe8e27c165b86a6807.thumbnail.jpg</filename>
	<path>/Users/jingyuanpan/Downloads/ProductImageSegmentation-master/samples_2/18168258_0bd0005d36d97cfe8e27c165b86a6807.thumbnail.jpg</path>
	<source>
		<database>Unknown</database>
	</source>
	<size>
		<width>594</width>
		<height>640</height>
		<depth>3</depth>
	</size>
	<segmented>0</segmented>
	<object>
		<name>Tops</name>
		<pose>Unspecified</pose>
		<truncated>0</truncated>
		<difficult>0</difficult>
		<bndbox>
			<xmin>98</xmin>
			<ymin>209</ymin>
			<xmax>468</xmax>
			<ymax>626</ymax>
		</bndbox>
	</object>
</annotation>
