<annotation>
	<folder>samples_2</folder>
	<filename>18252633_906f66bf83626342ca5d590b1c735c76.thumbnail.jpg</filename>
	<path>/Users/jingyuanpan/Downloads/ProductImageSegmentation-master/samples_2/18252633_906f66bf83626342ca5d590b1c735c76.thumbnail.jpg</path>
	<source>
		<database>Unknown</database>
	</source>
	<size>
		<width>640</width>
		<height>640</height>
		<depth>3</depth>
	</size>
	<segmented>0</segmented>
	<object>
		<name>Tops</name>
		<pose>Unspecified</pose>
		<truncated>0</truncated>
		<difficult>0</difficult>
		<bndbox>
			<xmin>120</xmin>
			<ymin>118</ymin>
			<xmax>232</xmax>
			<ymax>366</ymax>
		</bndbox>
	</object>
</annotation>
