<annotation>
	<folder>samples_2</folder>
	<filename>18346318_f72e9b2ae73ea322f1713a2cd4c32ebe.thumbnail.jpg</filename>
	<path>/Users/jingyuanpan/Downloads/ProductImageSegmentation-master/samples_2/18346318_f72e9b2ae73ea322f1713a2cd4c32ebe.thumbnail.jpg</path>
	<source>
		<database>Unknown</database>
	</source>
	<size>
		<width>640</width>
		<height>532</height>
		<depth>3</depth>
	</size>
	<segmented>0</segmented>
	<object>
		<name>Dresses</name>
		<pose>Unspecified</pose>
		<truncated>1</truncated>
		<difficult>0</difficult>
		<bndbox>
			<xmin>49</xmin>
			<ymin>1</ymin>
			<xmax>598</xmax>
			<ymax>393</ymax>
		</bndbox>
	</object>
</annotation>
