<annotation>
	<folder>samples_2</folder>
	<filename>18398841_2261161e515d9baf2cc561d306108599.thumbnail.jpg</filename>
	<path>/Users/jingyuanpan/Downloads/ProductImageSegmentation-master/samples_2/18398841_2261161e515d9baf2cc561d306108599.thumbnail.jpg</path>
	<source>
		<database>Unknown</database>
	</source>
	<size>
		<width>640</width>
		<height>640</height>
		<depth>3</depth>
	</size>
	<segmented>0</segmented>
	<object>
		<name>Tops</name>
		<pose>Unspecified</pose>
		<truncated>0</truncated>
		<difficult>0</difficult>
		<bndbox>
			<xmin>195</xmin>
			<ymin>178</ymin>
			<xmax>470</xmax>
			<ymax>532</ymax>
		</bndbox>
	</object>
</annotation>
