<annotation>
	<folder>samples_2</folder>
	<filename>18496081_92763a15807f1c3f8bf61ae36ef45091.thumbnail.jpg</filename>
	<path>/Users/jingyuanpan/Downloads/ProductImageSegmentation-master/samples_2/18496081_92763a15807f1c3f8bf61ae36ef45091.thumbnail.jpg</path>
	<source>
		<database>Unknown</database>
	</source>
	<size>
		<width>640</width>
		<height>640</height>
		<depth>3</depth>
	</size>
	<segmented>0</segmented>
	<object>
		<name>Tops</name>
		<pose>Unspecified</pose>
		<truncated>0</truncated>
		<difficult>0</difficult>
		<bndbox>
			<xmin>78</xmin>
			<ymin>239</ymin>
			<xmax>251</xmax>
			<ymax>401</ymax>
		</bndbox>
	</object>
	<object>
		<name>Shorts</name>
		<pose>Unspecified</pose>
		<truncated>0</truncated>
		<difficult>0</difficult>
		<bndbox>
			<xmin>148</xmin>
			<ymin>404</ymin>
			<xmax>299</xmax>
			<ymax>488</ymax>
		</bndbox>
	</object>
	<object>
		<name>Tops</name>
		<pose>Unspecified</pose>
		<truncated>0</truncated>
		<difficult>0</difficult>
		<bndbox>
			<xmin>408</xmin>
			<ymin>204</ymin>
			<xmax>580</xmax>
			<ymax>342</ymax>
		</bndbox>
	</object>
	<object>
		<name>Shorts</name>
		<pose>Unspecified</pose>
		<truncated>0</truncated>
		<difficult>0</difficult>
		<bndbox>
			<xmin>360</xmin>
			<ymin>313</ymin>
			<xmax>504</xmax>
			<ymax>445</ymax>
		</bndbox>
	</object>
</annotation>
