<annotation>
	<folder>samples_2</folder>
	<filename>18544644_2580787932de5d60289365ff1bc4d8d8.thumbnail.jpg</filename>
	<path>/Users/jingyuanpan/Downloads/ProductImageSegmentation-master/samples_2/18544644_2580787932de5d60289365ff1bc4d8d8.thumbnail.jpg</path>
	<source>
		<database>Unknown</database>
	</source>
	<size>
		<width>400</width>
		<height>400</height>
		<depth>3</depth>
	</size>
	<segmented>0</segmented>
	<object>
		<name>Tops</name>
		<pose>Unspecified</pose>
		<truncated>0</truncated>
		<difficult>0</difficult>
		<bndbox>
			<xmin>11</xmin>
			<ymin>8</ymin>
			<xmax>389</xmax>
			<ymax>389</ymax>
		</bndbox>
	</object>
</annotation>
