<annotation>
	<folder>samples_2</folder>
	<filename>18581161_e39f1ebf4863a5ecfdedce45974967f6.thumbnail.jpg</filename>
	<path>/Users/jingyuanpan/Downloads/ProductImageSegmentation-master/samples_2/18581161_e39f1ebf4863a5ecfdedce45974967f6.thumbnail.jpg</path>
	<source>
		<database>Unknown</database>
	</source>
	<size>
		<width>640</width>
		<height>640</height>
		<depth>3</depth>
	</size>
	<segmented>0</segmented>
	<object>
		<name>Tops</name>
		<pose>Unspecified</pose>
		<truncated>0</truncated>
		<difficult>0</difficult>
		<bndbox>
			<xmin>182</xmin>
			<ymin>5</ymin>
			<xmax>516</xmax>
			<ymax>263</ymax>
		</bndbox>
	</object>
</annotation>
