<annotation>
	<folder>samples_2</folder>
	<filename>18689726_e611c23df5dd685898a4bfa4f764cec9.thumbnail.jpg</filename>
	<path>/Users/jingyuanpan/Downloads/ProductImageSegmentation-master/samples_2/18689726_e611c23df5dd685898a4bfa4f764cec9.thumbnail.jpg</path>
	<source>
		<database>Unknown</database>
	</source>
	<size>
		<width>640</width>
		<height>640</height>
		<depth>3</depth>
	</size>
	<segmented>0</segmented>
	<object>
		<name>Tops</name>
		<pose>Unspecified</pose>
		<truncated>1</truncated>
		<difficult>0</difficult>
		<bndbox>
			<xmin>4</xmin>
			<ymin>118</ymin>
			<xmax>640</xmax>
			<ymax>637</ymax>
		</bndbox>
	</object>
</annotation>
