<annotation>
	<folder>samples_2</folder>
	<filename>18689940_2a215d5f0662d13889e461cb313f9f7a.thumbnail.jpg</filename>
	<path>/Users/jingyuanpan/Downloads/ProductImageSegmentation-master/samples_2/18689940_2a215d5f0662d13889e461cb313f9f7a.thumbnail.jpg</path>
	<source>
		<database>Unknown</database>
	</source>
	<size>
		<width>640</width>
		<height>640</height>
		<depth>3</depth>
	</size>
	<segmented>0</segmented>
	<object>
		<name>Dresses</name>
		<pose>Unspecified</pose>
		<truncated>0</truncated>
		<difficult>0</difficult>
		<bndbox>
			<xmin>214</xmin>
			<ymin>160</ymin>
			<xmax>482</xmax>
			<ymax>581</ymax>
		</bndbox>
	</object>
</annotation>
