<annotation>
	<folder>samples_2</folder>
	<filename>18741446_c0ee0b4fe2c0369322b0fbeed81f68f7.thumbnail.jpg</filename>
	<path>/Users/jingyuanpan/Downloads/ProductImageSegmentation-master/samples_2/18741446_c0ee0b4fe2c0369322b0fbeed81f68f7.thumbnail.jpg</path>
	<source>
		<database>Unknown</database>
	</source>
	<size>
		<width>640</width>
		<height>640</height>
		<depth>3</depth>
	</size>
	<segmented>0</segmented>
	<object>
		<name>Dresses</name>
		<pose>Unspecified</pose>
		<truncated>0</truncated>
		<difficult>0</difficult>
		<bndbox>
			<xmin>107</xmin>
			<ymin>6</ymin>
			<xmax>492</xmax>
			<ymax>616</ymax>
		</bndbox>
	</object>
</annotation>
