<annotation>
	<folder>samples_2</folder>
	<filename>18785469_59f45e88662e50c6cd19c8c7eaf39dda.thumbnail.jpg</filename>
	<path>/Users/jingyuanpan/Downloads/ProductImageSegmentation-master/samples_2/18785469_59f45e88662e50c6cd19c8c7eaf39dda.thumbnail.jpg</path>
	<source>
		<database>Unknown</database>
	</source>
	<size>
		<width>337</width>
		<height>640</height>
		<depth>3</depth>
	</size>
	<segmented>0</segmented>
	<object>
		<name>Tops</name>
		<pose>Unspecified</pose>
		<truncated>0</truncated>
		<difficult>0</difficult>
		<bndbox>
			<xmin>28</xmin>
			<ymin>365</ymin>
			<xmax>217</xmax>
			<ymax>533</ymax>
		</bndbox>
	</object>
</annotation>
