<annotation>
	<folder>samples_2</folder>
	<filename>18935290_7f1d749ab8d10efbbfee2abfa5e0ff41.thumbnail.jpg</filename>
	<path>/Users/jingyuanpan/Downloads/ProductImageSegmentation-master/samples_2/18935290_7f1d749ab8d10efbbfee2abfa5e0ff41.thumbnail.jpg</path>
	<source>
		<database>Unknown</database>
	</source>
	<size>
		<width>640</width>
		<height>640</height>
		<depth>3</depth>
	</size>
	<segmented>0</segmented>
	<object>
		<name>Dresses</name>
		<pose>Unspecified</pose>
		<truncated>0</truncated>
		<difficult>0</difficult>
		<bndbox>
			<xmin>249</xmin>
			<ymin>160</ymin>
			<xmax>417</xmax>
			<ymax>521</ymax>
		</bndbox>
	</object>
</annotation>
