<annotation>
	<folder>samples_2</folder>
	<filename>18990651_d23cad76513a3302a18264bfdab2e906.thumbnail.jpg</filename>
	<path>/Users/jingyuanpan/Downloads/ProductImageSegmentation-master/samples_2/18990651_d23cad76513a3302a18264bfdab2e906.thumbnail.jpg</path>
	<source>
		<database>Unknown</database>
	</source>
	<size>
		<width>640</width>
		<height>640</height>
		<depth>3</depth>
	</size>
	<segmented>0</segmented>
	<object>
		<name>Dresses</name>
		<pose>Unspecified</pose>
		<truncated>0</truncated>
		<difficult>0</difficult>
		<bndbox>
			<xmin>231</xmin>
			<ymin>156</ymin>
			<xmax>490</xmax>
			<ymax>616</ymax>
		</bndbox>
	</object>
</annotation>
