<annotation>
	<folder>samples_2</folder>
	<filename>19025025_fdd93bab41021028130bf8b34a740eea.thumbnail.jpg</filename>
	<path>C:\Users\Wei Zhang\Desktop\Shopee\samples_2\19025025_fdd93bab41021028130bf8b34a740eea.thumbnail.jpg</path>
	<source>
		<database>Unknown</database>
	</source>
	<size>
		<width>640</width>
		<height>640</height>
		<depth>3</depth>
	</size>
	<segmented>0</segmented>
	<object>
		<name>Lingerie</name>
		<pose>Unspecified</pose>
		<truncated>0</truncated>
		<difficult>0</difficult>
		<bndbox>
			<xmin>152</xmin>
			<ymin>6</ymin>
			<xmax>477</xmax>
			<ymax>619</ymax>
		</bndbox>
	</object>
	<object>
		<name>Lingerie</name>
		<pose>Unspecified</pose>
		<truncated>0</truncated>
		<difficult>0</difficult>
		<bndbox>
			<xmin>155</xmin>
			<ymin>5</ymin>
			<xmax>477</xmax>
			<ymax>329</ymax>
		</bndbox>
	</object>
</annotation>
