<annotation>
	<folder>samples_2</folder>
	<filename>19089431_b5502cc89d084a6077320a4d4df589ff.thumbnail.jpg</filename>
	<path>/Users/jingyuanpan/Downloads/ProductImageSegmentation-master/samples_2/19089431_b5502cc89d084a6077320a4d4df589ff.thumbnail.jpg</path>
	<source>
		<database>Unknown</database>
	</source>
	<size>
		<width>420</width>
		<height>640</height>
		<depth>3</depth>
	</size>
	<segmented>0</segmented>
	<object>
		<name>Tops</name>
		<pose>Unspecified</pose>
		<truncated>1</truncated>
		<difficult>0</difficult>
		<bndbox>
			<xmin>15</xmin>
			<ymin>128</ymin>
			<xmax>396</xmax>
			<ymax>640</ymax>
		</bndbox>
	</object>
</annotation>
