<annotation>
	<folder>samples_2</folder>
	<filename>19105641_47551a6f83226295b366b81236f1c685.thumbnail.jpg</filename>
	<path>/Users/jingyuanpan/Downloads/ProductImageSegmentation-master/samples_2/19105641_47551a6f83226295b366b81236f1c685.thumbnail.jpg</path>
	<source>
		<database>Unknown</database>
	</source>
	<size>
		<width>640</width>
		<height>640</height>
		<depth>3</depth>
	</size>
	<segmented>0</segmented>
	<object>
		<name>Tops</name>
		<pose>Unspecified</pose>
		<truncated>0</truncated>
		<difficult>0</difficult>
		<bndbox>
			<xmin>265</xmin>
			<ymin>97</ymin>
			<xmax>407</xmax>
			<ymax>277</ymax>
		</bndbox>
	</object>
	<object>
		<name>Pants_Leggings</name>
		<pose>Unspecified</pose>
		<truncated>0</truncated>
		<difficult>0</difficult>
		<bndbox>
			<xmin>276</xmin>
			<ymin>271</ymin>
			<xmax>436</xmax>
			<ymax>524</ymax>
		</bndbox>
	</object>
</annotation>
