<annotation>
	<folder>samples_2</folder>
	<filename>19140756_151c0892575c3dbd3ce0878aa31e104d.thumbnail.jpg</filename>
	<path>/Users/jingyuanpan/Downloads/ProductImageSegmentation-master/samples_2/19140756_151c0892575c3dbd3ce0878aa31e104d.thumbnail.jpg</path>
	<source>
		<database>Unknown</database>
	</source>
	<size>
		<width>500</width>
		<height>500</height>
		<depth>3</depth>
	</size>
	<segmented>0</segmented>
	<object>
		<name>Pants_Leggings</name>
		<pose>Unspecified</pose>
		<truncated>0</truncated>
		<difficult>0</difficult>
		<bndbox>
			<xmin>117</xmin>
			<ymin>110</ymin>
			<xmax>347</xmax>
			<ymax>467</ymax>
		</bndbox>
	</object>
	<object>
		<name>Tops</name>
		<pose>Unspecified</pose>
		<truncated>1</truncated>
		<difficult>0</difficult>
		<bndbox>
			<xmin>233</xmin>
			<ymin>1</ymin>
			<xmax>427</xmax>
			<ymax>127</ymax>
		</bndbox>
	</object>
</annotation>
