<annotation>
	<folder>samples_2</folder>
	<filename>19208478_fe19253cf83e2565d5e72949a68b5636.thumbnail.jpg</filename>
	<path>/Users/jingyuanpan/Downloads/ProductImageSegmentation-master/samples_2/19208478_fe19253cf83e2565d5e72949a68b5636.thumbnail.jpg</path>
	<source>
		<database>Unknown</database>
	</source>
	<size>
		<width>640</width>
		<height>640</height>
		<depth>3</depth>
	</size>
	<segmented>0</segmented>
	<object>
		<name>Pants_Leggings</name>
		<pose>Unspecified</pose>
		<truncated>0</truncated>
		<difficult>0</difficult>
		<bndbox>
			<xmin>70</xmin>
			<ymin>142</ymin>
			<xmax>567</xmax>
			<ymax>501</ymax>
		</bndbox>
	</object>
</annotation>
