<annotation>
	<folder>samples_2</folder>
	<filename>19496582_ec22c70afebdb99566c556b13e26a3d9.thumbnail.jpg</filename>
	<path>/Users/jingyuanpan/Downloads/ProductImageSegmentation-master/samples_2/19496582_ec22c70afebdb99566c556b13e26a3d9.thumbnail.jpg</path>
	<source>
		<database>Unknown</database>
	</source>
	<size>
		<width>640</width>
		<height>640</height>
		<depth>3</depth>
	</size>
	<segmented>0</segmented>
	<object>
		<name>Tops</name>
		<pose>Unspecified</pose>
		<truncated>0</truncated>
		<difficult>0</difficult>
		<bndbox>
			<xmin>190</xmin>
			<ymin>178</ymin>
			<xmax>454</xmax>
			<ymax>400</ymax>
		</bndbox>
	</object>
	<object>
		<name>Skirts</name>
		<pose>Unspecified</pose>
		<truncated>0</truncated>
		<difficult>0</difficult>
		<bndbox>
			<xmin>198</xmin>
			<ymin>401</ymin>
			<xmax>454</xmax>
			<ymax>608</ymax>
		</bndbox>
	</object>
</annotation>
