<annotation>
	<folder>samples_2</folder>
	<filename>19507105_a612998f778ef7ad0f455dd01b582c0a.thumbnail.jpg</filename>
	<path>/Users/jingyuanpan/Downloads/ProductImageSegmentation-master/samples_2/19507105_a612998f778ef7ad0f455dd01b582c0a.thumbnail.jpg</path>
	<source>
		<database>Unknown</database>
	</source>
	<size>
		<width>640</width>
		<height>640</height>
		<depth>3</depth>
	</size>
	<segmented>0</segmented>
	<object>
		<name>Dresses</name>
		<pose>Unspecified</pose>
		<truncated>0</truncated>
		<difficult>0</difficult>
		<bndbox>
			<xmin>206</xmin>
			<ymin>76</ymin>
			<xmax>454</xmax>
			<ymax>586</ymax>
		</bndbox>
	</object>
</annotation>
