<annotation>
	<folder>samples_2</folder>
	<filename>19531543_43e4a8476ae86dcca04c704af9062848.thumbnail.jpg</filename>
	<path>/Users/jingyuanpan/Downloads/ProductImageSegmentation-master/samples_2/19531543_43e4a8476ae86dcca04c704af9062848.thumbnail.jpg</path>
	<source>
		<database>Unknown</database>
	</source>
	<size>
		<width>640</width>
		<height>640</height>
		<depth>3</depth>
	</size>
	<segmented>0</segmented>
	<object>
		<name>Tops</name>
		<pose>Unspecified</pose>
		<truncated>0</truncated>
		<difficult>0</difficult>
		<bndbox>
			<xmin>187</xmin>
			<ymin>116</ymin>
			<xmax>452</xmax>
			<ymax>509</ymax>
		</bndbox>
	</object>
</annotation>
