<annotation>
	<folder>samples_2</folder>
	<filename>19553140_7e5325c1c0bea2da39de6a8ba99d5e4f.thumbnail.jpg</filename>
	<path>/Users/jingyuanpan/Downloads/ProductImageSegmentation-master/samples_2/19553140_7e5325c1c0bea2da39de6a8ba99d5e4f.thumbnail.jpg</path>
	<source>
		<database>Unknown</database>
	</source>
	<size>
		<width>640</width>
		<height>640</height>
		<depth>3</depth>
	</size>
	<segmented>0</segmented>
	<object>
		<name>Dresses</name>
		<pose>Unspecified</pose>
		<truncated>0</truncated>
		<difficult>0</difficult>
		<bndbox>
			<xmin>173</xmin>
			<ymin>139</ymin>
			<xmax>491</xmax>
			<ymax>592</ymax>
		</bndbox>
	</object>
</annotation>
