<annotation>
	<folder>samples_2</folder>
	<filename>19691142_ea4e33602870518ce9597e44fd2d29d3.thumbnail.jpg</filename>
	<path>/Users/jingyuanpan/Downloads/ProductImageSegmentation-master/samples_2/19691142_ea4e33602870518ce9597e44fd2d29d3.thumbnail.jpg</path>
	<source>
		<database>Unknown</database>
	</source>
	<size>
		<width>640</width>
		<height>640</height>
		<depth>3</depth>
	</size>
	<segmented>0</segmented>
	<object>
		<name>Dresses</name>
		<pose>Unspecified</pose>
		<truncated>0</truncated>
		<difficult>0</difficult>
		<bndbox>
			<xmin>18</xmin>
			<ymin>85</ymin>
			<xmax>254</xmax>
			<ymax>525</ymax>
		</bndbox>
	</object>
	<object>
		<name>Dresses</name>
		<pose>Unspecified</pose>
		<truncated>0</truncated>
		<difficult>0</difficult>
		<bndbox>
			<xmin>401</xmin>
			<ymin>101</ymin>
			<xmax>599</xmax>
			<ymax>535</ymax>
		</bndbox>
	</object>
</annotation>
