<annotation>
	<folder>samples_2</folder>
	<filename>19720693_88fd572ed95dfe02169975c611a2a137.thumbnail.jpg</filename>
	<path>/Users/jingyuanpan/Downloads/ProductImageSegmentation-master/samples_2/19720693_88fd572ed95dfe02169975c611a2a137.thumbnail.jpg</path>
	<source>
		<database>Unknown</database>
	</source>
	<size>
		<width>640</width>
		<height>640</height>
		<depth>3</depth>
	</size>
	<segmented>0</segmented>
	<object>
		<name>Dresses</name>
		<pose>Unspecified</pose>
		<truncated>1</truncated>
		<difficult>0</difficult>
		<bndbox>
			<xmin>128</xmin>
			<ymin>1</ymin>
			<xmax>420</xmax>
			<ymax>614</ymax>
		</bndbox>
	</object>
</annotation>
