<annotation>
	<folder>samples_2</folder>
	<filename>19735537_a0abf89e9cd3b6fedaf01028fc831f17.thumbnail.jpg</filename>
	<path>/Users/jingyuanpan/Downloads/ProductImageSegmentation-master/samples_2/19735537_a0abf89e9cd3b6fedaf01028fc831f17.thumbnail.jpg</path>
	<source>
		<database>Unknown</database>
	</source>
	<size>
		<width>640</width>
		<height>640</height>
		<depth>3</depth>
	</size>
	<segmented>0</segmented>
	<object>
		<name>Tops</name>
		<pose>Unspecified</pose>
		<truncated>1</truncated>
		<difficult>0</difficult>
		<bndbox>
			<xmin>20</xmin>
			<ymin>3</ymin>
			<xmax>640</xmax>
			<ymax>639</ymax>
		</bndbox>
	</object>
</annotation>
