<annotation>
	<folder>samples_2</folder>
	<filename>19791167_d1c52919dca786b71f23d547469be10e.thumbnail.jpg</filename>
	<path>/Users/jingyuanpan/Downloads/ProductImageSegmentation-master/samples_2/19791167_d1c52919dca786b71f23d547469be10e.thumbnail.jpg</path>
	<source>
		<database>Unknown</database>
	</source>
	<size>
		<width>363</width>
		<height>363</height>
		<depth>3</depth>
	</size>
	<segmented>0</segmented>
	<object>
		<name>Dresses</name>
		<pose>Unspecified</pose>
		<truncated>1</truncated>
		<difficult>0</difficult>
		<bndbox>
			<xmin>95</xmin>
			<ymin>1</ymin>
			<xmax>282</xmax>
			<ymax>330</ymax>
		</bndbox>
	</object>
</annotation>
