<annotation>
	<folder>samples_2</folder>
	<filename>19829623_0bf5ad8af8f99737bbcb37baf13f0ceb.thumbnail.jpg</filename>
	<path>/Users/jingyuanpan/Downloads/ProductImageSegmentation-master/samples_2/19829623_0bf5ad8af8f99737bbcb37baf13f0ceb.thumbnail.jpg</path>
	<source>
		<database>Unknown</database>
	</source>
	<size>
		<width>486</width>
		<height>486</height>
		<depth>3</depth>
	</size>
	<segmented>0</segmented>
	<object>
		<name>Dresses</name>
		<pose>Unspecified</pose>
		<truncated>0</truncated>
		<difficult>0</difficult>
		<bndbox>
			<xmin>31</xmin>
			<ymin>152</ymin>
			<xmax>263</xmax>
			<ymax>437</ymax>
		</bndbox>
	</object>
</annotation>
