<annotation>
	<folder>samples_2</folder>
	<filename>19946659_3651e505ac1c4146ae0a807c0c025ec6.thumbnail.jpg</filename>
	<path>/Users/jingyuanpan/Downloads/ProductImageSegmentation-master/samples_2/19946659_3651e505ac1c4146ae0a807c0c025ec6.thumbnail.jpg</path>
	<source>
		<database>Unknown</database>
	</source>
	<size>
		<width>459</width>
		<height>459</height>
		<depth>3</depth>
	</size>
	<segmented>0</segmented>
	<object>
		<name>Shorts</name>
		<pose>Unspecified</pose>
		<truncated>0</truncated>
		<difficult>0</difficult>
		<bndbox>
			<xmin>82</xmin>
			<ymin>62</ymin>
			<xmax>386</xmax>
			<ymax>319</ymax>
		</bndbox>
	</object>
</annotation>
