<annotation>
	<folder>samples_2</folder>
	<filename>19956869_50d7328274ce832e5b614ba3b4a67336.thumbnail.jpg</filename>
	<path>/Users/jingyuanpan/Downloads/ProductImageSegmentation-master/samples_2/19956869_50d7328274ce832e5b614ba3b4a67336.thumbnail.jpg</path>
	<source>
		<database>Unknown</database>
	</source>
	<size>
		<width>640</width>
		<height>640</height>
		<depth>3</depth>
	</size>
	<segmented>0</segmented>
	<object>
		<name>Tops</name>
		<pose>Unspecified</pose>
		<truncated>0</truncated>
		<difficult>0</difficult>
		<bndbox>
			<xmin>66</xmin>
			<ymin>193</ymin>
			<xmax>194</xmax>
			<ymax>343</ymax>
		</bndbox>
	</object>
	<object>
		<name>Tops</name>
		<pose>Unspecified</pose>
		<truncated>0</truncated>
		<difficult>0</difficult>
		<bndbox>
			<xmin>281</xmin>
			<ymin>168</ymin>
			<xmax>590</xmax>
			<ymax>508</ymax>
		</bndbox>
	</object>
</annotation>
