<annotation>
	<folder>samples_2</folder>
	<filename>19993076_8f3fa41ff676c4652e5d7656c135b20b.thumbnail.jpg</filename>
	<path>/Users/jingyuanpan/Downloads/ProductImageSegmentation-master/samples_2/19993076_8f3fa41ff676c4652e5d7656c135b20b.thumbnail.jpg</path>
	<source>
		<database>Unknown</database>
	</source>
	<size>
		<width>640</width>
		<height>640</height>
		<depth>3</depth>
	</size>
	<segmented>0</segmented>
	<object>
		<name>Dresses</name>
		<pose>Unspecified</pose>
		<truncated>0</truncated>
		<difficult>0</difficult>
		<bndbox>
			<xmin>271</xmin>
			<ymin>257</ymin>
			<xmax>412</xmax>
			<ymax>484</ymax>
		</bndbox>
	</object>
</annotation>
