<annotation>
	<folder>samples_2</folder>
	<filename>19993637_deb3abc4e0700ba0e232bfa1dfde43c1.thumbnail.jpg</filename>
	<path>/Users/jingyuanpan/Downloads/ProductImageSegmentation-master/samples_2/19993637_deb3abc4e0700ba0e232bfa1dfde43c1.thumbnail.jpg</path>
	<source>
		<database>Unknown</database>
	</source>
	<size>
		<width>520</width>
		<height>520</height>
		<depth>3</depth>
	</size>
	<segmented>0</segmented>
	<object>
		<name>Tops</name>
		<pose>Unspecified</pose>
		<truncated>0</truncated>
		<difficult>0</difficult>
		<bndbox>
			<xmin>206</xmin>
			<ymin>210</ymin>
			<xmax>423</xmax>
			<ymax>426</ymax>
		</bndbox>
	</object>
	<object>
		<name>Shorts</name>
		<pose>Unspecified</pose>
		<truncated>0</truncated>
		<difficult>0</difficult>
		<bndbox>
			<xmin>184</xmin>
			<ymin>403</ymin>
			<xmax>365</xmax>
			<ymax>501</ymax>
		</bndbox>
	</object>
</annotation>
