<annotation>
	<folder>samples_2</folder>
	<filename>20155828_8a893d0a781b89f8238d8b79f3991aca.thumbnail.jpg</filename>
	<path>/Users/jingyuanpan/Downloads/ProductImageSegmentation-master/samples_2/20155828_8a893d0a781b89f8238d8b79f3991aca.thumbnail.jpg</path>
	<source>
		<database>Unknown</database>
	</source>
	<size>
		<width>497</width>
		<height>497</height>
		<depth>3</depth>
	</size>
	<segmented>0</segmented>
	<object>
		<name>Tops</name>
		<pose>Unspecified</pose>
		<truncated>0</truncated>
		<difficult>0</difficult>
		<bndbox>
			<xmin>35</xmin>
			<ymin>194</ymin>
			<xmax>234</xmax>
			<ymax>411</ymax>
		</bndbox>
	</object>
	<object>
		<name>Skirts</name>
		<pose>Unspecified</pose>
		<truncated>0</truncated>
		<difficult>0</difficult>
		<bndbox>
			<xmin>25</xmin>
			<ymin>393</ymin>
			<xmax>187</xmax>
			<ymax>474</ymax>
		</bndbox>
	</object>
	<object>
		<name>Skirts</name>
		<pose>Unspecified</pose>
		<truncated>0</truncated>
		<difficult>0</difficult>
		<bndbox>
			<xmin>320</xmin>
			<ymin>296</ymin>
			<xmax>442</xmax>
			<ymax>427</ymax>
		</bndbox>
	</object>
	<object>
		<name>Tops</name>
		<pose>Unspecified</pose>
		<truncated>0</truncated>
		<difficult>0</difficult>
		<bndbox>
			<xmin>302</xmin>
			<ymin>154</ymin>
			<xmax>459</xmax>
			<ymax>313</ymax>
		</bndbox>
	</object>
</annotation>
