<annotation>
	<folder>samples_2</folder>
	<filename>20244508_b65bf0ea74563d8cad0eb994dd1c7963.thumbnail.jpg</filename>
	<path>/Users/jingyuanpan/Downloads/ProductImageSegmentation-master/samples_2/20244508_b65bf0ea74563d8cad0eb994dd1c7963.thumbnail.jpg</path>
	<source>
		<database>Unknown</database>
	</source>
	<size>
		<width>640</width>
		<height>640</height>
		<depth>3</depth>
	</size>
	<segmented>0</segmented>
	<object>
		<name>Tops</name>
		<pose>Unspecified</pose>
		<truncated>0</truncated>
		<difficult>0</difficult>
		<bndbox>
			<xmin>146</xmin>
			<ymin>223</ymin>
			<xmax>551</xmax>
			<ymax>550</ymax>
		</bndbox>
	</object>
</annotation>
