<annotation>
	<folder>samples_2</folder>
	<filename>20414648_38928da5c5599e7b45a74d38cdc24e76.thumbnail.jpg</filename>
	<path>/Users/jingyuanpan/Downloads/ProductImageSegmentation-master/samples_2/20414648_38928da5c5599e7b45a74d38cdc24e76.thumbnail.jpg</path>
	<source>
		<database>Unknown</database>
	</source>
	<size>
		<width>443</width>
		<height>443</height>
		<depth>3</depth>
	</size>
	<segmented>0</segmented>
	<object>
		<name>Tops</name>
		<pose>Unspecified</pose>
		<truncated>0</truncated>
		<difficult>0</difficult>
		<bndbox>
			<xmin>213</xmin>
			<ymin>164</ymin>
			<xmax>323</xmax>
			<ymax>325</ymax>
		</bndbox>
	</object>
	<object>
		<name>Pants_Leggings</name>
		<pose>Unspecified</pose>
		<truncated>0</truncated>
		<difficult>0</difficult>
		<bndbox>
			<xmin>203</xmin>
			<ymin>298</ymin>
			<xmax>312</xmax>
			<ymax>428</ymax>
		</bndbox>
	</object>
</annotation>
