<annotation>
	<folder>samples_2</folder>
	<filename>20414082_888d2202f117a08fe82f534dda9f0344.thumbnail.jpg</filename>
	<path>/Users/jingyuanpan/Downloads/ProductImageSegmentation-master/samples_2/20414082_888d2202f117a08fe82f534dda9f0344.thumbnail.jpg</path>
	<source>
		<database>Unknown</database>
	</source>
	<size>
		<width>640</width>
		<height>640</height>
		<depth>3</depth>
	</size>
	<segmented>0</segmented>
	<object>
		<name>Pants_Leggings</name>
		<pose>Unspecified</pose>
		<truncated>0</truncated>
		<difficult>0</difficult>
		<bndbox>
			<xmin>379</xmin>
			<ymin>82</ymin>
			<xmax>601</xmax>
			<ymax>583</ymax>
		</bndbox>
	</object>
</annotation>
