<annotation>
	<folder>samples_2</folder>
	<filename>20724842_476217e99a206dd1408666298a854e58.thumbnail.jpg</filename>
	<path>/Users/jingyuanpan/Downloads/ProductImageSegmentation-master/samples_2/20724842_476217e99a206dd1408666298a854e58.thumbnail.jpg</path>
	<source>
		<database>Unknown</database>
	</source>
	<size>
		<width>640</width>
		<height>640</height>
		<depth>3</depth>
	</size>
	<segmented>0</segmented>
	<object>
		<name>Tops</name>
		<pose>Unspecified</pose>
		<truncated>0</truncated>
		<difficult>0</difficult>
		<bndbox>
			<xmin>200</xmin>
			<ymin>161</ymin>
			<xmax>524</xmax>
			<ymax>624</ymax>
		</bndbox>
	</object>
</annotation>
