<annotation>
	<folder>samples_2</folder>
	<filename>20766941_d280788c8a228a25631f03db8770d5b6.thumbnail.jpg</filename>
	<path>/Users/jingyuanpan/Downloads/ProductImageSegmentation-master/samples_2/20766941_d280788c8a228a25631f03db8770d5b6.thumbnail.jpg</path>
	<source>
		<database>Unknown</database>
	</source>
	<size>
		<width>360</width>
		<height>640</height>
		<depth>3</depth>
	</size>
	<segmented>0</segmented>
	<object>
		<name>Tops</name>
		<pose>Unspecified</pose>
		<truncated>0</truncated>
		<difficult>0</difficult>
		<bndbox>
			<xmin>99</xmin>
			<ymin>248</ymin>
			<xmax>347</xmax>
			<ymax>484</ymax>
		</bndbox>
	</object>
</annotation>
