<annotation>
	<folder>samples_2</folder>
	<filename>20818794_3c09fda141e12a8fa52cd0b643714870.thumbnail.jpg</filename>
	<path>/Users/jingyuanpan/Downloads/ProductImageSegmentation-master/samples_2/20818794_3c09fda141e12a8fa52cd0b643714870.thumbnail.jpg</path>
	<source>
		<database>Unknown</database>
	</source>
	<size>
		<width>480</width>
		<height>640</height>
		<depth>3</depth>
	</size>
	<segmented>0</segmented>
	<object>
		<name>Tops</name>
		<pose>Unspecified</pose>
		<truncated>0</truncated>
		<difficult>0</difficult>
		<bndbox>
			<xmin>7</xmin>
			<ymin>301</ymin>
			<xmax>321</xmax>
			<ymax>637</ymax>
		</bndbox>
	</object>
</annotation>
