<annotation>
	<folder>samples_2</folder>
	<filename>20910263_e1ed3a8bfd1a7f24e5601149158e7558.thumbnail.jpg</filename>
	<path>/Users/jingyuanpan/Downloads/ProductImageSegmentation-master/samples_2/20910263_e1ed3a8bfd1a7f24e5601149158e7558.thumbnail.jpg</path>
	<source>
		<database>Unknown</database>
	</source>
	<size>
		<width>640</width>
		<height>640</height>
		<depth>3</depth>
	</size>
	<segmented>0</segmented>
	<object>
		<name>Dresses</name>
		<pose>Unspecified</pose>
		<truncated>0</truncated>
		<difficult>0</difficult>
		<bndbox>
			<xmin>252</xmin>
			<ymin>139</ymin>
			<xmax>425</xmax>
			<ymax>438</ymax>
		</bndbox>
	</object>
</annotation>
