<annotation>
	<folder>samples_2</folder>
	<filename>21062220_2502221c83bd4dc7440c78ce15aee603.thumbnail.jpg</filename>
	<path>/Users/jingyuanpan/Downloads/ProductImageSegmentation-master/samples_2/21062220_2502221c83bd4dc7440c78ce15aee603.thumbnail.jpg</path>
	<source>
		<database>Unknown</database>
	</source>
	<size>
		<width>640</width>
		<height>640</height>
		<depth>3</depth>
	</size>
	<segmented>0</segmented>
	<object>
		<name>Tops</name>
		<pose>Unspecified</pose>
		<truncated>0</truncated>
		<difficult>0</difficult>
		<bndbox>
			<xmin>169</xmin>
			<ymin>56</ymin>
			<xmax>452</xmax>
			<ymax>577</ymax>
		</bndbox>
	</object>
</annotation>
