<annotation>
	<folder>samples_2</folder>
	<filename>21117073_9cb517c8c425ac28fecf2c8336487c20.thumbnail.jpg</filename>
	<path>/Users/jingyuanpan/Downloads/ProductImageSegmentation-master/samples_2/21117073_9cb517c8c425ac28fecf2c8336487c20.thumbnail.jpg</path>
	<source>
		<database>Unknown</database>
	</source>
	<size>
		<width>627</width>
		<height>627</height>
		<depth>3</depth>
	</size>
	<segmented>0</segmented>
	<object>
		<name>Tops</name>
		<pose>Unspecified</pose>
		<truncated>0</truncated>
		<difficult>0</difficult>
		<bndbox>
			<xmin>277</xmin>
			<ymin>28</ymin>
			<xmax>568</xmax>
			<ymax>564</ymax>
		</bndbox>
	</object>
</annotation>
