<annotation>
	<folder>samples_2</folder>
	<filename>21165392_ce31d4e20df1304e677301882c696e5a.thumbnail.jpg</filename>
	<path>/Users/jingyuanpan/Downloads/ProductImageSegmentation-master/samples_2/21165392_ce31d4e20df1304e677301882c696e5a.thumbnail.jpg</path>
	<source>
		<database>Unknown</database>
	</source>
	<size>
		<width>640</width>
		<height>640</height>
		<depth>3</depth>
	</size>
	<segmented>0</segmented>
	<object>
		<name>Lingerie</name>
		<pose>Unspecified</pose>
		<truncated>0</truncated>
		<difficult>0</difficult>
		<bndbox>
			<xmin>284</xmin>
			<ymin>260</ymin>
			<xmax>416</xmax>
			<ymax>501</ymax>
		</bndbox>
	</object>
</annotation>
