<annotation>
	<folder>samples_2</folder>
	<filename>21187585_4ee5645ed6a7c7051804c61538a469c8.thumbnail.jpg</filename>
	<path>/Users/jingyuanpan/Downloads/ProductImageSegmentation-master/samples_2/21187585_4ee5645ed6a7c7051804c61538a469c8.thumbnail.jpg</path>
	<source>
		<database>Unknown</database>
	</source>
	<size>
		<width>640</width>
		<height>640</height>
		<depth>3</depth>
	</size>
	<segmented>0</segmented>
	<object>
		<name>Tops</name>
		<pose>Unspecified</pose>
		<truncated>0</truncated>
		<difficult>0</difficult>
		<bndbox>
			<xmin>77</xmin>
			<ymin>236</ymin>
			<xmax>320</xmax>
			<ymax>503</ymax>
		</bndbox>
	</object>
	<object>
		<name>Tops</name>
		<pose>Unspecified</pose>
		<truncated>0</truncated>
		<difficult>0</difficult>
		<bndbox>
			<xmin>322</xmin>
			<ymin>220</ymin>
			<xmax>519</xmax>
			<ymax>497</ymax>
		</bndbox>
	</object>
</annotation>
