<annotation>
	<folder>samples_2</folder>
	<filename>21214053_ee5c462b66f978b1a34d88b134444448.thumbnail.jpg</filename>
	<path>/Users/jingyuanpan/Downloads/ProductImageSegmentation-master/samples_2/21214053_ee5c462b66f978b1a34d88b134444448.thumbnail.jpg</path>
	<source>
		<database>Unknown</database>
	</source>
	<size>
		<width>640</width>
		<height>640</height>
		<depth>3</depth>
	</size>
	<segmented>0</segmented>
	<object>
		<name>Tops</name>
		<pose>Unspecified</pose>
		<truncated>0</truncated>
		<difficult>0</difficult>
		<bndbox>
			<xmin>108</xmin>
			<ymin>183</ymin>
			<xmax>348</xmax>
			<ymax>561</ymax>
		</bndbox>
	</object>
</annotation>
