<annotation>
	<folder>samples_2</folder>
	<filename>21243985_72ab7f354b7b0a7be5b1a8abb014357b.thumbnail.jpg</filename>
	<path>/Users/jingyuanpan/Downloads/ProductImageSegmentation-master/samples_2/21243985_72ab7f354b7b0a7be5b1a8abb014357b.thumbnail.jpg</path>
	<source>
		<database>Unknown</database>
	</source>
	<size>
		<width>640</width>
		<height>640</height>
		<depth>3</depth>
	</size>
	<segmented>0</segmented>
	<object>
		<name>Tops</name>
		<pose>Unspecified</pose>
		<truncated>0</truncated>
		<difficult>0</difficult>
		<bndbox>
			<xmin>125</xmin>
			<ymin>46</ymin>
			<xmax>622</xmax>
			<ymax>591</ymax>
		</bndbox>
	</object>
</annotation>
