<annotation>
	<folder>samples_2</folder>
	<filename>21489204_90cf25fa7236e946b47dfbb921bb8bfa.thumbnail.jpg</filename>
	<path>/Users/jingyuanpan/Downloads/ProductImageSegmentation-master/samples_2/21489204_90cf25fa7236e946b47dfbb921bb8bfa.thumbnail.jpg</path>
	<source>
		<database>Unknown</database>
	</source>
	<size>
		<width>640</width>
		<height>640</height>
		<depth>3</depth>
	</size>
	<segmented>0</segmented>
	<object>
		<name>Tops</name>
		<pose>Unspecified</pose>
		<truncated>0</truncated>
		<difficult>0</difficult>
		<bndbox>
			<xmin>131</xmin>
			<ymin>71</ymin>
			<xmax>507</xmax>
			<ymax>568</ymax>
		</bndbox>
	</object>
</annotation>
