<annotation>
	<folder>samples_2</folder>
	<filename>21543364_2a331220a994cedf69f6ebfc998321f8.thumbnail.jpg</filename>
	<path>/Users/jingyuanpan/Downloads/ProductImageSegmentation-master/samples_2/21543364_2a331220a994cedf69f6ebfc998321f8.thumbnail.jpg</path>
	<source>
		<database>Unknown</database>
	</source>
	<size>
		<width>640</width>
		<height>640</height>
		<depth>3</depth>
	</size>
	<segmented>0</segmented>
	<object>
		<name>Dresses</name>
		<pose>Unspecified</pose>
		<truncated>0</truncated>
		<difficult>0</difficult>
		<bndbox>
			<xmin>276</xmin>
			<ymin>168</ymin>
			<xmax>422</xmax>
			<ymax>622</ymax>
		</bndbox>
	</object>
</annotation>
