<annotation>
	<folder>samples_2</folder>
	<filename>22167672_dfe5d16cc3ef15931437fcf49be1bfd1.thumbnail.jpg</filename>
	<path>/Users/jingyuanpan/Downloads/ProductImageSegmentation-master/samples_2/22167672_dfe5d16cc3ef15931437fcf49be1bfd1.thumbnail.jpg</path>
	<source>
		<database>Unknown</database>
	</source>
	<size>
		<width>640</width>
		<height>640</height>
		<depth>3</depth>
	</size>
	<segmented>0</segmented>
	<object>
		<name>Tops</name>
		<pose>Unspecified</pose>
		<truncated>0</truncated>
		<difficult>0</difficult>
		<bndbox>
			<xmin>182</xmin>
			<ymin>162</ymin>
			<xmax>479</xmax>
			<ymax>609</ymax>
		</bndbox>
	</object>
</annotation>
