<annotation>
	<folder>samples_2</folder>
	<filename>22171957_39c84273c675d55b676fc057956d7c99.thumbnail.jpg</filename>
	<path>/Users/jingyuanpan/Downloads/ProductImageSegmentation-master/samples_2/22171957_39c84273c675d55b676fc057956d7c99.thumbnail.jpg</path>
	<source>
		<database>Unknown</database>
	</source>
	<size>
		<width>640</width>
		<height>640</height>
		<depth>3</depth>
	</size>
	<segmented>0</segmented>
	<object>
		<name>Tops</name>
		<pose>Unspecified</pose>
		<truncated>0</truncated>
		<difficult>0</difficult>
		<bndbox>
			<xmin>129</xmin>
			<ymin>76</ymin>
			<xmax>526</xmax>
			<ymax>563</ymax>
		</bndbox>
	</object>
</annotation>
