<annotation>
	<folder>samples_2</folder>
	<filename>22278433_d87a60b555d564f1d3b45e28e168f8b6.thumbnail.jpg</filename>
	<path>/Users/jingyuanpan/Downloads/ProductImageSegmentation-master/samples_2/22278433_d87a60b555d564f1d3b45e28e168f8b6.thumbnail.jpg</path>
	<source>
		<database>Unknown</database>
	</source>
	<size>
		<width>392</width>
		<height>640</height>
		<depth>3</depth>
	</size>
	<segmented>0</segmented>
	<object>
		<name>Dresses</name>
		<pose>Unspecified</pose>
		<truncated>0</truncated>
		<difficult>0</difficult>
		<bndbox>
			<xmin>50</xmin>
			<ymin>102</ymin>
			<xmax>171</xmax>
			<ymax>305</ymax>
		</bndbox>
	</object>
</annotation>
