<annotation>
	<folder>samples_2</folder>
	<filename>22395588_ffadf13a4351ab402ebdceca4e59747a.thumbnail.jpg</filename>
	<path>/Users/jingyuanpan/Downloads/ProductImageSegmentation-master/samples_2/22395588_ffadf13a4351ab402ebdceca4e59747a.thumbnail.jpg</path>
	<source>
		<database>Unknown</database>
	</source>
	<size>
		<width>640</width>
		<height>640</height>
		<depth>3</depth>
	</size>
	<segmented>0</segmented>
	<object>
		<name>Tops</name>
		<pose>Unspecified</pose>
		<truncated>0</truncated>
		<difficult>0</difficult>
		<bndbox>
			<xmin>199</xmin>
			<ymin>56</ymin>
			<xmax>376</xmax>
			<ymax>292</ymax>
		</bndbox>
	</object>
	<object>
		<name>Shorts</name>
		<pose>Unspecified</pose>
		<truncated>0</truncated>
		<difficult>0</difficult>
		<bndbox>
			<xmin>251</xmin>
			<ymin>270</ymin>
			<xmax>386</xmax>
			<ymax>336</ymax>
		</bndbox>
	</object>
</annotation>
