<annotation>
	<folder>samples_2</folder>
	<filename>22452214_8add02fb986ebf37a1b74dd09e52f980.thumbnail.jpg</filename>
	<path>/Users/jingyuanpan/Downloads/ProductImageSegmentation-master/samples_2/22452214_8add02fb986ebf37a1b74dd09e52f980.thumbnail.jpg</path>
	<source>
		<database>Unknown</database>
	</source>
	<size>
		<width>640</width>
		<height>640</height>
		<depth>3</depth>
	</size>
	<segmented>0</segmented>
	<object>
		<name>Tops</name>
		<pose>Unspecified</pose>
		<truncated>0</truncated>
		<difficult>0</difficult>
		<bndbox>
			<xmin>187</xmin>
			<ymin>258</ymin>
			<xmax>353</xmax>
			<ymax>477</ymax>
		</bndbox>
	</object>
	<object>
		<name>Shorts</name>
		<pose>Unspecified</pose>
		<truncated>0</truncated>
		<difficult>0</difficult>
		<bndbox>
			<xmin>169</xmin>
			<ymin>458</ymin>
			<xmax>352</xmax>
			<ymax>615</ymax>
		</bndbox>
	</object>
</annotation>
