<annotation>
	<folder>samples_2</folder>
	<filename>22532956_a8cfc115ec24e74aec61a218a8db368e.thumbnail.jpg</filename>
	<path>/Users/jingyuanpan/Downloads/ProductImageSegmentation-master/samples_2/22532956_a8cfc115ec24e74aec61a218a8db368e.thumbnail.jpg</path>
	<source>
		<database>Unknown</database>
	</source>
	<size>
		<width>600</width>
		<height>600</height>
		<depth>3</depth>
	</size>
	<segmented>0</segmented>
	<object>
		<name>Tops</name>
		<pose>Unspecified</pose>
		<truncated>0</truncated>
		<difficult>0</difficult>
		<bndbox>
			<xmin>21</xmin>
			<ymin>279</ymin>
			<xmax>298</xmax>
			<ymax>584</ymax>
		</bndbox>
	</object>
	<object>
		<name>Tops</name>
		<pose>Unspecified</pose>
		<truncated>0</truncated>
		<difficult>0</difficult>
		<bndbox>
			<xmin>326</xmin>
			<ymin>278</ymin>
			<xmax>589</xmax>
			<ymax>579</ymax>
		</bndbox>
	</object>
</annotation>
