<annotation>
	<folder>samples_2</folder>
	<filename>22557960_6654bfd731d8e99560e01fe030d8dc22.thumbnail.jpg</filename>
	<path>/Users/jingyuanpan/Downloads/ProductImageSegmentation-master/samples_2/22557960_6654bfd731d8e99560e01fe030d8dc22.thumbnail.jpg</path>
	<source>
		<database>Unknown</database>
	</source>
	<size>
		<width>640</width>
		<height>640</height>
		<depth>3</depth>
	</size>
	<segmented>0</segmented>
	<object>
		<name>Tops</name>
		<pose>Unspecified</pose>
		<truncated>0</truncated>
		<difficult>0</difficult>
		<bndbox>
			<xmin>82</xmin>
			<ymin>24</ymin>
			<xmax>531</xmax>
			<ymax>454</ymax>
		</bndbox>
	</object>
	<object>
		<name>Skirts</name>
		<pose>Unspecified</pose>
		<truncated>1</truncated>
		<difficult>0</difficult>
		<bndbox>
			<xmin>269</xmin>
			<ymin>398</ymin>
			<xmax>640</xmax>
			<ymax>638</ymax>
		</bndbox>
	</object>
</annotation>
