<annotation>
	<folder>samples_2</folder>
	<filename>22763528_e597e25599f2a696f1a576cf4e9f344f.thumbnail.jpg</filename>
	<path>C:\Users\Wei Zhang\Desktop\Shopee\samples_2\22763528_e597e25599f2a696f1a576cf4e9f344f.thumbnail.jpg</path>
	<source>
		<database>Unknown</database>
	</source>
	<size>
		<width>640</width>
		<height>640</height>
		<depth>3</depth>
	</size>
	<segmented>0</segmented>
	<object>
		<name>Lingerie</name>
		<pose>Unspecified</pose>
		<truncated>0</truncated>
		<difficult>0</difficult>
		<bndbox>
			<xmin>53</xmin>
			<ymin>123</ymin>
			<xmax>632</xmax>
			<ymax>475</ymax>
		</bndbox>
	</object>
	<object>
		<name>Lingerie</name>
		<pose>Unspecified</pose>
		<truncated>1</truncated>
		<difficult>0</difficult>
		<bndbox>
			<xmin>76</xmin>
			<ymin>107</ymin>
			<xmax>640</xmax>
			<ymax>341</ymax>
		</bndbox>
	</object>
</annotation>
