<annotation>
	<folder>samples_2</folder>
	<filename>22768704_709795a6ae224fc8007f4e8cc5cc9429.thumbnail.jpg</filename>
	<path>/Users/jingyuanpan/Downloads/ProductImageSegmentation-master/samples_2/22768704_709795a6ae224fc8007f4e8cc5cc9429.thumbnail.jpg</path>
	<source>
		<database>Unknown</database>
	</source>
	<size>
		<width>554</width>
		<height>554</height>
		<depth>3</depth>
	</size>
	<segmented>0</segmented>
	<object>
		<name>Dresses</name>
		<pose>Unspecified</pose>
		<truncated>0</truncated>
		<difficult>0</difficult>
		<bndbox>
			<xmin>219</xmin>
			<ymin>5</ymin>
			<xmax>378</xmax>
			<ymax>309</ymax>
		</bndbox>
	</object>
</annotation>
