<annotation>
	<folder>samples_2</folder>
	<filename>22792994_fff24505aee0c3d1195d7c7142ed53ad.thumbnail.jpg</filename>
	<path>/Users/jingyuanpan/Downloads/ProductImageSegmentation-master/samples_2/22792994_fff24505aee0c3d1195d7c7142ed53ad.thumbnail.jpg</path>
	<source>
		<database>Unknown</database>
	</source>
	<size>
		<width>640</width>
		<height>640</height>
		<depth>3</depth>
	</size>
	<segmented>0</segmented>
	<object>
		<name>Dresses</name>
		<pose>Unspecified</pose>
		<truncated>0</truncated>
		<difficult>0</difficult>
		<bndbox>
			<xmin>222</xmin>
			<ymin>172</ymin>
			<xmax>406</xmax>
			<ymax>608</ymax>
		</bndbox>
	</object>
</annotation>
