<annotation>
	<folder>samples_2</folder>
	<filename>22803116_9d057edd7afab6e63b39ea8b0a7c962e.thumbnail.jpg</filename>
	<path>/Users/jingyuanpan/Downloads/ProductImageSegmentation-master/samples_2/22803116_9d057edd7afab6e63b39ea8b0a7c962e.thumbnail.jpg</path>
	<source>
		<database>Unknown</database>
	</source>
	<size>
		<width>640</width>
		<height>640</height>
		<depth>3</depth>
	</size>
	<segmented>0</segmented>
	<object>
		<name>Dresses</name>
		<pose>Unspecified</pose>
		<truncated>0</truncated>
		<difficult>0</difficult>
		<bndbox>
			<xmin>49</xmin>
			<ymin>163</ymin>
			<xmax>270</xmax>
			<ymax>555</ymax>
		</bndbox>
	</object>
</annotation>
