<annotation>
	<folder>samples_2</folder>
	<filename>23207905_f90a3761b6a1f913bcc28af0b36c8f6e.thumbnail.jpg</filename>
	<path>/Users/jingyuanpan/Downloads/ProductImageSegmentation-master/samples_2/23207905_f90a3761b6a1f913bcc28af0b36c8f6e.thumbnail.jpg</path>
	<source>
		<database>Unknown</database>
	</source>
	<size>
		<width>640</width>
		<height>640</height>
		<depth>3</depth>
	</size>
	<segmented>0</segmented>
	<object>
		<name>Tops</name>
		<pose>Unspecified</pose>
		<truncated>0</truncated>
		<difficult>0</difficult>
		<bndbox>
			<xmin>4</xmin>
			<ymin>162</ymin>
			<xmax>411</xmax>
			<ymax>475</ymax>
		</bndbox>
	</object>
</annotation>
