<annotation>
	<folder>samples_2</folder>
	<filename>23217126_461c278d5541eda82b47f9b8d50fbfa4.thumbnail.jpg</filename>
	<path>/Users/jingyuanpan/Downloads/ProductImageSegmentation-master/samples_2/23217126_461c278d5541eda82b47f9b8d50fbfa4.thumbnail.jpg</path>
	<source>
		<database>Unknown</database>
	</source>
	<size>
		<width>640</width>
		<height>640</height>
		<depth>3</depth>
	</size>
	<segmented>0</segmented>
	<object>
		<name>Tops</name>
		<pose>Unspecified</pose>
		<truncated>0</truncated>
		<difficult>0</difficult>
		<bndbox>
			<xmin>86</xmin>
			<ymin>145</ymin>
			<xmax>321</xmax>
			<ymax>475</ymax>
		</bndbox>
	</object>
	<object>
		<name>Shorts</name>
		<pose>Unspecified</pose>
		<truncated>0</truncated>
		<difficult>0</difficult>
		<bndbox>
			<xmin>105</xmin>
			<ymin>454</ymin>
			<xmax>274</xmax>
			<ymax>636</ymax>
		</bndbox>
	</object>
	<object>
		<name>Skirts</name>
		<pose>Unspecified</pose>
		<truncated>0</truncated>
		<difficult>0</difficult>
		<bndbox>
			<xmin>306</xmin>
			<ymin>422</ymin>
			<xmax>489</xmax>
			<ymax>568</ymax>
		</bndbox>
	</object>
	<object>
		<name>Tops</name>
		<pose>Unspecified</pose>
		<truncated>0</truncated>
		<difficult>0</difficult>
		<bndbox>
			<xmin>306</xmin>
			<ymin>220</ymin>
			<xmax>490</xmax>
			<ymax>426</ymax>
		</bndbox>
	</object>
</annotation>
