<annotation>
	<folder>samples_2</folder>
	<filename>23222152_b253db3637e6b142ab63a683f02b7c18.thumbnail.jpg</filename>
	<path>/Users/jingyuanpan/Downloads/ProductImageSegmentation-master/samples_2/23222152_b253db3637e6b142ab63a683f02b7c18.thumbnail.jpg</path>
	<source>
		<database>Unknown</database>
	</source>
	<size>
		<width>640</width>
		<height>640</height>
		<depth>3</depth>
	</size>
	<segmented>0</segmented>
	<object>
		<name>Tops</name>
		<pose>Unspecified</pose>
		<truncated>0</truncated>
		<difficult>0</difficult>
		<bndbox>
			<xmin>193</xmin>
			<ymin>208</ymin>
			<xmax>392</xmax>
			<ymax>473</ymax>
		</bndbox>
	</object>
	<object>
		<name>Pants_Leggings</name>
		<pose>Unspecified</pose>
		<truncated>0</truncated>
		<difficult>0</difficult>
		<bndbox>
			<xmin>224</xmin>
			<ymin>451</ymin>
			<xmax>354</xmax>
			<ymax>594</ymax>
		</bndbox>
	</object>
</annotation>
