<annotation>
	<folder>samples_2</folder>
	<filename>23427497_94d1f659c1b8de2850bbd9dd52e3cacf.thumbnail.jpg</filename>
	<path>/Users/jingyuanpan/Downloads/ProductImageSegmentation-master/samples_2/23427497_94d1f659c1b8de2850bbd9dd52e3cacf.thumbnail.jpg</path>
	<source>
		<database>Unknown</database>
	</source>
	<size>
		<width>485</width>
		<height>485</height>
		<depth>3</depth>
	</size>
	<segmented>0</segmented>
	<object>
		<name>Tops</name>
		<pose>Unspecified</pose>
		<truncated>0</truncated>
		<difficult>0</difficult>
		<bndbox>
			<xmin>159</xmin>
			<ymin>111</ymin>
			<xmax>383</xmax>
			<ymax>461</ymax>
		</bndbox>
	</object>
</annotation>
