<annotation>
	<folder>samples_2</folder>
	<filename>23441058_85689d1278aa99862945342852f4dbf1.thumbnail.jpg</filename>
	<path>/Users/jingyuanpan/Downloads/ProductImageSegmentation-master/samples_2/23441058_85689d1278aa99862945342852f4dbf1.thumbnail.jpg</path>
	<source>
		<database>Unknown</database>
	</source>
	<size>
		<width>640</width>
		<height>640</height>
		<depth>3</depth>
	</size>
	<segmented>0</segmented>
	<object>
		<name>Pants_Leggings</name>
		<pose>Unspecified</pose>
		<truncated>1</truncated>
		<difficult>0</difficult>
		<bndbox>
			<xmin>27</xmin>
			<ymin>2</ymin>
			<xmax>621</xmax>
			<ymax>640</ymax>
		</bndbox>
	</object>
</annotation>
