<annotation>
	<folder>samples_2</folder>
	<filename>23649387_862ddef7a296d5d20124a93c477e5249.thumbnail.jpg</filename>
	<path>/Users/jingyuanpan/Downloads/ProductImageSegmentation-master/samples_2/23649387_862ddef7a296d5d20124a93c477e5249.thumbnail.jpg</path>
	<source>
		<database>Unknown</database>
	</source>
	<size>
		<width>640</width>
		<height>640</height>
		<depth>3</depth>
	</size>
	<segmented>0</segmented>
	<object>
		<name>Tops</name>
		<pose>Unspecified</pose>
		<truncated>0</truncated>
		<difficult>0</difficult>
		<bndbox>
			<xmin>129</xmin>
			<ymin>108</ymin>
			<xmax>361</xmax>
			<ymax>508</ymax>
		</bndbox>
	</object>
	<object>
		<name>Pants_Leggings</name>
		<pose>Unspecified</pose>
		<truncated>0</truncated>
		<difficult>0</difficult>
		<bndbox>
			<xmin>187</xmin>
			<ymin>455</ymin>
			<xmax>335</xmax>
			<ymax>534</ymax>
		</bndbox>
	</object>
</annotation>
