<annotation>
	<folder>samples_2</folder>
	<filename>23727562_f41d70c5136cda444928a0bd59c62b1b.thumbnail.jpg</filename>
	<path>/Users/jingyuanpan/Downloads/ProductImageSegmentation-master/samples_2/23727562_f41d70c5136cda444928a0bd59c62b1b.thumbnail.jpg</path>
	<source>
		<database>Unknown</database>
	</source>
	<size>
		<width>385</width>
		<height>385</height>
		<depth>3</depth>
	</size>
	<segmented>0</segmented>
	<object>
		<name>Skirts</name>
		<pose>Unspecified</pose>
		<truncated>0</truncated>
		<difficult>0</difficult>
		<bndbox>
			<xmin>101</xmin>
			<ymin>38</ymin>
			<xmax>302</xmax>
			<ymax>328</ymax>
		</bndbox>
	</object>
</annotation>
