<annotation>
	<folder>samples_2</folder>
	<filename>23935986_d16d13aad2e0973b1d69de688a88066e.thumbnail.jpg</filename>
	<path>/Users/jingyuanpan/Downloads/ProductImageSegmentation-master/samples_2/23935986_d16d13aad2e0973b1d69de688a88066e.thumbnail.jpg</path>
	<source>
		<database>Unknown</database>
	</source>
	<size>
		<width>640</width>
		<height>640</height>
		<depth>3</depth>
	</size>
	<segmented>0</segmented>
	<object>
		<name>Dresses</name>
		<pose>Unspecified</pose>
		<truncated>0</truncated>
		<difficult>0</difficult>
		<bndbox>
			<xmin>257</xmin>
			<ymin>438</ymin>
			<xmax>421</xmax>
			<ymax>632</ymax>
		</bndbox>
	</object>
</annotation>
