<annotation>
	<folder>samples_2</folder>
	<filename>24089075_d6a91e154dfa5c7fa973d1a50aa40e0d.thumbnail.jpg</filename>
	<path>/Users/jingyuanpan/Downloads/ProductImageSegmentation-master/samples_2/24089075_d6a91e154dfa5c7fa973d1a50aa40e0d.thumbnail.jpg</path>
	<source>
		<database>Unknown</database>
	</source>
	<size>
		<width>640</width>
		<height>640</height>
		<depth>3</depth>
	</size>
	<segmented>0</segmented>
	<object>
		<name>Dresses</name>
		<pose>Unspecified</pose>
		<truncated>0</truncated>
		<difficult>0</difficult>
		<bndbox>
			<xmin>196</xmin>
			<ymin>20</ymin>
			<xmax>446</xmax>
			<ymax>625</ymax>
		</bndbox>
	</object>
</annotation>
