<annotation>
	<folder>samples_2</folder>
	<filename>24368775_160740421072e2adf6f79019e57f92fc.thumbnail.jpg</filename>
	<path>/Users/jingyuanpan/Downloads/ProductImageSegmentation-master/samples_2/24368775_160740421072e2adf6f79019e57f92fc.thumbnail.jpg</path>
	<source>
		<database>Unknown</database>
	</source>
	<size>
		<width>426</width>
		<height>640</height>
		<depth>3</depth>
	</size>
	<segmented>0</segmented>
	<object>
		<name>Tops</name>
		<pose>Unspecified</pose>
		<truncated>0</truncated>
		<difficult>0</difficult>
		<bndbox>
			<xmin>61</xmin>
			<ymin>204</ymin>
			<xmax>384</xmax>
			<ymax>366</ymax>
		</bndbox>
	</object>
	<object>
		<name>Skirts</name>
		<pose>Unspecified</pose>
		<truncated>0</truncated>
		<difficult>0</difficult>
		<bndbox>
			<xmin>126</xmin>
			<ymin>319</ymin>
			<xmax>307</xmax>
			<ymax>503</ymax>
		</bndbox>
	</object>
</annotation>
