<annotation>
	<folder>samples_2</folder>
	<filename>24414234_d606790ef0137094e1d4c14c10a27f53.thumbnail.jpg</filename>
	<path>/Users/jingyuanpan/Downloads/ProductImageSegmentation-master/samples_2/24414234_d606790ef0137094e1d4c14c10a27f53.thumbnail.jpg</path>
	<source>
		<database>Unknown</database>
	</source>
	<size>
		<width>640</width>
		<height>640</height>
		<depth>3</depth>
	</size>
	<segmented>0</segmented>
	<object>
		<name>Pants_Leggings</name>
		<pose>Unspecified</pose>
		<truncated>1</truncated>
		<difficult>0</difficult>
		<bndbox>
			<xmin>188</xmin>
			<ymin>1</ymin>
			<xmax>438</xmax>
			<ymax>502</ymax>
		</bndbox>
	</object>
</annotation>
