<annotation>
	<folder>samples_2</folder>
	<filename>24942096_d2a16b92d31d25c2486b7398df2e54c6.thumbnail.jpg</filename>
	<path>/Users/jingyuanpan/Downloads/ProductImageSegmentation-master/samples_2/24942096_d2a16b92d31d25c2486b7398df2e54c6.thumbnail.jpg</path>
	<source>
		<database>Unknown</database>
	</source>
	<size>
		<width>500</width>
		<height>500</height>
		<depth>3</depth>
	</size>
	<segmented>0</segmented>
	<object>
		<name>Lingerie</name>
		<pose>Unspecified</pose>
		<truncated>0</truncated>
		<difficult>0</difficult>
		<bndbox>
			<xmin>36</xmin>
			<ymin>150</ymin>
			<xmax>240</xmax>
			<ymax>428</ymax>
		</bndbox>
	</object>
	<object>
		<name>Lingerie</name>
		<pose>Unspecified</pose>
		<truncated>0</truncated>
		<difficult>0</difficult>
		<bndbox>
			<xmin>275</xmin>
			<ymin>106</ymin>
			<xmax>449</xmax>
			<ymax>452</ymax>
		</bndbox>
	</object>
</annotation>
