<annotation>
	<folder>samples_2</folder>
	<filename>24959251_b8e9c9c6613ea8dd289de9998838c25e.thumbnail.jpg</filename>
	<path>/Users/jingyuanpan/Downloads/ProductImageSegmentation-master/samples_2/24959251_b8e9c9c6613ea8dd289de9998838c25e.thumbnail.jpg</path>
	<source>
		<database>Unknown</database>
	</source>
	<size>
		<width>550</width>
		<height>550</height>
		<depth>3</depth>
	</size>
	<segmented>0</segmented>
	<object>
		<name>Dresses</name>
		<pose>Unspecified</pose>
		<truncated>0</truncated>
		<difficult>0</difficult>
		<bndbox>
			<xmin>110</xmin>
			<ymin>109</ymin>
			<xmax>342</xmax>
			<ymax>439</ymax>
		</bndbox>
	</object>
</annotation>
