<annotation>
	<folder>samples_2</folder>
	<filename>25023119_9e76e5a3b899e0d1b4974f91ae64f43a.thumbnail.jpg</filename>
	<path>/Users/jingyuanpan/Downloads/ProductImageSegmentation-master/samples_2/25023119_9e76e5a3b899e0d1b4974f91ae64f43a.thumbnail.jpg</path>
	<source>
		<database>Unknown</database>
	</source>
	<size>
		<width>640</width>
		<height>640</height>
		<depth>3</depth>
	</size>
	<segmented>0</segmented>
	<object>
		<name>Dresses</name>
		<pose>Unspecified</pose>
		<truncated>0</truncated>
		<difficult>0</difficult>
		<bndbox>
			<xmin>217</xmin>
			<ymin>115</ymin>
			<xmax>450</xmax>
			<ymax>619</ymax>
		</bndbox>
	</object>
</annotation>
