<annotation>
	<folder>samples_2</folder>
	<filename>25125446_00aa62bc26025dcbec42fa2c5f60e614.thumbnail.jpg</filename>
	<path>/Users/jingyuanpan/Downloads/ProductImageSegmentation-master/samples_2/25125446_00aa62bc26025dcbec42fa2c5f60e614.thumbnail.jpg</path>
	<source>
		<database>Unknown</database>
	</source>
	<size>
		<width>471</width>
		<height>471</height>
		<depth>3</depth>
	</size>
	<segmented>0</segmented>
	<object>
		<name>Dresses</name>
		<pose>Unspecified</pose>
		<truncated>0</truncated>
		<difficult>0</difficult>
		<bndbox>
			<xmin>146</xmin>
			<ymin>140</ymin>
			<xmax>318</xmax>
			<ymax>403</ymax>
		</bndbox>
	</object>
</annotation>
