<annotation>
	<folder>samples_2</folder>
	<filename>25170306_e245ea98843a8a1d335f84fa27d0d683.thumbnail.jpg</filename>
	<path>/Users/jingyuanpan/Downloads/ProductImageSegmentation-master/samples_2/25170306_e245ea98843a8a1d335f84fa27d0d683.thumbnail.jpg</path>
	<source>
		<database>Unknown</database>
	</source>
	<size>
		<width>491</width>
		<height>640</height>
		<depth>3</depth>
	</size>
	<segmented>0</segmented>
	<object>
		<name>Dresses</name>
		<pose>Unspecified</pose>
		<truncated>1</truncated>
		<difficult>0</difficult>
		<bndbox>
			<xmin>1</xmin>
			<ymin>148</ymin>
			<xmax>491</xmax>
			<ymax>631</ymax>
		</bndbox>
	</object>
</annotation>
