<annotation>
	<folder>samples_2</folder>
	<filename>25228403_b3e60191bbdef1cbee60b5dd21cf03c6.thumbnail.jpg</filename>
	<path>/Users/jingyuanpan/Downloads/ProductImageSegmentation-master/samples_2/25228403_b3e60191bbdef1cbee60b5dd21cf03c6.thumbnail.jpg</path>
	<source>
		<database>Unknown</database>
	</source>
	<size>
		<width>640</width>
		<height>640</height>
		<depth>3</depth>
	</size>
	<segmented>0</segmented>
	<object>
		<name>Dresses</name>
		<pose>Unspecified</pose>
		<truncated>0</truncated>
		<difficult>0</difficult>
		<bndbox>
			<xmin>170</xmin>
			<ymin>152</ymin>
			<xmax>424</xmax>
			<ymax>566</ymax>
		</bndbox>
	</object>
</annotation>
