<annotation>
	<folder>samples_2</folder>
	<filename>25268362_84240757b9b28719304e66b0bd597701.thumbnail.jpg</filename>
	<path>/Users/jingyuanpan/Downloads/ProductImageSegmentation-master/samples_2/25268362_84240757b9b28719304e66b0bd597701.thumbnail.jpg</path>
	<source>
		<database>Unknown</database>
	</source>
	<size>
		<width>640</width>
		<height>640</height>
		<depth>3</depth>
	</size>
	<segmented>0</segmented>
	<object>
		<name>Dresses</name>
		<pose>Unspecified</pose>
		<truncated>0</truncated>
		<difficult>0</difficult>
		<bndbox>
			<xmin>186</xmin>
			<ymin>143</ymin>
			<xmax>464</xmax>
			<ymax>634</ymax>
		</bndbox>
	</object>
</annotation>
