<annotation>
	<folder>samples_2</folder>
	<filename>25305542_5445dd151a1114d271edd69fbd09eebb.thumbnail.jpg</filename>
	<path>/Users/jingyuanpan/Downloads/ProductImageSegmentation-master/samples_2/25305542_5445dd151a1114d271edd69fbd09eebb.thumbnail.jpg</path>
	<source>
		<database>Unknown</database>
	</source>
	<size>
		<width>640</width>
		<height>640</height>
		<depth>3</depth>
	</size>
	<segmented>0</segmented>
	<object>
		<name>Dresses</name>
		<pose>Unspecified</pose>
		<truncated>0</truncated>
		<difficult>0</difficult>
		<bndbox>
			<xmin>129</xmin>
			<ymin>246</ymin>
			<xmax>387</xmax>
			<ymax>614</ymax>
		</bndbox>
	</object>
</annotation>
