<annotation>
	<folder>samples_2</folder>
	<filename>25369547_30dab3c4a9bf41f4f0b578af9acf60fb.thumbnail.jpg</filename>
	<path>/Users/jingyuanpan/Downloads/ProductImageSegmentation-master/samples_2/25369547_30dab3c4a9bf41f4f0b578af9acf60fb.thumbnail.jpg</path>
	<source>
		<database>Unknown</database>
	</source>
	<size>
		<width>480</width>
		<height>640</height>
		<depth>3</depth>
	</size>
	<segmented>0</segmented>
	<object>
		<name>Tops</name>
		<pose>Unspecified</pose>
		<truncated>0</truncated>
		<difficult>0</difficult>
		<bndbox>
			<xmin>248</xmin>
			<ymin>268</ymin>
			<xmax>337</xmax>
			<ymax>346</ymax>
		</bndbox>
	</object>
	<object>
		<name>Skirts</name>
		<pose>Unspecified</pose>
		<truncated>0</truncated>
		<difficult>0</difficult>
		<bndbox>
			<xmin>266</xmin>
			<ymin>343</ymin>
			<xmax>382</xmax>
			<ymax>425</ymax>
		</bndbox>
	</object>
</annotation>
