<annotation>
	<folder>samples_2</folder>
	<filename>25584305_16a07ff2d693f5c188768dd2ae98ba25.thumbnail.jpg</filename>
	<path>/Users/jingyuanpan/Downloads/ProductImageSegmentation-master/samples_2/25584305_16a07ff2d693f5c188768dd2ae98ba25.thumbnail.jpg</path>
	<source>
		<database>Unknown</database>
	</source>
	<size>
		<width>640</width>
		<height>640</height>
		<depth>3</depth>
	</size>
	<segmented>0</segmented>
	<object>
		<name>Dresses</name>
		<pose>Unspecified</pose>
		<truncated>0</truncated>
		<difficult>0</difficult>
		<bndbox>
			<xmin>182</xmin>
			<ymin>166</ymin>
			<xmax>482</xmax>
			<ymax>604</ymax>
		</bndbox>
	</object>
</annotation>
