<annotation>
	<folder>samples_2</folder>
	<filename>25695511_e41dae5bbc90232c3b911f1f58554d4f.thumbnail.jpg</filename>
	<path>/Users/jingyuanpan/Downloads/ProductImageSegmentation-master/samples_2/25695511_e41dae5bbc90232c3b911f1f58554d4f.thumbnail.jpg</path>
	<source>
		<database>Unknown</database>
	</source>
	<size>
		<width>360</width>
		<height>640</height>
		<depth>3</depth>
	</size>
	<segmented>0</segmented>
	<object>
		<name>Dresses</name>
		<pose>Unspecified</pose>
		<truncated>0</truncated>
		<difficult>0</difficult>
		<bndbox>
			<xmin>41</xmin>
			<ymin>46</ymin>
			<xmax>318</xmax>
			<ymax>551</ymax>
		</bndbox>
	</object>
</annotation>
