<annotation>
	<folder>samples_2</folder>
	<filename>25735837_ab378b00c6005b5227a3604e98055fe0.thumbnail.jpg</filename>
	<path>/Users/jingyuanpan/Downloads/ProductImageSegmentation-master/samples_2/25735837_ab378b00c6005b5227a3604e98055fe0.thumbnail.jpg</path>
	<source>
		<database>Unknown</database>
	</source>
	<size>
		<width>554</width>
		<height>554</height>
		<depth>3</depth>
	</size>
	<segmented>0</segmented>
	<object>
		<name>Dresses</name>
		<pose>Unspecified</pose>
		<truncated>0</truncated>
		<difficult>0</difficult>
		<bndbox>
			<xmin>189</xmin>
			<ymin>197</ymin>
			<xmax>423</xmax>
			<ymax>553</ymax>
		</bndbox>
	</object>
</annotation>
