<annotation>
	<folder>samples_2</folder>
	<filename>25804345_cb0923914c9f3c2336f1ee325e29ea10.thumbnail.jpg</filename>
	<path>C:\Users\Wei Zhang\Desktop\Shopee\samples_2\25804345_cb0923914c9f3c2336f1ee325e29ea10.thumbnail.jpg</path>
	<source>
		<database>Unknown</database>
	</source>
	<size>
		<width>400</width>
		<height>400</height>
		<depth>3</depth>
	</size>
	<segmented>0</segmented>
	<object>
		<name>Lingerie</name>
		<pose>Unspecified</pose>
		<truncated>0</truncated>
		<difficult>0</difficult>
		<bndbox>
			<xmin>39</xmin>
			<ymin>49</ymin>
			<xmax>374</xmax>
			<ymax>361</ymax>
		</bndbox>
	</object>
</annotation>
