<annotation>
	<folder>samples_2</folder>
	<filename>26170181_7d1130c1763ce7e78e6f8f756ac20a0a.thumbnail.jpg</filename>
	<path>/Users/jingyuanpan/Downloads/ProductImageSegmentation-master/samples_2/26170181_7d1130c1763ce7e78e6f8f756ac20a0a.thumbnail.jpg</path>
	<source>
		<database>Unknown</database>
	</source>
	<size>
		<width>640</width>
		<height>626</height>
		<depth>3</depth>
	</size>
	<segmented>0</segmented>
	<object>
		<name>Tops</name>
		<pose>Unspecified</pose>
		<truncated>0</truncated>
		<difficult>0</difficult>
		<bndbox>
			<xmin>392</xmin>
			<ymin>30</ymin>
			<xmax>619</xmax>
			<ymax>312</ymax>
		</bndbox>
	</object>
</annotation>
