<annotation>
	<folder>samples_2</folder>
	<filename>26187706_bf04465be240ab82fc32c40fb88ff814.thumbnail.jpg</filename>
	<path>/Users/jingyuanpan/Downloads/ProductImageSegmentation-master/samples_2/26187706_bf04465be240ab82fc32c40fb88ff814.thumbnail.jpg</path>
	<source>
		<database>Unknown</database>
	</source>
	<size>
		<width>640</width>
		<height>640</height>
		<depth>3</depth>
	</size>
	<segmented>0</segmented>
	<object>
		<name>Dresses</name>
		<pose>Unspecified</pose>
		<truncated>0</truncated>
		<difficult>0</difficult>
		<bndbox>
			<xmin>259</xmin>
			<ymin>190</ymin>
			<xmax>397</xmax>
			<ymax>505</ymax>
		</bndbox>
	</object>
</annotation>
