<annotation>
	<folder>samples_2</folder>
	<filename>26192769_ea5a8df70325055d237593a64a0c4365.thumbnail.jpg</filename>
	<path>/Users/jingyuanpan/Downloads/ProductImageSegmentation-master/samples_2/26192769_ea5a8df70325055d237593a64a0c4365.thumbnail.jpg</path>
	<source>
		<database>Unknown</database>
	</source>
	<size>
		<width>640</width>
		<height>640</height>
		<depth>3</depth>
	</size>
	<segmented>0</segmented>
	<object>
		<name>Tops</name>
		<pose>Unspecified</pose>
		<truncated>1</truncated>
		<difficult>0</difficult>
		<bndbox>
			<xmin>7</xmin>
			<ymin>1</ymin>
			<xmax>639</xmax>
			<ymax>640</ymax>
		</bndbox>
	</object>
</annotation>
