<annotation>
	<folder>samples_2</folder>
	<filename>26244231_2c459d592ab2985b4e7e7b54771ad1de.thumbnail.jpg</filename>
	<path>/Users/jingyuanpan/Downloads/ProductImageSegmentation-master/samples_2/26244231_2c459d592ab2985b4e7e7b54771ad1de.thumbnail.jpg</path>
	<source>
		<database>Unknown</database>
	</source>
	<size>
		<width>600</width>
		<height>600</height>
		<depth>3</depth>
	</size>
	<segmented>0</segmented>
	<object>
		<name>Tops</name>
		<pose>Unspecified</pose>
		<truncated>0</truncated>
		<difficult>0</difficult>
		<bndbox>
			<xmin>339</xmin>
			<ymin>104</ymin>
			<xmax>522</xmax>
			<ymax>284</ymax>
		</bndbox>
	</object>
	<object>
		<name>Pants_Leggings</name>
		<pose>Unspecified</pose>
		<truncated>0</truncated>
		<difficult>0</difficult>
		<bndbox>
			<xmin>220</xmin>
			<ymin>244</ymin>
			<xmax>455</xmax>
			<ymax>535</ymax>
		</bndbox>
	</object>
</annotation>
