<annotation>
	<folder>samples_2</folder>
	<filename>26516890_75769f1e0108b0e356768a921c3481ea.thumbnail.jpg</filename>
	<path>C:\Users\Wei Zhang\Desktop\Shopee\samples_2\26516890_75769f1e0108b0e356768a921c3481ea.thumbnail.jpg</path>
	<source>
		<database>Unknown</database>
	</source>
	<size>
		<width>541</width>
		<height>541</height>
		<depth>3</depth>
	</size>
	<segmented>0</segmented>
	<object>
		<name>Tops</name>
		<pose>Unspecified</pose>
		<truncated>0</truncated>
		<difficult>0</difficult>
		<bndbox>
			<xmin>155</xmin>
			<ymin>143</ymin>
			<xmax>429</xmax>
			<ymax>359</ymax>
		</bndbox>
	</object>
	<object>
		<name>Shorts</name>
		<pose>Unspecified</pose>
		<truncated>0</truncated>
		<difficult>0</difficult>
		<bndbox>
			<xmin>159</xmin>
			<ymin>333</ymin>
			<xmax>357</xmax>
			<ymax>525</ymax>
		</bndbox>
	</object>
</annotation>
