<annotation>
	<folder>samples_2</folder>
	<filename>26543436_8e011b131907b9730388152f1c83841b.thumbnail.jpg</filename>
	<path>C:\Users\Wei Zhang\Desktop\Shopee\samples_2\26543436_8e011b131907b9730388152f1c83841b.thumbnail.jpg</path>
	<source>
		<database>Unknown</database>
	</source>
	<size>
		<width>640</width>
		<height>640</height>
		<depth>3</depth>
	</size>
	<segmented>0</segmented>
	<object>
		<name>Dresses</name>
		<pose>Unspecified</pose>
		<truncated>0</truncated>
		<difficult>0</difficult>
		<bndbox>
			<xmin>224</xmin>
			<ymin>240</ymin>
			<xmax>387</xmax>
			<ymax>586</ymax>
		</bndbox>
	</object>
</annotation>
