<annotation>
	<folder>samples_2</folder>
	<filename>26595225_1246db07ab0fbc0dd1f311eec35d62c3.thumbnail.jpg</filename>
	<path>/Users/jingyuanpan/Downloads/ProductImageSegmentation-master/samples_2/26595225_1246db07ab0fbc0dd1f311eec35d62c3.thumbnail.jpg</path>
	<source>
		<database>Unknown</database>
	</source>
	<size>
		<width>640</width>
		<height>640</height>
		<depth>3</depth>
	</size>
	<segmented>0</segmented>
	<object>
		<name>Tops</name>
		<pose>Unspecified</pose>
		<truncated>0</truncated>
		<difficult>0</difficult>
		<bndbox>
			<xmin>247</xmin>
			<ymin>182</ymin>
			<xmax>409</xmax>
			<ymax>462</ymax>
		</bndbox>
	</object>
	<object>
		<name>Shorts</name>
		<pose>Unspecified</pose>
		<truncated>0</truncated>
		<difficult>0</difficult>
		<bndbox>
			<xmin>224</xmin>
			<ymin>439</ymin>
			<xmax>407</xmax>
			<ymax>528</ymax>
		</bndbox>
	</object>
</annotation>
