<annotation>
	<folder>samples_2</folder>
	<filename>26603504_84592925d6f8b6df01fe956b73e87cd8.thumbnail.jpg</filename>
	<path>/Users/jingyuanpan/Downloads/ProductImageSegmentation-master/samples_2/26603504_84592925d6f8b6df01fe956b73e87cd8.thumbnail.jpg</path>
	<source>
		<database>Unknown</database>
	</source>
	<size>
		<width>640</width>
		<height>640</height>
		<depth>3</depth>
	</size>
	<segmented>0</segmented>
	<object>
		<name>Dresses</name>
		<pose>Unspecified</pose>
		<truncated>0</truncated>
		<difficult>0</difficult>
		<bndbox>
			<xmin>202</xmin>
			<ymin>178</ymin>
			<xmax>432</xmax>
			<ymax>573</ymax>
		</bndbox>
	</object>
</annotation>
