<annotation>
	<folder>samples_2</folder>
	<filename>26689579_9e4d637bd34409d66830f1ae2f220206.thumbnail.jpg</filename>
	<path>/Users/jingyuanpan/Downloads/ProductImageSegmentation-master/samples_2/26689579_9e4d637bd34409d66830f1ae2f220206.thumbnail.jpg</path>
	<source>
		<database>Unknown</database>
	</source>
	<size>
		<width>640</width>
		<height>640</height>
		<depth>3</depth>
	</size>
	<segmented>0</segmented>
	<object>
		<name>Tops</name>
		<pose>Unspecified</pose>
		<truncated>0</truncated>
		<difficult>0</difficult>
		<bndbox>
			<xmin>154</xmin>
			<ymin>31</ymin>
			<xmax>522</xmax>
			<ymax>357</ymax>
		</bndbox>
	</object>
	<object>
		<name>Shorts</name>
		<pose>Unspecified</pose>
		<truncated>0</truncated>
		<difficult>0</difficult>
		<bndbox>
			<xmin>147</xmin>
			<ymin>306</ymin>
			<xmax>457</xmax>
			<ymax>576</ymax>
		</bndbox>
	</object>
</annotation>
