<annotation>
	<folder>samples_2</folder>
	<filename>26937770_6642b9d190fa958c4195712c2df17b86.thumbnail.jpg</filename>
	<path>/Users/jingyuanpan/Downloads/ProductImageSegmentation-master/samples_2/26937770_6642b9d190fa958c4195712c2df17b86.thumbnail.jpg</path>
	<source>
		<database>Unknown</database>
	</source>
	<size>
		<width>640</width>
		<height>588</height>
		<depth>3</depth>
	</size>
	<segmented>0</segmented>
	<object>
		<name>Tops</name>
		<pose>Unspecified</pose>
		<truncated>0</truncated>
		<difficult>0</difficult>
		<bndbox>
			<xmin>270</xmin>
			<ymin>160</ymin>
			<xmax>433</xmax>
			<ymax>337</ymax>
		</bndbox>
	</object>
	<object>
		<name>Shorts</name>
		<pose>Unspecified</pose>
		<truncated>0</truncated>
		<difficult>0</difficult>
		<bndbox>
			<xmin>206</xmin>
			<ymin>331</ymin>
			<xmax>466</xmax>
			<ymax>541</ymax>
		</bndbox>
	</object>
</annotation>
