<annotation>
	<folder>samples_2</folder>
	<filename>26946311_d37ba4c4b72dcefd25c0269eeb39d68a.thumbnail.jpg</filename>
	<path>/Users/jingyuanpan/Downloads/ProductImageSegmentation-master/samples_2/26946311_d37ba4c4b72dcefd25c0269eeb39d68a.thumbnail.jpg</path>
	<source>
		<database>Unknown</database>
	</source>
	<size>
		<width>640</width>
		<height>640</height>
		<depth>3</depth>
	</size>
	<segmented>0</segmented>
	<object>
		<name>Tops</name>
		<pose>Unspecified</pose>
		<truncated>0</truncated>
		<difficult>0</difficult>
		<bndbox>
			<xmin>252</xmin>
			<ymin>157</ymin>
			<xmax>386</xmax>
			<ymax>339</ymax>
		</bndbox>
	</object>
	<object>
		<name>Pants_Leggings</name>
		<pose>Unspecified</pose>
		<truncated>0</truncated>
		<difficult>0</difficult>
		<bndbox>
			<xmin>277</xmin>
			<ymin>314</ymin>
			<xmax>365</xmax>
			<ymax>551</ymax>
		</bndbox>
	</object>
</annotation>
