<annotation>
	<folder>samples_2</folder>
	<filename>26992658_010f4a32246a502c0ead619479cff778.thumbnail.jpg</filename>
	<path>/Users/jingyuanpan/Downloads/ProductImageSegmentation-master/samples_2/26992658_010f4a32246a502c0ead619479cff778.thumbnail.jpg</path>
	<source>
		<database>Unknown</database>
	</source>
	<size>
		<width>640</width>
		<height>426</height>
		<depth>3</depth>
	</size>
	<segmented>0</segmented>
	<object>
		<name>Shorts</name>
		<pose>Unspecified</pose>
		<truncated>0</truncated>
		<difficult>0</difficult>
		<bndbox>
			<xmin>92</xmin>
			<ymin>18</ymin>
			<xmax>452</xmax>
			<ymax>378</ymax>
		</bndbox>
	</object>
</annotation>
