<annotation>
	<folder>samples_2</folder>
	<filename>27025897_e82d9419370d1a91bb738b47db2631bc.thumbnail.jpg</filename>
	<path>/Users/jingyuanpan/Downloads/ProductImageSegmentation-master/samples_2/27025897_e82d9419370d1a91bb738b47db2631bc.thumbnail.jpg</path>
	<source>
		<database>Unknown</database>
	</source>
	<size>
		<width>359</width>
		<height>640</height>
		<depth>3</depth>
	</size>
	<segmented>0</segmented>
	<object>
		<name>Tops</name>
		<pose>Unspecified</pose>
		<truncated>1</truncated>
		<difficult>0</difficult>
		<bndbox>
			<xmin>3</xmin>
			<ymin>10</ymin>
			<xmax>359</xmax>
			<ymax>569</ymax>
		</bndbox>
	</object>
</annotation>
