<annotation>
	<folder>samples_2</folder>
	<filename>27218977_009b9c6aa6790b3d13f218aa4555a0fe.thumbnail.jpg</filename>
	<path>/Users/jingyuanpan/Downloads/ProductImageSegmentation-master/samples_2/27218977_009b9c6aa6790b3d13f218aa4555a0fe.thumbnail.jpg</path>
	<source>
		<database>Unknown</database>
	</source>
	<size>
		<width>627</width>
		<height>640</height>
		<depth>3</depth>
	</size>
	<segmented>0</segmented>
	<object>
		<name>Tops</name>
		<pose>Unspecified</pose>
		<truncated>0</truncated>
		<difficult>0</difficult>
		<bndbox>
			<xmin>292</xmin>
			<ymin>157</ymin>
			<xmax>388</xmax>
			<ymax>279</ymax>
		</bndbox>
	</object>
	<object>
		<name>Skirts</name>
		<pose>Unspecified</pose>
		<truncated>0</truncated>
		<difficult>0</difficult>
		<bndbox>
			<xmin>289</xmin>
			<ymin>274</ymin>
			<xmax>445</xmax>
			<ymax>516</ymax>
		</bndbox>
	</object>
</annotation>
