<annotation>
	<folder>samples_2</folder>
	<filename>27222166_b53c6e0c61760210da1b4f7c96819f06.thumbnail.jpg</filename>
	<path>/Users/jingyuanpan/Downloads/ProductImageSegmentation-master/samples_2/27222166_b53c6e0c61760210da1b4f7c96819f06.thumbnail.jpg</path>
	<source>
		<database>Unknown</database>
	</source>
	<size>
		<width>495</width>
		<height>495</height>
		<depth>3</depth>
	</size>
	<segmented>0</segmented>
	<object>
		<name>Tops</name>
		<pose>Unspecified</pose>
		<truncated>0</truncated>
		<difficult>0</difficult>
		<bndbox>
			<xmin>165</xmin>
			<ymin>128</ymin>
			<xmax>342</xmax>
			<ymax>349</ymax>
		</bndbox>
	</object>
	<object>
		<name>Pants_Leggings</name>
		<pose>Unspecified</pose>
		<truncated>1</truncated>
		<difficult>0</difficult>
		<bndbox>
			<xmin>199</xmin>
			<ymin>322</ymin>
			<xmax>347</xmax>
			<ymax>495</ymax>
		</bndbox>
	</object>
</annotation>
