<annotation>
	<folder>samples_2</folder>
	<filename>27382711_c5918f6f03abe22ddf3d3dbda810f323.thumbnail.jpg</filename>
	<path>/Users/jingyuanpan/Downloads/ProductImageSegmentation-master/samples_2/27382711_c5918f6f03abe22ddf3d3dbda810f323.thumbnail.jpg</path>
	<source>
		<database>Unknown</database>
	</source>
	<size>
		<width>640</width>
		<height>640</height>
		<depth>3</depth>
	</size>
	<segmented>0</segmented>
	<object>
		<name>Tops</name>
		<pose>Unspecified</pose>
		<truncated>0</truncated>
		<difficult>0</difficult>
		<bndbox>
			<xmin>444</xmin>
			<ymin>278</ymin>
			<xmax>584</xmax>
			<ymax>445</ymax>
		</bndbox>
	</object>
	<object>
		<name>Shorts</name>
		<pose>Unspecified</pose>
		<truncated>0</truncated>
		<difficult>0</difficult>
		<bndbox>
			<xmin>481</xmin>
			<ymin>438</ymin>
			<xmax>602</xmax>
			<ymax>521</ymax>
		</bndbox>
	</object>
</annotation>
