<annotation>
	<folder>samples_2</folder>
	<filename>27497123_cdbad92fbd56c51bd282a096ac673223.thumbnail.jpg</filename>
	<path>/Users/jingyuanpan/Downloads/ProductImageSegmentation-master/samples_2/27497123_cdbad92fbd56c51bd282a096ac673223.thumbnail.jpg</path>
	<source>
		<database>Unknown</database>
	</source>
	<size>
		<width>640</width>
		<height>640</height>
		<depth>3</depth>
	</size>
	<segmented>0</segmented>
	<object>
		<name>Tops</name>
		<pose>Unspecified</pose>
		<truncated>0</truncated>
		<difficult>0</difficult>
		<bndbox>
			<xmin>260</xmin>
			<ymin>122</ymin>
			<xmax>398</xmax>
			<ymax>299</ymax>
		</bndbox>
	</object>
	<object>
		<name>Pants_Leggings</name>
		<pose>Unspecified</pose>
		<truncated>0</truncated>
		<difficult>0</difficult>
		<bndbox>
			<xmin>313</xmin>
			<ymin>293</ymin>
			<xmax>406</xmax>
			<ymax>516</ymax>
		</bndbox>
	</object>
</annotation>
