<annotation>
	<folder>samples_2</folder>
	<filename>27545148_d12a3b94cac718790a38a0fba6c311fc.thumbnail.jpg</filename>
	<path>/Users/jingyuanpan/Downloads/ProductImageSegmentation-master/samples_2/27545148_d12a3b94cac718790a38a0fba6c311fc.thumbnail.jpg</path>
	<source>
		<database>Unknown</database>
	</source>
	<size>
		<width>500</width>
		<height>500</height>
		<depth>3</depth>
	</size>
	<segmented>0</segmented>
	<object>
		<name>Tops</name>
		<pose>Unspecified</pose>
		<truncated>0</truncated>
		<difficult>0</difficult>
		<bndbox>
			<xmin>177</xmin>
			<ymin>103</ymin>
			<xmax>277</xmax>
			<ymax>226</ymax>
		</bndbox>
	</object>
	<object>
		<name>Shorts</name>
		<pose>Unspecified</pose>
		<truncated>0</truncated>
		<difficult>0</difficult>
		<bndbox>
			<xmin>171</xmin>
			<ymin>219</ymin>
			<xmax>274</xmax>
			<ymax>326</ymax>
		</bndbox>
	</object>
</annotation>
