<annotation>
	<folder>samples_2</folder>
	<filename>27685998_ee1fd45f4ce61bfee89d7fd508173426.thumbnail.jpg</filename>
	<path>/Users/jingyuanpan/Downloads/ProductImageSegmentation-master/samples_2/27685998_ee1fd45f4ce61bfee89d7fd508173426.thumbnail.jpg</path>
	<source>
		<database>Unknown</database>
	</source>
	<size>
		<width>640</width>
		<height>640</height>
		<depth>3</depth>
	</size>
	<segmented>0</segmented>
	<object>
		<name>Tops</name>
		<pose>Unspecified</pose>
		<truncated>0</truncated>
		<difficult>0</difficult>
		<bndbox>
			<xmin>156</xmin>
			<ymin>100</ymin>
			<xmax>515</xmax>
			<ymax>508</ymax>
		</bndbox>
	</object>
	<object>
		<name>Shorts</name>
		<pose>Unspecified</pose>
		<truncated>0</truncated>
		<difficult>0</difficult>
		<bndbox>
			<xmin>295</xmin>
			<ymin>452</ymin>
			<xmax>535</xmax>
			<ymax>583</ymax>
		</bndbox>
	</object>
</annotation>
