<annotation>
	<folder>samples_2</folder>
	<filename>27697320_73d597f28aa892cd4d44758c21365816.thumbnail.jpg</filename>
	<path>/Users/jingyuanpan/Downloads/ProductImageSegmentation-master/samples_2/27697320_73d597f28aa892cd4d44758c21365816.thumbnail.jpg</path>
	<source>
		<database>Unknown</database>
	</source>
	<size>
		<width>640</width>
		<height>640</height>
		<depth>3</depth>
	</size>
	<segmented>0</segmented>
	<object>
		<name>Tops</name>
		<pose>Unspecified</pose>
		<truncated>0</truncated>
		<difficult>0</difficult>
		<bndbox>
			<xmin>175</xmin>
			<ymin>235</ymin>
			<xmax>396</xmax>
			<ymax>445</ymax>
		</bndbox>
	</object>
	<object>
		<name>Skirts</name>
		<pose>Unspecified</pose>
		<truncated>1</truncated>
		<difficult>0</difficult>
		<bndbox>
			<xmin>262</xmin>
			<ymin>413</ymin>
			<xmax>533</xmax>
			<ymax>640</ymax>
		</bndbox>
	</object>
</annotation>
