<annotation>
	<folder>samples_2</folder>
	<filename>27697320_5ba62b106b18a24ac800993ae4b3f014.thumbnail.jpg</filename>
	<path>/Users/jingyuanpan/Downloads/ProductImageSegmentation-master/samples_2/27697320_5ba62b106b18a24ac800993ae4b3f014.thumbnail.jpg</path>
	<source>
		<database>Unknown</database>
	</source>
	<size>
		<width>640</width>
		<height>640</height>
		<depth>3</depth>
	</size>
	<segmented>0</segmented>
	<object>
		<name>Tops</name>
		<pose>Unspecified</pose>
		<truncated>0</truncated>
		<difficult>0</difficult>
		<bndbox>
			<xmin>253</xmin>
			<ymin>143</ymin>
			<xmax>390</xmax>
			<ymax>258</ymax>
		</bndbox>
	</object>
	<object>
		<name>Skirts</name>
		<pose>Unspecified</pose>
		<truncated>0</truncated>
		<difficult>0</difficult>
		<bndbox>
			<xmin>215</xmin>
			<ymin>255</ymin>
			<xmax>382</xmax>
			<ymax>529</ymax>
		</bndbox>
	</object>
</annotation>
