<annotation>
	<folder>samples_2</folder>
	<filename>27852248_0cd4484288b063b4f0b39060e79a0e47.thumbnail.jpg</filename>
	<path>/Users/jingyuanpan/Downloads/ProductImageSegmentation-master/samples_2/27852248_0cd4484288b063b4f0b39060e79a0e47.thumbnail.jpg</path>
	<source>
		<database>Unknown</database>
	</source>
	<size>
		<width>400</width>
		<height>400</height>
		<depth>3</depth>
	</size>
	<segmented>0</segmented>
	<object>
		<name>Dresses</name>
		<pose>Unspecified</pose>
		<truncated>0</truncated>
		<difficult>0</difficult>
		<bndbox>
			<xmin>171</xmin>
			<ymin>68</ymin>
			<xmax>258</xmax>
			<ymax>379</ymax>
		</bndbox>
	</object>
</annotation>
