<annotation>
	<folder>samples_2</folder>
	<filename>27890358_185eb95365fda99e7625879bf84074b7.thumbnail.jpg</filename>
	<path>C:\Users\Wei Zhang\Desktop\Shopee\samples_2\27890358_185eb95365fda99e7625879bf84074b7.thumbnail.jpg</path>
	<source>
		<database>Unknown</database>
	</source>
	<size>
		<width>640</width>
		<height>640</height>
		<depth>3</depth>
	</size>
	<segmented>0</segmented>
	<object>
		<name>Shorts</name>
		<pose>Unspecified</pose>
		<truncated>0</truncated>
		<difficult>0</difficult>
		<bndbox>
			<xmin>25</xmin>
			<ymin>336</ymin>
			<xmax>429</xmax>
			<ymax>586</ymax>
		</bndbox>
	</object>
</annotation>
