<annotation>
	<folder>samples_2</folder>
	<filename>28070998_b11fda01e2e2130b97dcb17be317cb61.thumbnail.jpg</filename>
	<path>/Users/jingyuanpan/Downloads/ProductImageSegmentation-master/samples_2/28070998_b11fda01e2e2130b97dcb17be317cb61.thumbnail.jpg</path>
	<source>
		<database>Unknown</database>
	</source>
	<size>
		<width>640</width>
		<height>640</height>
		<depth>3</depth>
	</size>
	<segmented>0</segmented>
	<object>
		<name>Tops</name>
		<pose>Unspecified</pose>
		<truncated>0</truncated>
		<difficult>0</difficult>
		<bndbox>
			<xmin>266</xmin>
			<ymin>185</ymin>
			<xmax>547</xmax>
			<ymax>544</ymax>
		</bndbox>
	</object>
</annotation>
