<annotation>
	<folder>samples_2</folder>
	<filename>28279181_b34ba69b5052c90a9534bea7d950cbc3.thumbnail.jpg</filename>
	<path>/Users/jingyuanpan/Downloads/ProductImageSegmentation-master/samples_2/28279181_b34ba69b5052c90a9534bea7d950cbc3.thumbnail.jpg</path>
	<source>
		<database>Unknown</database>
	</source>
	<size>
		<width>638</width>
		<height>640</height>
		<depth>3</depth>
	</size>
	<segmented>0</segmented>
	<object>
		<name>Dresses</name>
		<pose>Unspecified</pose>
		<truncated>0</truncated>
		<difficult>0</difficult>
		<bndbox>
			<xmin>67</xmin>
			<ymin>164</ymin>
			<xmax>251</xmax>
			<ymax>548</ymax>
		</bndbox>
	</object>
</annotation>
