<annotation>
	<folder>samples_2</folder>
	<filename>28430824_3943f08fbd9068a30e3c08d769237c73.thumbnail.jpg</filename>
	<path>/Users/jingyuanpan/Downloads/ProductImageSegmentation-master/samples_2/28430824_3943f08fbd9068a30e3c08d769237c73.thumbnail.jpg</path>
	<source>
		<database>Unknown</database>
	</source>
	<size>
		<width>359</width>
		<height>640</height>
		<depth>3</depth>
	</size>
	<segmented>0</segmented>
	<object>
		<name>Pants_Leggings</name>
		<pose>Unspecified</pose>
		<truncated>1</truncated>
		<difficult>0</difficult>
		<bndbox>
			<xmin>29</xmin>
			<ymin>50</ymin>
			<xmax>335</xmax>
			<ymax>640</ymax>
		</bndbox>
	</object>
</annotation>
