<annotation>
	<folder>samples_2</folder>
	<filename>28460036_4657aa03487cde92441244e3d1cdd327.thumbnail.jpg</filename>
	<path>/Users/jingyuanpan/Downloads/ProductImageSegmentation-master/samples_2/28460036_4657aa03487cde92441244e3d1cdd327.thumbnail.jpg</path>
	<source>
		<database>Unknown</database>
	</source>
	<size>
		<width>640</width>
		<height>640</height>
		<depth>3</depth>
	</size>
	<segmented>0</segmented>
	<object>
		<name>Pants_Leggings</name>
		<pose>Unspecified</pose>
		<truncated>1</truncated>
		<difficult>0</difficult>
		<bndbox>
			<xmin>200</xmin>
			<ymin>403</ymin>
			<xmax>424</xmax>
			<ymax>640</ymax>
		</bndbox>
	</object>
</annotation>
