<annotation>
	<folder>samples_2</folder>
	<filename>28465239_705b39013f6d608b9a00925e28c13632.thumbnail.jpg</filename>
	<path>/Users/jingyuanpan/Downloads/ProductImageSegmentation-master/samples_2/28465239_705b39013f6d608b9a00925e28c13632.thumbnail.jpg</path>
	<source>
		<database>Unknown</database>
	</source>
	<size>
		<width>640</width>
		<height>640</height>
		<depth>3</depth>
	</size>
	<segmented>0</segmented>
	<object>
		<name>Dresses</name>
		<pose>Unspecified</pose>
		<truncated>0</truncated>
		<difficult>0</difficult>
		<bndbox>
			<xmin>230</xmin>
			<ymin>138</ymin>
			<xmax>467</xmax>
			<ymax>613</ymax>
		</bndbox>
	</object>
</annotation>
