<annotation>
	<folder>samples_2</folder>
	<filename>28534223_b0bb1c9266accc51212181c82ab3a1c1.thumbnail.jpg</filename>
	<path>/Users/jingyuanpan/Downloads/ProductImageSegmentation-master/samples_2/28534223_b0bb1c9266accc51212181c82ab3a1c1.thumbnail.jpg</path>
	<source>
		<database>Unknown</database>
	</source>
	<size>
		<width>640</width>
		<height>640</height>
		<depth>3</depth>
	</size>
	<segmented>0</segmented>
	<object>
		<name>Tops</name>
		<pose>Unspecified</pose>
		<truncated>0</truncated>
		<difficult>0</difficult>
		<bndbox>
			<xmin>259</xmin>
			<ymin>270</ymin>
			<xmax>388</xmax>
			<ymax>374</ymax>
		</bndbox>
	</object>
	<object>
		<name>Skirts</name>
		<pose>Unspecified</pose>
		<truncated>0</truncated>
		<difficult>0</difficult>
		<bndbox>
			<xmin>268</xmin>
			<ymin>373</ymin>
			<xmax>398</xmax>
			<ymax>547</ymax>
		</bndbox>
	</object>
</annotation>
