<annotation>
	<folder>samples_2</folder>
	<filename>28548068_b179a16f2be8b94d0e091359be52803b.thumbnail.jpg</filename>
	<path>/Users/jingyuanpan/Downloads/ProductImageSegmentation-master/samples_2/28548068_b179a16f2be8b94d0e091359be52803b.thumbnail.jpg</path>
	<source>
		<database>Unknown</database>
	</source>
	<size>
		<width>640</width>
		<height>640</height>
		<depth>3</depth>
	</size>
	<segmented>0</segmented>
	<object>
		<name>Dresses</name>
		<pose>Unspecified</pose>
		<truncated>0</truncated>
		<difficult>0</difficult>
		<bndbox>
			<xmin>126</xmin>
			<ymin>113</ymin>
			<xmax>290</xmax>
			<ymax>597</ymax>
		</bndbox>
	</object>
	<object>
		<name>Dresses</name>
		<pose>Unspecified</pose>
		<truncated>0</truncated>
		<difficult>0</difficult>
		<bndbox>
			<xmin>432</xmin>
			<ymin>141</ymin>
			<xmax>556</xmax>
			<ymax>501</ymax>
		</bndbox>
	</object>
</annotation>
