<annotation>
	<folder>samples_2</folder>
	<filename>28560659_3279c3ce16f3f33e04f9afbb475d267d.thumbnail.jpg</filename>
	<path>C:\Users\Wei Zhang\Desktop\Shopee\samples_2\28560659_3279c3ce16f3f33e04f9afbb475d267d.thumbnail.jpg</path>
	<source>
		<database>Unknown</database>
	</source>
	<size>
		<width>600</width>
		<height>600</height>
		<depth>3</depth>
	</size>
	<segmented>0</segmented>
	<object>
		<name>Dresses</name>
		<pose>Unspecified</pose>
		<truncated>0</truncated>
		<difficult>0</difficult>
		<bndbox>
			<xmin>215</xmin>
			<ymin>150</ymin>
			<xmax>414</xmax>
			<ymax>550</ymax>
		</bndbox>
	</object>
</annotation>
