<annotation>
	<folder>samples_2</folder>
	<filename>28570707_8c59e5f36603ad55b02c404a81e9dd1f.thumbnail.jpg</filename>
	<path>/Users/jingyuanpan/Downloads/ProductImageSegmentation-master/samples_2/28570707_8c59e5f36603ad55b02c404a81e9dd1f.thumbnail.jpg</path>
	<source>
		<database>Unknown</database>
	</source>
	<size>
		<width>640</width>
		<height>640</height>
		<depth>3</depth>
	</size>
	<segmented>0</segmented>
	<object>
		<name>Pants_Leggings</name>
		<pose>Unspecified</pose>
		<truncated>0</truncated>
		<difficult>0</difficult>
		<bndbox>
			<xmin>123</xmin>
			<ymin>40</ymin>
			<xmax>429</xmax>
			<ymax>514</ymax>
		</bndbox>
	</object>
</annotation>
