<annotation>
	<folder>samples_2</folder>
	<filename>28575922_359545858c2092448fcbc8234892d030.thumbnail.jpg</filename>
	<path>/Users/jingyuanpan/Downloads/ProductImageSegmentation-master/samples_2/28575922_359545858c2092448fcbc8234892d030.thumbnail.jpg</path>
	<source>
		<database>Unknown</database>
	</source>
	<size>
		<width>640</width>
		<height>640</height>
		<depth>3</depth>
	</size>
	<segmented>0</segmented>
	<object>
		<name>Tops</name>
		<pose>Unspecified</pose>
		<truncated>0</truncated>
		<difficult>0</difficult>
		<bndbox>
			<xmin>151</xmin>
			<ymin>136</ymin>
			<xmax>237</xmax>
			<ymax>263</ymax>
		</bndbox>
	</object>
	<object>
		<name>Pants_Leggings</name>
		<pose>Unspecified</pose>
		<truncated>0</truncated>
		<difficult>0</difficult>
		<bndbox>
			<xmin>148</xmin>
			<ymin>251</ymin>
			<xmax>236</xmax>
			<ymax>490</ymax>
		</bndbox>
	</object>
</annotation>
