<annotation>
	<folder>samples_2</folder>
	<filename>28638311_50de77b6d85f901aceeb7672ad739cbe.thumbnail.jpg</filename>
	<path>/Users/jingyuanpan/Downloads/ProductImageSegmentation-master/samples_2/28638311_50de77b6d85f901aceeb7672ad739cbe.thumbnail.jpg</path>
	<source>
		<database>Unknown</database>
	</source>
	<size>
		<width>470</width>
		<height>640</height>
		<depth>3</depth>
	</size>
	<segmented>0</segmented>
	<object>
		<name>Dresses</name>
		<pose>Unspecified</pose>
		<truncated>0</truncated>
		<difficult>0</difficult>
		<bndbox>
			<xmin>161</xmin>
			<ymin>128</ymin>
			<xmax>352</xmax>
			<ymax>515</ymax>
		</bndbox>
	</object>
</annotation>
