<annotation>
	<folder>samples_2</folder>
	<filename>28676048_762a892fddfd5f0800d60e7c29a9f41d.thumbnail.jpg</filename>
	<path>/Users/jingyuanpan/Downloads/ProductImageSegmentation-master/samples_2/28676048_762a892fddfd5f0800d60e7c29a9f41d.thumbnail.jpg</path>
	<source>
		<database>Unknown</database>
	</source>
	<size>
		<width>640</width>
		<height>640</height>
		<depth>3</depth>
	</size>
	<segmented>0</segmented>
	<object>
		<name>Tops</name>
		<pose>Unspecified</pose>
		<truncated>0</truncated>
		<difficult>0</difficult>
		<bndbox>
			<xmin>243</xmin>
			<ymin>194</ymin>
			<xmax>468</xmax>
			<ymax>398</ymax>
		</bndbox>
	</object>
	<object>
		<name>Skirts</name>
		<pose>Unspecified</pose>
		<truncated>0</truncated>
		<difficult>0</difficult>
		<bndbox>
			<xmin>171</xmin>
			<ymin>373</ymin>
			<xmax>364</xmax>
			<ymax>588</ymax>
		</bndbox>
	</object>
</annotation>
