<annotation>
	<folder>samples_2</folder>
	<filename>28675488_c01de62eae931c29b4801eb25d2b9bb1.thumbnail.jpg</filename>
	<path>/Users/jingyuanpan/Downloads/ProductImageSegmentation-master/samples_2/28675488_c01de62eae931c29b4801eb25d2b9bb1.thumbnail.jpg</path>
	<source>
		<database>Unknown</database>
	</source>
	<size>
		<width>640</width>
		<height>640</height>
		<depth>3</depth>
	</size>
	<segmented>0</segmented>
	<object>
		<name>Lingerie</name>
		<pose>Unspecified</pose>
		<truncated>0</truncated>
		<difficult>0</difficult>
		<bndbox>
			<xmin>148</xmin>
			<ymin>319</ymin>
			<xmax>493</xmax>
			<ymax>629</ymax>
		</bndbox>
	</object>
</annotation>
