<annotation>
	<folder>samples_2</folder>
	<filename>28788369_8249fa5424873aa3d06b3e17efba715a.thumbnail.jpg</filename>
	<path>/Users/jingyuanpan/Downloads/ProductImageSegmentation-master/samples_2/28788369_8249fa5424873aa3d06b3e17efba715a.thumbnail.jpg</path>
	<source>
		<database>Unknown</database>
	</source>
	<size>
		<width>606</width>
		<height>606</height>
		<depth>3</depth>
	</size>
	<segmented>0</segmented>
	<object>
		<name>Tops</name>
		<pose>Unspecified</pose>
		<truncated>0</truncated>
		<difficult>0</difficult>
		<bndbox>
			<xmin>171</xmin>
			<ymin>225</ymin>
			<xmax>431</xmax>
			<ymax>485</ymax>
		</bndbox>
	</object>
	<object>
		<name>Shorts</name>
		<pose>Unspecified</pose>
		<truncated>0</truncated>
		<difficult>0</difficult>
		<bndbox>
			<xmin>277</xmin>
			<ymin>454</ymin>
			<xmax>465</xmax>
			<ymax>557</ymax>
		</bndbox>
	</object>
</annotation>
