<annotation>
	<folder>samples_2</folder>
	<filename>28861696_cfe6d32e2c0054e39c69b7c178139f21.thumbnail.jpg</filename>
	<path>/Users/jingyuanpan/Downloads/ProductImageSegmentation-master/samples_2/28861696_cfe6d32e2c0054e39c69b7c178139f21.thumbnail.jpg</path>
	<source>
		<database>Unknown</database>
	</source>
	<size>
		<width>520</width>
		<height>640</height>
		<depth>3</depth>
	</size>
	<segmented>0</segmented>
	<object>
		<name>Tops</name>
		<pose>Unspecified</pose>
		<truncated>0</truncated>
		<difficult>0</difficult>
		<bndbox>
			<xmin>15</xmin>
			<ymin>84</ymin>
			<xmax>499</xmax>
			<ymax>556</ymax>
		</bndbox>
	</object>
</annotation>
