<annotation>
	<folder>samples_2</folder>
	<filename>29233916_bc24d4bd8ba8e4cf0f6815cdfe9715ae.thumbnail.jpg</filename>
	<path>/Users/jingyuanpan/Downloads/ProductImageSegmentation-master/samples_2/29233916_bc24d4bd8ba8e4cf0f6815cdfe9715ae.thumbnail.jpg</path>
	<source>
		<database>Unknown</database>
	</source>
	<size>
		<width>640</width>
		<height>640</height>
		<depth>3</depth>
	</size>
	<segmented>0</segmented>
	<object>
		<name>Tops</name>
		<pose>Unspecified</pose>
		<truncated>0</truncated>
		<difficult>0</difficult>
		<bndbox>
			<xmin>198</xmin>
			<ymin>248</ymin>
			<xmax>414</xmax>
			<ymax>438</ymax>
		</bndbox>
	</object>
	<object>
		<name>Pants_Leggings</name>
		<pose>Unspecified</pose>
		<truncated>1</truncated>
		<difficult>0</difficult>
		<bndbox>
			<xmin>239</xmin>
			<ymin>461</ymin>
			<xmax>411</xmax>
			<ymax>640</ymax>
		</bndbox>
	</object>
</annotation>
