<annotation>
	<folder>samples_2</folder>
	<filename>29256029_c7e6e1ef70234788b20574646be53312.thumbnail.jpg</filename>
	<path>/Users/jingyuanpan/Downloads/ProductImageSegmentation-master/samples_2/29256029_c7e6e1ef70234788b20574646be53312.thumbnail.jpg</path>
	<source>
		<database>Unknown</database>
	</source>
	<size>
		<width>640</width>
		<height>640</height>
		<depth>3</depth>
	</size>
	<segmented>0</segmented>
	<object>
		<name>Tops</name>
		<pose>Unspecified</pose>
		<truncated>0</truncated>
		<difficult>0</difficult>
		<bndbox>
			<xmin>232</xmin>
			<ymin>197</ymin>
			<xmax>425</xmax>
			<ymax>385</ymax>
		</bndbox>
	</object>
	<object>
		<name>Skirts</name>
		<pose>Unspecified</pose>
		<truncated>0</truncated>
		<difficult>0</difficult>
		<bndbox>
			<xmin>279</xmin>
			<ymin>378</ymin>
			<xmax>442</xmax>
			<ymax>547</ymax>
		</bndbox>
	</object>
</annotation>
