<annotation>
	<folder>samples_2</folder>
	<filename>29343126_c9de905a1d763d693a55675cdc1f50ff.thumbnail.jpg</filename>
	<path>/Users/jingyuanpan/Downloads/ProductImageSegmentation-master/samples_2/29343126_c9de905a1d763d693a55675cdc1f50ff.thumbnail.jpg</path>
	<source>
		<database>Unknown</database>
	</source>
	<size>
		<width>605</width>
		<height>605</height>
		<depth>3</depth>
	</size>
	<segmented>0</segmented>
	<object>
		<name>Tops</name>
		<pose>Unspecified</pose>
		<truncated>0</truncated>
		<difficult>0</difficult>
		<bndbox>
			<xmin>221</xmin>
			<ymin>98</ymin>
			<xmax>357</xmax>
			<ymax>220</ymax>
		</bndbox>
	</object>
	<object>
		<name>Pants_Leggings</name>
		<pose>Unspecified</pose>
		<truncated>0</truncated>
		<difficult>0</difficult>
		<bndbox>
			<xmin>197</xmin>
			<ymin>235</ymin>
			<xmax>395</xmax>
			<ymax>540</ymax>
		</bndbox>
	</object>
</annotation>
