<annotation>
	<folder>samples_2</folder>
	<filename>2937134_e2347391cd5b6f7ff47c8606600ab317.thumbnail.jpg</filename>
	<path>/Users/jingyuanpan/Downloads/ProductImageSegmentation-master/samples_2/2937134_e2347391cd5b6f7ff47c8606600ab317.thumbnail.jpg</path>
	<source>
		<database>Unknown</database>
	</source>
	<size>
		<width>640</width>
		<height>640</height>
		<depth>3</depth>
	</size>
	<segmented>0</segmented>
	<object>
		<name>Dresses</name>
		<pose>Unspecified</pose>
		<truncated>0</truncated>
		<difficult>0</difficult>
		<bndbox>
			<xmin>156</xmin>
			<ymin>134</ymin>
			<xmax>422</xmax>
			<ymax>472</ymax>
		</bndbox>
	</object>
	<object>
		<name>Dresses</name>
		<pose>Unspecified</pose>
		<truncated>0</truncated>
		<difficult>0</difficult>
		<bndbox>
			<xmin>403</xmin>
			<ymin>124</ymin>
			<xmax>573</xmax>
			<ymax>382</ymax>
		</bndbox>
	</object>
</annotation>
