<annotation>
	<folder>samples_2</folder>
	<filename>29487230_1c7fde58d3f9bd387f47fea052e2229e.thumbnail.jpg</filename>
	<path>C:\Users\Wei Zhang\Desktop\Shopee\samples_2\29487230_1c7fde58d3f9bd387f47fea052e2229e.thumbnail.jpg</path>
	<source>
		<database>Unknown</database>
	</source>
	<size>
		<width>640</width>
		<height>640</height>
		<depth>3</depth>
	</size>
	<segmented>0</segmented>
	<object>
		<name>Shorts</name>
		<pose>Unspecified</pose>
		<truncated>0</truncated>
		<difficult>0</difficult>
		<bndbox>
			<xmin>243</xmin>
			<ymin>388</ymin>
			<xmax>436</xmax>
			<ymax>551</ymax>
		</bndbox>
	</object>
	<object>
		<name>Lingerie</name>
		<pose>Unspecified</pose>
		<truncated>0</truncated>
		<difficult>0</difficult>
		<bndbox>
			<xmin>265</xmin>
			<ymin>167</ymin>
			<xmax>424</xmax>
			<ymax>346</ymax>
		</bndbox>
	</object>
</annotation>
