<annotation>
	<folder>samples_2</folder>
	<filename>29610674_0bae81ed8de6d4c146ac028055e4edec.thumbnail.jpg</filename>
	<path>C:\Users\Wei Zhang\Desktop\Shopee\samples_2\29610674_0bae81ed8de6d4c146ac028055e4edec.thumbnail.jpg</path>
	<source>
		<database>Unknown</database>
	</source>
	<size>
		<width>640</width>
		<height>640</height>
		<depth>3</depth>
	</size>
	<segmented>0</segmented>
	<object>
		<name>Lingerie</name>
		<pose>Unspecified</pose>
		<truncated>0</truncated>
		<difficult>0</difficult>
		<bndbox>
			<xmin>202</xmin>
			<ymin>396</ymin>
			<xmax>468</xmax>
			<ymax>597</ymax>
		</bndbox>
	</object>
</annotation>
