<annotation>
	<folder>samples_2</folder>
	<filename>29733187_849d55b962227e4300ce971b388dc451.thumbnail.jpg</filename>
	<path>/Users/jingyuanpan/Downloads/ProductImageSegmentation-master/samples_2/29733187_849d55b962227e4300ce971b388dc451.thumbnail.jpg</path>
	<source>
		<database>Unknown</database>
	</source>
	<size>
		<width>560</width>
		<height>640</height>
		<depth>3</depth>
	</size>
	<segmented>0</segmented>
	<object>
		<name>Lingerie</name>
		<pose>Unspecified</pose>
		<truncated>0</truncated>
		<difficult>0</difficult>
		<bndbox>
			<xmin>152</xmin>
			<ymin>304</ymin>
			<xmax>364</xmax>
			<ymax>603</ymax>
		</bndbox>
	</object>
	<object>
		<name>Lingerie</name>
		<pose>Unspecified</pose>
		<truncated>0</truncated>
		<difficult>0</difficult>
		<bndbox>
			<xmin>261</xmin>
			<ymin>35</ymin>
			<xmax>437</xmax>
			<ymax>244</ymax>
		</bndbox>
	</object>
</annotation>
