<annotation>
	<folder>samples_2</folder>
	<filename>29777052_50bb074499636f95d18a641cfead79d2.thumbnail.jpg</filename>
	<path>/Users/jingyuanpan/Downloads/ProductImageSegmentation-master/samples_2/29777052_50bb074499636f95d18a641cfead79d2.thumbnail.jpg</path>
	<source>
		<database>Unknown</database>
	</source>
	<size>
		<width>640</width>
		<height>640</height>
		<depth>3</depth>
	</size>
	<segmented>0</segmented>
	<object>
		<name>Dresses</name>
		<pose>Unspecified</pose>
		<truncated>0</truncated>
		<difficult>0</difficult>
		<bndbox>
			<xmin>178</xmin>
			<ymin>56</ymin>
			<xmax>457</xmax>
			<ymax>564</ymax>
		</bndbox>
	</object>
</annotation>
