<annotation>
	<folder>samples_2</folder>
	<filename>30440405_64465f808c949887155ac642ce74de46.thumbnail.jpg</filename>
	<path>/Users/jingyuanpan/Downloads/ProductImageSegmentation-master/samples_2/30440405_64465f808c949887155ac642ce74de46.thumbnail.jpg</path>
	<source>
		<database>Unknown</database>
	</source>
	<size>
		<width>640</width>
		<height>480</height>
		<depth>3</depth>
	</size>
	<segmented>0</segmented>
	<object>
		<name>Skirts</name>
		<pose>Unspecified</pose>
		<truncated>0</truncated>
		<difficult>0</difficult>
		<bndbox>
			<xmin>96</xmin>
			<ymin>67</ymin>
			<xmax>585</xmax>
			<ymax>434</ymax>
		</bndbox>
	</object>
</annotation>
