<annotation>
	<folder>samples_2</folder>
	<filename>30452770_4100ac10d35abe1677bed64a0599ad8a.thumbnail.jpg</filename>
	<path>/Users/jingyuanpan/Downloads/ProductImageSegmentation-master/samples_2/30452770_4100ac10d35abe1677bed64a0599ad8a.thumbnail.jpg</path>
	<source>
		<database>Unknown</database>
	</source>
	<size>
		<width>640</width>
		<height>640</height>
		<depth>3</depth>
	</size>
	<segmented>0</segmented>
	<object>
		<name>Tops</name>
		<pose>Unspecified</pose>
		<truncated>0</truncated>
		<difficult>0</difficult>
		<bndbox>
			<xmin>117</xmin>
			<ymin>209</ymin>
			<xmax>435</xmax>
			<ymax>622</ymax>
		</bndbox>
	</object>
</annotation>
