<annotation>
	<folder>samples_2</folder>
	<filename>30466049_5c405e72f29efff64231ff43f24dc9d2.thumbnail.jpg</filename>
	<path>/Users/jingyuanpan/Downloads/ProductImageSegmentation-master/samples_2/30466049_5c405e72f29efff64231ff43f24dc9d2.thumbnail.jpg</path>
	<source>
		<database>Unknown</database>
	</source>
	<size>
		<width>640</width>
		<height>640</height>
		<depth>3</depth>
	</size>
	<segmented>0</segmented>
	<object>
		<name>Tops</name>
		<pose>Unspecified</pose>
		<truncated>0</truncated>
		<difficult>0</difficult>
		<bndbox>
			<xmin>95</xmin>
			<ymin>53</ymin>
			<xmax>552</xmax>
			<ymax>520</ymax>
		</bndbox>
	</object>
</annotation>
