<annotation>
	<folder>samples_2</folder>
	<filename>30481546_e08c1863a736c7fe5b2a6b3f51cd5453.thumbnail.jpg</filename>
	<path>/Users/jingyuanpan/Downloads/ProductImageSegmentation-master/samples_2/30481546_e08c1863a736c7fe5b2a6b3f51cd5453.thumbnail.jpg</path>
	<source>
		<database>Unknown</database>
	</source>
	<size>
		<width>533</width>
		<height>533</height>
		<depth>3</depth>
	</size>
	<segmented>0</segmented>
	<object>
		<name>Tops</name>
		<pose>Unspecified</pose>
		<truncated>0</truncated>
		<difficult>0</difficult>
		<bndbox>
			<xmin>220</xmin>
			<ymin>94</ymin>
			<xmax>400</xmax>
			<ymax>263</ymax>
		</bndbox>
	</object>
	<object>
		<name>Skirts</name>
		<pose>Unspecified</pose>
		<truncated>0</truncated>
		<difficult>0</difficult>
		<bndbox>
			<xmin>205</xmin>
			<ymin>235</ymin>
			<xmax>388</xmax>
			<ymax>379</ymax>
		</bndbox>
	</object>
</annotation>
