<annotation>
	<folder>samples_2</folder>
	<filename>30728876_ab450f93a8559e3f4187652297b03056.thumbnail.jpg</filename>
	<path>/Users/jingyuanpan/Downloads/ProductImageSegmentation-master/samples_2/30728876_ab450f93a8559e3f4187652297b03056.thumbnail.jpg</path>
	<source>
		<database>Unknown</database>
	</source>
	<size>
		<width>640</width>
		<height>640</height>
		<depth>3</depth>
	</size>
	<segmented>0</segmented>
	<object>
		<name>Lingerie</name>
		<pose>Unspecified</pose>
		<truncated>0</truncated>
		<difficult>0</difficult>
		<bndbox>
			<xmin>85</xmin>
			<ymin>72</ymin>
			<xmax>544</xmax>
			<ymax>376</ymax>
		</bndbox>
	</object>
</annotation>
