<annotation>
	<folder>samples_2</folder>
	<filename>30722209_1b764d883709d953845aa8d980e74dc1.thumbnail.jpg</filename>
	<path>/Users/jingyuanpan/Downloads/ProductImageSegmentation-master/samples_2/30722209_1b764d883709d953845aa8d980e74dc1.thumbnail.jpg</path>
	<source>
		<database>Unknown</database>
	</source>
	<size>
		<width>640</width>
		<height>640</height>
		<depth>3</depth>
	</size>
	<segmented>0</segmented>
	<object>
		<name>Tops</name>
		<pose>Unspecified</pose>
		<truncated>0</truncated>
		<difficult>0</difficult>
		<bndbox>
			<xmin>148</xmin>
			<ymin>186</ymin>
			<xmax>489</xmax>
			<ymax>523</ymax>
		</bndbox>
	</object>
</annotation>
