<annotation>
	<folder>samples_2</folder>
	<filename>30732569_4afdf44d5ce006ac45d2689e5353a297.thumbnail.jpg</filename>
	<path>/Users/jingyuanpan/Downloads/ProductImageSegmentation-master/samples_2/30732569_4afdf44d5ce006ac45d2689e5353a297.thumbnail.jpg</path>
	<source>
		<database>Unknown</database>
	</source>
	<size>
		<width>499</width>
		<height>499</height>
		<depth>3</depth>
	</size>
	<segmented>0</segmented>
	<object>
		<name>Lingerie</name>
		<pose>Unspecified</pose>
		<truncated>1</truncated>
		<difficult>0</difficult>
		<bndbox>
			<xmin>112</xmin>
			<ymin>1</ymin>
			<xmax>380</xmax>
			<ymax>482</ymax>
		</bndbox>
	</object>
</annotation>
