<annotation>
	<folder>samples_2</folder>
	<filename>30982675_86e59fba26fbed4e17425d9c6b2f8aad.thumbnail.jpg</filename>
	<path>C:\Users\Wei Zhang\Desktop\Shopee\samples_2\30982675_86e59fba26fbed4e17425d9c6b2f8aad.thumbnail.jpg</path>
	<source>
		<database>Unknown</database>
	</source>
	<size>
		<width>640</width>
		<height>640</height>
		<depth>3</depth>
	</size>
	<segmented>0</segmented>
	<object>
		<name>Shorts</name>
		<pose>Unspecified</pose>
		<truncated>0</truncated>
		<difficult>0</difficult>
		<bndbox>
			<xmin>2</xmin>
			<ymin>238</ymin>
			<xmax>412</xmax>
			<ymax>595</ymax>
		</bndbox>
	</object>
	<object>
		<name>Shorts</name>
		<pose>Unspecified</pose>
		<truncated>0</truncated>
		<difficult>0</difficult>
		<bndbox>
			<xmin>177</xmin>
			<ymin>98</ymin>
			<xmax>546</xmax>
			<ymax>437</ymax>
		</bndbox>
	</object>
	<object>
		<name>Shorts</name>
		<pose>Unspecified</pose>
		<truncated>0</truncated>
		<difficult>0</difficult>
		<bndbox>
			<xmin>52</xmin>
			<ymin>20</ymin>
			<xmax>412</xmax>
			<ymax>269</ymax>
		</bndbox>
	</object>
</annotation>
