<annotation>
	<folder>samples_2</folder>
	<filename>31192629_d87227b68136ecb0e11e122a7373c40d.thumbnail.jpg</filename>
	<path>/Users/jingyuanpan/Downloads/ProductImageSegmentation-master/samples_2/31192629_d87227b68136ecb0e11e122a7373c40d.thumbnail.jpg</path>
	<source>
		<database>Unknown</database>
	</source>
	<size>
		<width>640</width>
		<height>640</height>
		<depth>3</depth>
	</size>
	<segmented>0</segmented>
	<object>
		<name>Tops</name>
		<pose>Unspecified</pose>
		<truncated>0</truncated>
		<difficult>0</difficult>
		<bndbox>
			<xmin>77</xmin>
			<ymin>68</ymin>
			<xmax>548</xmax>
			<ymax>480</ymax>
		</bndbox>
	</object>
	<object>
		<name>Pants_Leggings</name>
		<pose>Unspecified</pose>
		<truncated>1</truncated>
		<difficult>0</difficult>
		<bndbox>
			<xmin>157</xmin>
			<ymin>445</ymin>
			<xmax>472</xmax>
			<ymax>640</ymax>
		</bndbox>
	</object>
</annotation>
