<annotation>
	<folder>samples_2</folder>
	<filename>31194566_727d2a988595ebe7cb65f2ccc13ea2e6.thumbnail.jpg</filename>
	<path>C:\Users\Wei Zhang\Desktop\Shopee\samples_2\31194566_727d2a988595ebe7cb65f2ccc13ea2e6.thumbnail.jpg</path>
	<source>
		<database>Unknown</database>
	</source>
	<size>
		<width>538</width>
		<height>538</height>
		<depth>3</depth>
	</size>
	<segmented>0</segmented>
	<object>
		<name>Shorts</name>
		<pose>Unspecified</pose>
		<truncated>0</truncated>
		<difficult>0</difficult>
		<bndbox>
			<xmin>239</xmin>
			<ymin>103</ymin>
			<xmax>393</xmax>
			<ymax>229</ymax>
		</bndbox>
	</object>
	<object>
		<name>Tops</name>
		<pose>Unspecified</pose>
		<truncated>0</truncated>
		<difficult>0</difficult>
		<bndbox>
			<xmin>254</xmin>
			<ymin>3</ymin>
			<xmax>452</xmax>
			<ymax>118</ymax>
		</bndbox>
	</object>
</annotation>
