<annotation>
	<folder>samples_2</folder>
	<filename>31209137_8dc75fd57f7d3437a15e801d6158f826.thumbnail.jpg</filename>
	<path>C:\Users\Wei Zhang\Desktop\Shopee\samples_2\31209137_8dc75fd57f7d3437a15e801d6158f826.thumbnail.jpg</path>
	<source>
		<database>Unknown</database>
	</source>
	<size>
		<width>638</width>
		<height>638</height>
		<depth>3</depth>
	</size>
	<segmented>0</segmented>
	<object>
		<name>Tops</name>
		<pose>Unspecified</pose>
		<truncated>0</truncated>
		<difficult>0</difficult>
		<bndbox>
			<xmin>272</xmin>
			<ymin>194</ymin>
			<xmax>392</xmax>
			<ymax>520</ymax>
		</bndbox>
	</object>
	<object>
		<name>Shorts</name>
		<pose>Unspecified</pose>
		<truncated>0</truncated>
		<difficult>0</difficult>
		<bndbox>
			<xmin>229</xmin>
			<ymin>391</ymin>
			<xmax>356</xmax>
			<ymax>567</ymax>
		</bndbox>
	</object>
</annotation>
