<annotation>
	<folder>samples_2</folder>
	<filename>31219707_c5806050f447bc34e289fe5ed8f8b68f.thumbnail.jpg</filename>
	<path>C:\Users\Wei Zhang\Desktop\Shopee\samples_2\31219707_c5806050f447bc34e289fe5ed8f8b68f.thumbnail.jpg</path>
	<source>
		<database>Unknown</database>
	</source>
	<size>
		<width>640</width>
		<height>640</height>
		<depth>3</depth>
	</size>
	<segmented>0</segmented>
	<object>
		<name>Lingerie</name>
		<pose>Unspecified</pose>
		<truncated>0</truncated>
		<difficult>0</difficult>
		<bndbox>
			<xmin>36</xmin>
			<ymin>41</ymin>
			<xmax>278</xmax>
			<ymax>357</ymax>
		</bndbox>
	</object>
	<object>
		<name>Lingerie</name>
		<pose>Unspecified</pose>
		<truncated>0</truncated>
		<difficult>0</difficult>
		<bndbox>
			<xmin>348</xmin>
			<ymin>163</ymin>
			<xmax>631</xmax>
			<ymax>421</ymax>
		</bndbox>
	</object>
	<object>
		<name>Lingerie</name>
		<pose>Unspecified</pose>
		<truncated>0</truncated>
		<difficult>0</difficult>
		<bndbox>
			<xmin>32</xmin>
			<ymin>239</ymin>
			<xmax>273</xmax>
			<ymax>357</ymax>
		</bndbox>
	</object>
</annotation>
