<annotation>
	<folder>samples_2</folder>
	<filename>31236958_b2ee29a4ac42c0a420c90e0a2b6575c2.thumbnail.jpg</filename>
	<path>/Users/jingyuanpan/Downloads/ProductImageSegmentation-master/samples_2/31236958_b2ee29a4ac42c0a420c90e0a2b6575c2.thumbnail.jpg</path>
	<source>
		<database>Unknown</database>
	</source>
	<size>
		<width>401</width>
		<height>401</height>
		<depth>3</depth>
	</size>
	<segmented>0</segmented>
	<object>
		<name>Dresses</name>
		<pose>Unspecified</pose>
		<truncated>0</truncated>
		<difficult>0</difficult>
		<bndbox>
			<xmin>154</xmin>
			<ymin>84</ymin>
			<xmax>254</xmax>
			<ymax>399</ymax>
		</bndbox>
	</object>
</annotation>
