<annotation>
	<folder>samples_2</folder>
	<filename>31275402_78944979442189602eb5ef3016a01503.thumbnail.jpg</filename>
	<path>/Users/jingyuanpan/Downloads/ProductImageSegmentation-master/samples_2/31275402_78944979442189602eb5ef3016a01503.thumbnail.jpg</path>
	<source>
		<database>Unknown</database>
	</source>
	<size>
		<width>640</width>
		<height>640</height>
		<depth>3</depth>
	</size>
	<segmented>0</segmented>
	<object>
		<name>Tops</name>
		<pose>Unspecified</pose>
		<truncated>0</truncated>
		<difficult>0</difficult>
		<bndbox>
			<xmin>188</xmin>
			<ymin>172</ymin>
			<xmax>478</xmax>
			<ymax>512</ymax>
		</bndbox>
	</object>
	<object>
		<name>Shorts</name>
		<pose>Unspecified</pose>
		<truncated>0</truncated>
		<difficult>0</difficult>
		<bndbox>
			<xmin>182</xmin>
			<ymin>509</ymin>
			<xmax>415</xmax>
			<ymax>577</ymax>
		</bndbox>
	</object>
</annotation>
