<annotation>
	<folder>samples_2</folder>
	<filename>31302572_cbb0a068f8e22a9c2b3ee7dddd549117.thumbnail.jpg</filename>
	<path>/Users/jingyuanpan/Downloads/ProductImageSegmentation-master/samples_2/31302572_cbb0a068f8e22a9c2b3ee7dddd549117.thumbnail.jpg</path>
	<source>
		<database>Unknown</database>
	</source>
	<size>
		<width>640</width>
		<height>640</height>
		<depth>3</depth>
	</size>
	<segmented>0</segmented>
	<object>
		<name>Shorts</name>
		<pose>Unspecified</pose>
		<truncated>0</truncated>
		<difficult>0</difficult>
		<bndbox>
			<xmin>239</xmin>
			<ymin>309</ymin>
			<xmax>382</xmax>
			<ymax>366</ymax>
		</bndbox>
	</object>
</annotation>
