<annotation>
	<folder>samples_2</folder>
	<filename>31357361_9ee3acf02d1e3c2f98ae05ec8f66eff1.thumbnail.jpg</filename>
	<path>/Users/jingyuanpan/Downloads/ProductImageSegmentation-master/samples_2/31357361_9ee3acf02d1e3c2f98ae05ec8f66eff1.thumbnail.jpg</path>
	<source>
		<database>Unknown</database>
	</source>
	<size>
		<width>429</width>
		<height>640</height>
		<depth>3</depth>
	</size>
	<segmented>0</segmented>
	<object>
		<name>Dresses</name>
		<pose>Unspecified</pose>
		<truncated>0</truncated>
		<difficult>0</difficult>
		<bndbox>
			<xmin>150</xmin>
			<ymin>169</ymin>
			<xmax>297</xmax>
			<ymax>389</ymax>
		</bndbox>
	</object>
</annotation>
