<annotation>
	<folder>samples_2</folder>
	<filename>31537414_79069c29fa69cfbc68b13729274ca7bb.thumbnail.jpg</filename>
	<path>/Users/jingyuanpan/Downloads/ProductImageSegmentation-master/samples_2/31537414_79069c29fa69cfbc68b13729274ca7bb.thumbnail.jpg</path>
	<source>
		<database>Unknown</database>
	</source>
	<size>
		<width>640</width>
		<height>640</height>
		<depth>3</depth>
	</size>
	<segmented>0</segmented>
	<object>
		<name>Dresses</name>
		<pose>Unspecified</pose>
		<truncated>0</truncated>
		<difficult>0</difficult>
		<bndbox>
			<xmin>118</xmin>
			<ymin>180</ymin>
			<xmax>452</xmax>
			<ymax>606</ymax>
		</bndbox>
	</object>
</annotation>
