<annotation>
	<folder>samples_2</folder>
	<filename>31595820_bfcc623ed7f1161ae20f883ae48040d2.thumbnail.jpg</filename>
	<path>/Users/jingyuanpan/Downloads/ProductImageSegmentation-master/samples_2/31595820_bfcc623ed7f1161ae20f883ae48040d2.thumbnail.jpg</path>
	<source>
		<database>Unknown</database>
	</source>
	<size>
		<width>640</width>
		<height>640</height>
		<depth>3</depth>
	</size>
	<segmented>0</segmented>
	<object>
		<name>Dresses</name>
		<pose>Unspecified</pose>
		<truncated>0</truncated>
		<difficult>0</difficult>
		<bndbox>
			<xmin>55</xmin>
			<ymin>170</ymin>
			<xmax>334</xmax>
			<ymax>581</ymax>
		</bndbox>
	</object>
</annotation>
