<annotation>
	<folder>samples_2</folder>
	<filename>31645855_d5a2ceb6727a496a5076abefbe95a354.thumbnail.jpg</filename>
	<path>/Users/jingyuanpan/Downloads/ProductImageSegmentation-master/samples_2/31645855_d5a2ceb6727a496a5076abefbe95a354.thumbnail.jpg</path>
	<source>
		<database>Unknown</database>
	</source>
	<size>
		<width>640</width>
		<height>640</height>
		<depth>3</depth>
	</size>
	<segmented>0</segmented>
	<object>
		<name>Skirts</name>
		<pose>Unspecified</pose>
		<truncated>0</truncated>
		<difficult>0</difficult>
		<bndbox>
			<xmin>110</xmin>
			<ymin>91</ymin>
			<xmax>528</xmax>
			<ymax>624</ymax>
		</bndbox>
	</object>
</annotation>
