<annotation>
	<folder>samples_2</folder>
	<filename>31659694_10145a122799b68cd5e59e9031ea6b8a.thumbnail.jpg</filename>
	<path>/Users/jingyuanpan/Downloads/ProductImageSegmentation-master/samples_2/31659694_10145a122799b68cd5e59e9031ea6b8a.thumbnail.jpg</path>
	<source>
		<database>Unknown</database>
	</source>
	<size>
		<width>640</width>
		<height>640</height>
		<depth>3</depth>
	</size>
	<segmented>0</segmented>
	<object>
		<name>Pants_Leggings</name>
		<pose>Unspecified</pose>
		<truncated>0</truncated>
		<difficult>0</difficult>
		<bndbox>
			<xmin>103</xmin>
			<ymin>245</ymin>
			<xmax>539</xmax>
			<ymax>547</ymax>
		</bndbox>
	</object>
</annotation>
