<annotation>
	<folder>samples_2</folder>
	<filename>31793795_b000a62f4f76c8af68144f611336b75b.thumbnail.jpg</filename>
	<path>/Users/jingyuanpan/Downloads/ProductImageSegmentation-master/samples_2/31793795_b000a62f4f76c8af68144f611336b75b.thumbnail.jpg</path>
	<source>
		<database>Unknown</database>
	</source>
	<size>
		<width>480</width>
		<height>640</height>
		<depth>3</depth>
	</size>
	<segmented>0</segmented>
	<object>
		<name>Tops</name>
		<pose>Unspecified</pose>
		<truncated>0</truncated>
		<difficult>0</difficult>
		<bndbox>
			<xmin>202</xmin>
			<ymin>147</ymin>
			<xmax>330</xmax>
			<ymax>273</ymax>
		</bndbox>
	</object>
	<object>
		<name>Skirts</name>
		<pose>Unspecified</pose>
		<truncated>0</truncated>
		<difficult>0</difficult>
		<bndbox>
			<xmin>126</xmin>
			<ymin>247</ymin>
			<xmax>268</xmax>
			<ymax>506</ymax>
		</bndbox>
	</object>
</annotation>
