<annotation>
	<folder>samples_2</folder>
	<filename>3194263_af56d6d6d084b57e299efe4e6735ff65.thumbnail.jpg</filename>
	<path>C:\Users\Wei Zhang\Desktop\Shopee\samples_2\3194263_af56d6d6d084b57e299efe4e6735ff65.thumbnail.jpg</path>
	<source>
		<database>Unknown</database>
	</source>
	<size>
		<width>436</width>
		<height>640</height>
		<depth>3</depth>
	</size>
	<segmented>0</segmented>
	<object>
		<name>Pants_Leggings</name>
		<pose>Unspecified</pose>
		<truncated>0</truncated>
		<difficult>0</difficult>
		<bndbox>
			<xmin>191</xmin>
			<ymin>31</ymin>
			<xmax>372</xmax>
			<ymax>545</ymax>
		</bndbox>
	</object>
</annotation>
