<annotation>
	<folder>samples_2</folder>
	<filename>3199642_fb15f2bbc0fb15f5991417fd2574b487.thumbnail.jpg</filename>
	<path>/Users/jingyuanpan/Downloads/ProductImageSegmentation-master/samples_2/3199642_fb15f2bbc0fb15f5991417fd2574b487.thumbnail.jpg</path>
	<source>
		<database>Unknown</database>
	</source>
	<size>
		<width>500</width>
		<height>640</height>
		<depth>3</depth>
	</size>
	<segmented>0</segmented>
	<object>
		<name>Pants_Leggings</name>
		<pose>Unspecified</pose>
		<truncated>0</truncated>
		<difficult>0</difficult>
		<bndbox>
			<xmin>169</xmin>
			<ymin>36</ymin>
			<xmax>376</xmax>
			<ymax>516</ymax>
		</bndbox>
	</object>
</annotation>
