<annotation>
	<folder>samples_2</folder>
	<filename>32184657_636eb7a784ca01db59fc320cd4f98656.thumbnail.jpg</filename>
	<path>C:\Users\Wei Zhang\Desktop\Shopee\samples_2\32184657_636eb7a784ca01db59fc320cd4f98656.thumbnail.jpg</path>
	<source>
		<database>Unknown</database>
	</source>
	<size>
		<width>640</width>
		<height>640</height>
		<depth>3</depth>
	</size>
	<segmented>0</segmented>
	<object>
		<name>Dresses</name>
		<pose>Unspecified</pose>
		<truncated>0</truncated>
		<difficult>0</difficult>
		<bndbox>
			<xmin>248</xmin>
			<ymin>237</ymin>
			<xmax>354</xmax>
			<ymax>566</ymax>
		</bndbox>
	</object>
</annotation>
