<annotation>
	<folder>samples_2</folder>
	<filename>32328070_6e334875a14af5d083f1db17fbf7c779.thumbnail.jpg</filename>
	<path>C:\Users\Wei Zhang\Desktop\Shopee\samples_2\32328070_6e334875a14af5d083f1db17fbf7c779.thumbnail.jpg</path>
	<source>
		<database>Unknown</database>
	</source>
	<size>
		<width>640</width>
		<height>640</height>
		<depth>3</depth>
	</size>
	<segmented>0</segmented>
	<object>
		<name>Dresses</name>
		<pose>Unspecified</pose>
		<truncated>0</truncated>
		<difficult>0</difficult>
		<bndbox>
			<xmin>50</xmin>
			<ymin>190</ymin>
			<xmax>228</xmax>
			<ymax>554</ymax>
		</bndbox>
	</object>
	<object>
		<name>Dresses</name>
		<pose>Unspecified</pose>
		<truncated>0</truncated>
		<difficult>0</difficult>
		<bndbox>
			<xmin>369</xmin>
			<ymin>212</ymin>
			<xmax>492</xmax>
			<ymax>610</ymax>
		</bndbox>
	</object>
</annotation>
