<annotation>
	<folder>samples_2</folder>
	<filename>32352301_9a91e4dab9ca210b0194189b9584b16b.thumbnail.jpg</filename>
	<path>C:\Users\Wei Zhang\Desktop\Shopee\samples_2\32352301_9a91e4dab9ca210b0194189b9584b16b.thumbnail.jpg</path>
	<source>
		<database>Unknown</database>
	</source>
	<size>
		<width>640</width>
		<height>480</height>
		<depth>3</depth>
	</size>
	<segmented>0</segmented>
	<object>
		<name>Shorts</name>
		<pose>Unspecified</pose>
		<truncated>1</truncated>
		<difficult>0</difficult>
		<bndbox>
			<xmin>1</xmin>
			<ymin>50</ymin>
			<xmax>640</xmax>
			<ymax>476</ymax>
		</bndbox>
	</object>
</annotation>
