<annotation>
	<folder>samples_2</folder>
	<filename>32394391_2ffe35389eac87cc2d032659e2f84d0e.thumbnail.jpg</filename>
	<path>/Users/jingyuanpan/Downloads/ProductImageSegmentation-master/samples_2/32394391_2ffe35389eac87cc2d032659e2f84d0e.thumbnail.jpg</path>
	<source>
		<database>Unknown</database>
	</source>
	<size>
		<width>640</width>
		<height>640</height>
		<depth>3</depth>
	</size>
	<segmented>0</segmented>
	<object>
		<name>Dresses</name>
		<pose>Unspecified</pose>
		<truncated>0</truncated>
		<difficult>0</difficult>
		<bndbox>
			<xmin>234</xmin>
			<ymin>254</ymin>
			<xmax>351</xmax>
			<ymax>541</ymax>
		</bndbox>
	</object>
</annotation>
