<annotation>
	<folder>samples_2</folder>
	<filename>32647198_5b7270ba3cbddfd085d985687e7f124c.thumbnail.jpg</filename>
	<path>/Users/jingyuanpan/Downloads/ProductImageSegmentation-master/samples_2/32647198_5b7270ba3cbddfd085d985687e7f124c.thumbnail.jpg</path>
	<source>
		<database>Unknown</database>
	</source>
	<size>
		<width>640</width>
		<height>640</height>
		<depth>3</depth>
	</size>
	<segmented>0</segmented>
	<object>
		<name>Tops</name>
		<pose>Unspecified</pose>
		<truncated>0</truncated>
		<difficult>0</difficult>
		<bndbox>
			<xmin>282</xmin>
			<ymin>176</ymin>
			<xmax>382</xmax>
			<ymax>290</ymax>
		</bndbox>
	</object>
	<object>
		<name>Skirts</name>
		<pose>Unspecified</pose>
		<truncated>0</truncated>
		<difficult>0</difficult>
		<bndbox>
			<xmin>284</xmin>
			<ymin>291</ymin>
			<xmax>405</xmax>
			<ymax>394</ymax>
		</bndbox>
	</object>
</annotation>
