<annotation>
	<folder>samples_2</folder>
	<filename>32695363_603e5c3de4213ff96b3097e027c82615.thumbnail.jpg</filename>
	<path>/Users/jingyuanpan/Downloads/ProductImageSegmentation-master/samples_2/32695363_603e5c3de4213ff96b3097e027c82615.thumbnail.jpg</path>
	<source>
		<database>Unknown</database>
	</source>
	<size>
		<width>640</width>
		<height>640</height>
		<depth>3</depth>
	</size>
	<segmented>0</segmented>
	<object>
		<name>Tops</name>
		<pose>Unspecified</pose>
		<truncated>0</truncated>
		<difficult>0</difficult>
		<bndbox>
			<xmin>206</xmin>
			<ymin>148</ymin>
			<xmax>444</xmax>
			<ymax>455</ymax>
		</bndbox>
	</object>
	<object>
		<name>Skirts</name>
		<pose>Unspecified</pose>
		<truncated>0</truncated>
		<difficult>0</difficult>
		<bndbox>
			<xmin>244</xmin>
			<ymin>428</ymin>
			<xmax>426</xmax>
			<ymax>616</ymax>
		</bndbox>
	</object>
</annotation>
