<annotation>
	<folder>samples_2</folder>
	<filename>32778712_d02b126835196bfa4c5ce58f0f96bd80.thumbnail.jpg</filename>
	<path>C:\Users\Wei Zhang\Desktop\Shopee\samples_2\32778712_d02b126835196bfa4c5ce58f0f96bd80.thumbnail.jpg</path>
	<source>
		<database>Unknown</database>
	</source>
	<size>
		<width>640</width>
		<height>640</height>
		<depth>3</depth>
	</size>
	<segmented>0</segmented>
	<object>
		<name>Tops</name>
		<pose>Unspecified</pose>
		<truncated>0</truncated>
		<difficult>0</difficult>
		<bndbox>
			<xmin>25</xmin>
			<ymin>165</ymin>
			<xmax>269</xmax>
			<ymax>354</ymax>
		</bndbox>
	</object>
	<object>
		<name>Skirts</name>
		<pose>Unspecified</pose>
		<truncated>0</truncated>
		<difficult>0</difficult>
		<bndbox>
			<xmin>87</xmin>
			<ymin>344</ymin>
			<xmax>267</xmax>
			<ymax>553</ymax>
		</bndbox>
	</object>
	<object>
		<name>Skirts</name>
		<pose>Unspecified</pose>
		<truncated>0</truncated>
		<difficult>0</difficult>
		<bndbox>
			<xmin>322</xmin>
			<ymin>162</ymin>
			<xmax>636</xmax>
			<ymax>484</ymax>
		</bndbox>
	</object>
</annotation>
