<annotation>
	<folder>samples_2</folder>
	<filename>32986743_954c2262a668761041c47b1019127967.thumbnail.jpg</filename>
	<path>/Users/jingyuanpan/Downloads/ProductImageSegmentation-master/samples_2/32986743_954c2262a668761041c47b1019127967.thumbnail.jpg</path>
	<source>
		<database>Unknown</database>
	</source>
	<size>
		<width>411</width>
		<height>411</height>
		<depth>3</depth>
	</size>
	<segmented>0</segmented>
	<object>
		<name>Pants_Leggings</name>
		<pose>Unspecified</pose>
		<truncated>0</truncated>
		<difficult>0</difficult>
		<bndbox>
			<xmin>164</xmin>
			<ymin>61</ymin>
			<xmax>296</xmax>
			<ymax>404</ymax>
		</bndbox>
	</object>
</annotation>
