<annotation>
	<folder>samples_2</folder>
	<filename>33055655_f9dcd752faf7031408882fb43adc0341.thumbnail.jpg</filename>
	<path>/Users/jingyuanpan/Downloads/ProductImageSegmentation-master/samples_2/33055655_f9dcd752faf7031408882fb43adc0341.thumbnail.jpg</path>
	<source>
		<database>Unknown</database>
	</source>
	<size>
		<width>640</width>
		<height>640</height>
		<depth>3</depth>
	</size>
	<segmented>0</segmented>
	<object>
		<name>Dresses</name>
		<pose>Unspecified</pose>
		<truncated>0</truncated>
		<difficult>0</difficult>
		<bndbox>
			<xmin>273</xmin>
			<ymin>287</ymin>
			<xmax>380</xmax>
			<ymax>448</ymax>
		</bndbox>
	</object>
</annotation>
