<annotation>
	<folder>samples_2</folder>
	<filename>33097686_bf7ed062172afa107329971585700a6f.thumbnail.jpg</filename>
	<path>/Users/jingyuanpan/Downloads/ProductImageSegmentation-master/samples_2/33097686_bf7ed062172afa107329971585700a6f.thumbnail.jpg</path>
	<source>
		<database>Unknown</database>
	</source>
	<size>
		<width>640</width>
		<height>610</height>
		<depth>3</depth>
	</size>
	<segmented>0</segmented>
	<object>
		<name>Tops</name>
		<pose>Unspecified</pose>
		<truncated>0</truncated>
		<difficult>0</difficult>
		<bndbox>
			<xmin>95</xmin>
			<ymin>13</ymin>
			<xmax>561</xmax>
			<ymax>404</ymax>
		</bndbox>
	</object>
	<object>
		<name>Skirts</name>
		<pose>Unspecified</pose>
		<truncated>1</truncated>
		<difficult>0</difficult>
		<bndbox>
			<xmin>125</xmin>
			<ymin>381</ymin>
			<xmax>469</xmax>
			<ymax>610</ymax>
		</bndbox>
	</object>
</annotation>
