<annotation>
	<folder>samples_2</folder>
	<filename>33110622_44054083dae0fb1bfcfcd2d65f26b066.thumbnail.jpg</filename>
	<path>/Users/jingyuanpan/Downloads/ProductImageSegmentation-master/samples_2/33110622_44054083dae0fb1bfcfcd2d65f26b066.thumbnail.jpg</path>
	<source>
		<database>Unknown</database>
	</source>
	<size>
		<width>640</width>
		<height>640</height>
		<depth>3</depth>
	</size>
	<segmented>0</segmented>
	<object>
		<name>Tops</name>
		<pose>Unspecified</pose>
		<truncated>1</truncated>
		<difficult>0</difficult>
		<bndbox>
			<xmin>5</xmin>
			<ymin>87</ymin>
			<xmax>640</xmax>
			<ymax>637</ymax>
		</bndbox>
	</object>
</annotation>
