<annotation>
	<folder>samples_2</folder>
	<filename>3324904_610195a9ac2e7c0d8c56e09442d8777c.thumbnail.jpg</filename>
	<path>C:\Users\Wei Zhang\Desktop\Shopee\samples_2\3324904_610195a9ac2e7c0d8c56e09442d8777c.thumbnail.jpg</path>
	<source>
		<database>Unknown</database>
	</source>
	<size>
		<width>640</width>
		<height>640</height>
		<depth>3</depth>
	</size>
	<segmented>0</segmented>
	<object>
		<name>Dresses</name>
		<pose>Unspecified</pose>
		<truncated>0</truncated>
		<difficult>0</difficult>
		<bndbox>
			<xmin>89</xmin>
			<ymin>268</ymin>
			<xmax>214</xmax>
			<ymax>449</ymax>
		</bndbox>
	</object>
	<object>
		<name>Dresses</name>
		<pose>Unspecified</pose>
		<truncated>0</truncated>
		<difficult>0</difficult>
		<bndbox>
			<xmin>418</xmin>
			<ymin>280</ymin>
			<xmax>538</xmax>
			<ymax>452</ymax>
		</bndbox>
	</object>
</annotation>
