<annotation>
	<folder>samples_2</folder>
	<filename>3332558_fde3d5c36cd83584c059c62b586826ae.thumbnail.jpg</filename>
	<path>C:\Users\Wei Zhang\Desktop\Shopee\samples_2\3332558_fde3d5c36cd83584c059c62b586826ae.thumbnail.jpg</path>
	<source>
		<database>Unknown</database>
	</source>
	<size>
		<width>640</width>
		<height>640</height>
		<depth>3</depth>
	</size>
	<segmented>0</segmented>
	<object>
		<name>Skirts</name>
		<pose>Unspecified</pose>
		<truncated>0</truncated>
		<difficult>0</difficult>
		<bndbox>
			<xmin>220</xmin>
			<ymin>16</ymin>
			<xmax>565</xmax>
			<ymax>581</ymax>
		</bndbox>
	</object>
</annotation>
