<annotation>
	<folder>samples_2</folder>
	<filename>33351344_7292fd0295cddc780cba334918b4ab8a.thumbnail.jpg</filename>
	<path>/Users/jingyuanpan/Downloads/ProductImageSegmentation-master/samples_2/33351344_7292fd0295cddc780cba334918b4ab8a.thumbnail.jpg</path>
	<source>
		<database>Unknown</database>
	</source>
	<size>
		<width>401</width>
		<height>401</height>
		<depth>3</depth>
	</size>
	<segmented>0</segmented>
	<object>
		<name>Tops</name>
		<pose>Unspecified</pose>
		<truncated>0</truncated>
		<difficult>0</difficult>
		<bndbox>
			<xmin>143</xmin>
			<ymin>115</ymin>
			<xmax>272</xmax>
			<ymax>314</ymax>
		</bndbox>
	</object>
	<object>
		<name>Shorts</name>
		<pose>Unspecified</pose>
		<truncated>0</truncated>
		<difficult>0</difficult>
		<bndbox>
			<xmin>137</xmin>
			<ymin>287</ymin>
			<xmax>251</xmax>
			<ymax>394</ymax>
		</bndbox>
	</object>
</annotation>
