<annotation>
	<folder>samples_2</folder>
	<filename>33931219_579b12b6abe5e8c1cbaeb1cb2f2de248.thumbnail.jpg</filename>
	<path>/Users/jingyuanpan/Downloads/ProductImageSegmentation-master/samples_2/33931219_579b12b6abe5e8c1cbaeb1cb2f2de248.thumbnail.jpg</path>
	<source>
		<database>Unknown</database>
	</source>
	<size>
		<width>331</width>
		<height>331</height>
		<depth>3</depth>
	</size>
	<segmented>0</segmented>
	<object>
		<name>Pants_Leggings</name>
		<pose>Unspecified</pose>
		<truncated>0</truncated>
		<difficult>0</difficult>
		<bndbox>
			<xmin>112</xmin>
			<ymin>47</ymin>
			<xmax>185</xmax>
			<ymax>219</ymax>
		</bndbox>
	</object>
</annotation>
