<annotation>
	<folder>samples_2</folder>
	<filename>34046984_b7513f26d383fd0810c0d617af2fc039.thumbnail.jpg</filename>
	<path>/Users/jingyuanpan/Downloads/ProductImageSegmentation-master/samples_2/34046984_b7513f26d383fd0810c0d617af2fc039.thumbnail.jpg</path>
	<source>
		<database>Unknown</database>
	</source>
	<size>
		<width>640</width>
		<height>640</height>
		<depth>3</depth>
	</size>
	<segmented>0</segmented>
	<object>
		<name>Pants_Leggings</name>
		<pose>Unspecified</pose>
		<truncated>0</truncated>
		<difficult>0</difficult>
		<bndbox>
			<xmin>93</xmin>
			<ymin>410</ymin>
			<xmax>242</xmax>
			<ymax>613</ymax>
		</bndbox>
	</object>
	<object>
		<name>Tops</name>
		<pose>Unspecified</pose>
		<truncated>0</truncated>
		<difficult>0</difficult>
		<bndbox>
			<xmin>110</xmin>
			<ymin>220</ymin>
			<xmax>246</xmax>
			<ymax>422</ymax>
		</bndbox>
	</object>
</annotation>
