<annotation>
	<folder>samples_2</folder>
	<filename>3416549_c3c1f51857732242d5138a53ccf6fe92.thumbnail.jpg</filename>
	<path>/Users/jingyuanpan/Downloads/ProductImageSegmentation-master/samples_2/3416549_c3c1f51857732242d5138a53ccf6fe92.thumbnail.jpg</path>
	<source>
		<database>Unknown</database>
	</source>
	<size>
		<width>640</width>
		<height>640</height>
		<depth>3</depth>
	</size>
	<segmented>0</segmented>
	<object>
		<name>Shorts</name>
		<pose>Unspecified</pose>
		<truncated>0</truncated>
		<difficult>0</difficult>
		<bndbox>
			<xmin>48</xmin>
			<ymin>31</ymin>
			<xmax>615</xmax>
			<ymax>539</ymax>
		</bndbox>
	</object>
</annotation>
