<annotation>
	<folder>samples_2</folder>
	<filename>34176177_8970177d0543b3cd955e75c60303ee16.thumbnail.jpg</filename>
	<path>C:\Users\Wei Zhang\Desktop\Shopee\samples_2\34176177_8970177d0543b3cd955e75c60303ee16.thumbnail.jpg</path>
	<source>
		<database>Unknown</database>
	</source>
	<size>
		<width>640</width>
		<height>640</height>
		<depth>3</depth>
	</size>
	<segmented>0</segmented>
	<object>
		<name>Tops</name>
		<pose>Unspecified</pose>
		<truncated>0</truncated>
		<difficult>0</difficult>
		<bndbox>
			<xmin>261</xmin>
			<ymin>171</ymin>
			<xmax>398</xmax>
			<ymax>324</ymax>
		</bndbox>
	</object>
	<object>
		<name>Shorts</name>
		<pose>Unspecified</pose>
		<truncated>0</truncated>
		<difficult>0</difficult>
		<bndbox>
			<xmin>236</xmin>
			<ymin>347</ymin>
			<xmax>408</xmax>
			<ymax>470</ymax>
		</bndbox>
	</object>
</annotation>
