<annotation>
	<folder>samples_2</folder>
	<filename>34185961_7d1df979994198553cabf500d507e120.thumbnail.jpg</filename>
	<path>/Users/jingyuanpan/Downloads/ProductImageSegmentation-master/samples_2/34185961_7d1df979994198553cabf500d507e120.thumbnail.jpg</path>
	<source>
		<database>Unknown</database>
	</source>
	<size>
		<width>640</width>
		<height>640</height>
		<depth>3</depth>
	</size>
	<segmented>0</segmented>
	<object>
		<name>Tops</name>
		<pose>Unspecified</pose>
		<truncated>0</truncated>
		<difficult>0</difficult>
		<bndbox>
			<xmin>140</xmin>
			<ymin>169</ymin>
			<xmax>512</xmax>
			<ymax>609</ymax>
		</bndbox>
	</object>
</annotation>
