<annotation>
	<folder>samples_2</folder>
	<filename>34244060_74eafd817bd28ed6ac8ef528419e91f8.thumbnail.jpg</filename>
	<path>/Users/jingyuanpan/Downloads/ProductImageSegmentation-master/samples_2/34244060_74eafd817bd28ed6ac8ef528419e91f8.thumbnail.jpg</path>
	<source>
		<database>Unknown</database>
	</source>
	<size>
		<width>360</width>
		<height>640</height>
		<depth>3</depth>
	</size>
	<segmented>0</segmented>
	<object>
		<name>Lingerie</name>
		<pose>Unspecified</pose>
		<truncated>0</truncated>
		<difficult>0</difficult>
		<bndbox>
			<xmin>41</xmin>
			<ymin>223</ymin>
			<xmax>172</xmax>
			<ymax>298</ymax>
		</bndbox>
	</object>
</annotation>
