<annotation>
	<folder>samples_2</folder>
	<filename>34456001_6b49ddb15c075be298952877564c7ef3.thumbnail.jpg</filename>
	<path>/Users/jingyuanpan/Downloads/ProductImageSegmentation-master/samples_2/34456001_6b49ddb15c075be298952877564c7ef3.thumbnail.jpg</path>
	<source>
		<database>Unknown</database>
	</source>
	<size>
		<width>640</width>
		<height>640</height>
		<depth>3</depth>
	</size>
	<segmented>0</segmented>
	<object>
		<name>Dresses</name>
		<pose>Unspecified</pose>
		<truncated>0</truncated>
		<difficult>0</difficult>
		<bndbox>
			<xmin>104</xmin>
			<ymin>180</ymin>
			<xmax>303</xmax>
			<ymax>535</ymax>
		</bndbox>
	</object>
	<object>
		<name>Dresses</name>
		<pose>Unspecified</pose>
		<truncated>0</truncated>
		<difficult>0</difficult>
		<bndbox>
			<xmin>347</xmin>
			<ymin>69</ymin>
			<xmax>553</xmax>
			<ymax>287</ymax>
		</bndbox>
	</object>
</annotation>
