<annotation>
	<folder>samples_2</folder>
	<filename>34847840_2ef61140ba038086b3ffa9a8532a6e99.thumbnail.jpg</filename>
	<path>C:\Users\Wei Zhang\Desktop\Shopee\samples_2\34847840_2ef61140ba038086b3ffa9a8532a6e99.thumbnail.jpg</path>
	<source>
		<database>Unknown</database>
	</source>
	<size>
		<width>600</width>
		<height>600</height>
		<depth>3</depth>
	</size>
	<segmented>0</segmented>
	<object>
		<name>Lingerie</name>
		<pose>Unspecified</pose>
		<truncated>0</truncated>
		<difficult>0</difficult>
		<bndbox>
			<xmin>193</xmin>
			<ymin>188</ymin>
			<xmax>374</xmax>
			<ymax>507</ymax>
		</bndbox>
	</object>
</annotation>
