<annotation>
	<folder>samples_2</folder>
	<filename>34948682_d481c0c356fd9a4372b1ca1e0fea8c0f.thumbnail.jpg</filename>
	<path>/Users/jingyuanpan/Downloads/ProductImageSegmentation-master/samples_2/34948682_d481c0c356fd9a4372b1ca1e0fea8c0f.thumbnail.jpg</path>
	<source>
		<database>Unknown</database>
	</source>
	<size>
		<width>640</width>
		<height>640</height>
		<depth>3</depth>
	</size>
	<segmented>0</segmented>
	<object>
		<name>Dresses</name>
		<pose>Unspecified</pose>
		<truncated>0</truncated>
		<difficult>0</difficult>
		<bndbox>
			<xmin>148</xmin>
			<ymin>141</ymin>
			<xmax>355</xmax>
			<ymax>626</ymax>
		</bndbox>
	</object>
</annotation>
