<annotation>
	<folder>samples_2</folder>
	<filename>34959473_65816b0a28093194162b9aa85de87961.thumbnail.jpg</filename>
	<path>/Users/jingyuanpan/Downloads/ProductImageSegmentation-master/samples_2/34959473_65816b0a28093194162b9aa85de87961.thumbnail.jpg</path>
	<source>
		<database>Unknown</database>
	</source>
	<size>
		<width>400</width>
		<height>400</height>
		<depth>3</depth>
	</size>
	<segmented>0</segmented>
	<object>
		<name>Shorts</name>
		<pose>Unspecified</pose>
		<truncated>0</truncated>
		<difficult>0</difficult>
		<bndbox>
			<xmin>49</xmin>
			<ymin>33</ymin>
			<xmax>382</xmax>
			<ymax>317</ymax>
		</bndbox>
	</object>
</annotation>
