<annotation>
	<folder>samples_2</folder>
	<filename>35112176_3e51ef007be416d8a29356fe03b810b6.thumbnail.jpg</filename>
	<path>/Users/jingyuanpan/Downloads/ProductImageSegmentation-master/samples_2/35112176_3e51ef007be416d8a29356fe03b810b6.thumbnail.jpg</path>
	<source>
		<database>Unknown</database>
	</source>
	<size>
		<width>425</width>
		<height>640</height>
		<depth>3</depth>
	</size>
	<segmented>0</segmented>
	<object>
		<name>Dresses</name>
		<pose>Unspecified</pose>
		<truncated>0</truncated>
		<difficult>0</difficult>
		<bndbox>
			<xmin>150</xmin>
			<ymin>215</ymin>
			<xmax>296</xmax>
			<ymax>595</ymax>
		</bndbox>
	</object>
</annotation>
