<annotation>
	<folder>samples_2</folder>
	<filename>35143691_40b2d1ec8e12f978d80e75e92f7435d2.thumbnail.jpg</filename>
	<path>/Users/jingyuanpan/Downloads/ProductImageSegmentation-master/samples_2/35143691_40b2d1ec8e12f978d80e75e92f7435d2.thumbnail.jpg</path>
	<source>
		<database>Unknown</database>
	</source>
	<size>
		<width>628</width>
		<height>628</height>
		<depth>3</depth>
	</size>
	<segmented>0</segmented>
	<object>
		<name>Dresses</name>
		<pose>Unspecified</pose>
		<truncated>0</truncated>
		<difficult>0</difficult>
		<bndbox>
			<xmin>169</xmin>
			<ymin>141</ymin>
			<xmax>525</xmax>
			<ymax>554</ymax>
		</bndbox>
	</object>
</annotation>
