<annotation>
	<folder>samples_2</folder>
	<filename>35300763_0b8537bf571e97965ba11461139812c6.thumbnail.jpg</filename>
	<path>/Users/jingyuanpan/Downloads/ProductImageSegmentation-master/samples_2/35300763_0b8537bf571e97965ba11461139812c6.thumbnail.jpg</path>
	<source>
		<database>Unknown</database>
	</source>
	<size>
		<width>640</width>
		<height>640</height>
		<depth>3</depth>
	</size>
	<segmented>0</segmented>
	<object>
		<name>Dresses</name>
		<pose>Unspecified</pose>
		<truncated>1</truncated>
		<difficult>0</difficult>
		<bndbox>
			<xmin>178</xmin>
			<ymin>22</ymin>
			<xmax>402</xmax>
			<ymax>640</ymax>
		</bndbox>
	</object>
</annotation>
