<annotation>
	<folder>samples_2</folder>
	<filename>35315065_b8d03a7e933c3bd090a442da0a221456.thumbnail.jpg</filename>
	<path>/Users/jingyuanpan/Downloads/ProductImageSegmentation-master/samples_2/35315065_b8d03a7e933c3bd090a442da0a221456.thumbnail.jpg</path>
	<source>
		<database>Unknown</database>
	</source>
	<size>
		<width>640</width>
		<height>640</height>
		<depth>3</depth>
	</size>
	<segmented>0</segmented>
	<object>
		<name>Dresses</name>
		<pose>Unspecified</pose>
		<truncated>0</truncated>
		<difficult>0</difficult>
		<bndbox>
			<xmin>202</xmin>
			<ymin>169</ymin>
			<xmax>462</xmax>
			<ymax>597</ymax>
		</bndbox>
	</object>
</annotation>
