<annotation>
	<folder>samples_2</folder>
	<filename>35371982_3d6792400e741619ca5ac17c0db83459.thumbnail.jpg</filename>
	<path>/Users/jingyuanpan/Downloads/ProductImageSegmentation-master/samples_2/35371982_3d6792400e741619ca5ac17c0db83459.thumbnail.jpg</path>
	<source>
		<database>Unknown</database>
	</source>
	<size>
		<width>640</width>
		<height>640</height>
		<depth>3</depth>
	</size>
	<segmented>0</segmented>
	<object>
		<name>Dresses</name>
		<pose>Unspecified</pose>
		<truncated>0</truncated>
		<difficult>0</difficult>
		<bndbox>
			<xmin>189</xmin>
			<ymin>180</ymin>
			<xmax>439</xmax>
			<ymax>628</ymax>
		</bndbox>
	</object>
</annotation>
