<annotation>
	<folder>samples_2</folder>
	<filename>35427511_04a3132f32641dc2f98c188c52f9625c.thumbnail.jpg</filename>
	<path>C:\Users\Wei Zhang\Desktop\Shopee\samples_2\35427511_04a3132f32641dc2f98c188c52f9625c.thumbnail.jpg</path>
	<source>
		<database>Unknown</database>
	</source>
	<size>
		<width>360</width>
		<height>640</height>
		<depth>3</depth>
	</size>
	<segmented>0</segmented>
	<object>
		<name>Shorts</name>
		<pose>Unspecified</pose>
		<truncated>0</truncated>
		<difficult>0</difficult>
		<bndbox>
			<xmin>36</xmin>
			<ymin>234</ymin>
			<xmax>306</xmax>
			<ymax>481</ymax>
		</bndbox>
	</object>
</annotation>
