<annotation>
	<folder>samples_2</folder>
	<filename>3545806_d19a3c06f2ded240b38cca4e0b0f9e25.thumbnail.jpg</filename>
	<path>/Users/jingyuanpan/Downloads/ProductImageSegmentation-master/samples_2/3545806_d19a3c06f2ded240b38cca4e0b0f9e25.thumbnail.jpg</path>
	<source>
		<database>Unknown</database>
	</source>
	<size>
		<width>640</width>
		<height>616</height>
		<depth>3</depth>
	</size>
	<segmented>0</segmented>
	<object>
		<name>Pants_Leggings</name>
		<pose>Unspecified</pose>
		<truncated>0</truncated>
		<difficult>0</difficult>
		<bndbox>
			<xmin>194</xmin>
			<ymin>66</ymin>
			<xmax>307</xmax>
			<ymax>482</ymax>
		</bndbox>
	</object>
</annotation>
