<annotation>
	<folder>samples_2</folder>
	<filename>35526078_557f00f0e6babc39371668924fc4b1c7.thumbnail.jpg</filename>
	<path>/Users/jingyuanpan/Downloads/ProductImageSegmentation-master/samples_2/35526078_557f00f0e6babc39371668924fc4b1c7.thumbnail.jpg</path>
	<source>
		<database>Unknown</database>
	</source>
	<size>
		<width>640</width>
		<height>640</height>
		<depth>3</depth>
	</size>
	<segmented>0</segmented>
	<object>
		<name>Tops</name>
		<pose>Unspecified</pose>
		<truncated>0</truncated>
		<difficult>0</difficult>
		<bndbox>
			<xmin>310</xmin>
			<ymin>194</ymin>
			<xmax>392</xmax>
			<ymax>299</ymax>
		</bndbox>
	</object>
	<object>
		<name>Pants_Leggings</name>
		<pose>Unspecified</pose>
		<truncated>0</truncated>
		<difficult>0</difficult>
		<bndbox>
			<xmin>307</xmin>
			<ymin>295</ymin>
			<xmax>415</xmax>
			<ymax>561</ymax>
		</bndbox>
	</object>
</annotation>
