<annotation>
	<folder>samples_2</folder>
	<filename>35667256_5d85ed3abe7e765151a25a20fb7220f5.thumbnail.jpg</filename>
	<path>/Users/jingyuanpan/Downloads/ProductImageSegmentation-master/samples_2/35667256_5d85ed3abe7e765151a25a20fb7220f5.thumbnail.jpg</path>
	<source>
		<database>Unknown</database>
	</source>
	<size>
		<width>539</width>
		<height>640</height>
		<depth>3</depth>
	</size>
	<segmented>0</segmented>
	<object>
		<name>Tops</name>
		<pose>Unspecified</pose>
		<truncated>0</truncated>
		<difficult>0</difficult>
		<bndbox>
			<xmin>13</xmin>
			<ymin>161</ymin>
			<xmax>527</xmax>
			<ymax>607</ymax>
		</bndbox>
	</object>
</annotation>
