<annotation>
	<folder>samples_2</folder>
	<filename>35695474_5879645374a03465f8554a59aa79e543.thumbnail.jpg</filename>
	<path>/Users/jingyuanpan/Downloads/ProductImageSegmentation-master/samples_2/35695474_5879645374a03465f8554a59aa79e543.thumbnail.jpg</path>
	<source>
		<database>Unknown</database>
	</source>
	<size>
		<width>640</width>
		<height>640</height>
		<depth>3</depth>
	</size>
	<segmented>0</segmented>
	<object>
		<name>Dresses</name>
		<pose>Unspecified</pose>
		<truncated>0</truncated>
		<difficult>0</difficult>
		<bndbox>
			<xmin>259</xmin>
			<ymin>194</ymin>
			<xmax>405</xmax>
			<ymax>439</ymax>
		</bndbox>
	</object>
</annotation>
