<annotation>
	<folder>samples_2</folder>
	<filename>35766350_1c1e1635ecce1e73ba22aabf903447d4.thumbnail.jpg</filename>
	<path>/Users/jingyuanpan/Downloads/ProductImageSegmentation-master/samples_2/35766350_1c1e1635ecce1e73ba22aabf903447d4.thumbnail.jpg</path>
	<source>
		<database>Unknown</database>
	</source>
	<size>
		<width>376</width>
		<height>376</height>
		<depth>3</depth>
	</size>
	<segmented>0</segmented>
	<object>
		<name>Tops</name>
		<pose>Unspecified</pose>
		<truncated>0</truncated>
		<difficult>0</difficult>
		<bndbox>
			<xmin>146</xmin>
			<ymin>129</ymin>
			<xmax>274</xmax>
			<ymax>350</ymax>
		</bndbox>
	</object>
</annotation>
