<annotation>
	<folder>samples_2</folder>
	<filename>36050152_c9ef1af59afdc7157322a7a14f09b2d8.thumbnail.jpg</filename>
	<path>/Users/jingyuanpan/Downloads/ProductImageSegmentation-master/samples_2/36050152_c9ef1af59afdc7157322a7a14f09b2d8.thumbnail.jpg</path>
	<source>
		<database>Unknown</database>
	</source>
	<size>
		<width>501</width>
		<height>640</height>
		<depth>3</depth>
	</size>
	<segmented>0</segmented>
	<object>
		<name>Dresses</name>
		<pose>Unspecified</pose>
		<truncated>0</truncated>
		<difficult>0</difficult>
		<bndbox>
			<xmin>108</xmin>
			<ymin>245</ymin>
			<xmax>341</xmax>
			<ymax>541</ymax>
		</bndbox>
	</object>
</annotation>
