<annotation>
	<folder>samples_2</folder>
	<filename>3616591_9ca1720b34bc5462b5b6abb291b89118.thumbnail.jpg</filename>
	<path>/Users/jingyuanpan/Downloads/ProductImageSegmentation-master/samples_2/3616591_9ca1720b34bc5462b5b6abb291b89118.thumbnail.jpg</path>
	<source>
		<database>Unknown</database>
	</source>
	<size>
		<width>640</width>
		<height>640</height>
		<depth>3</depth>
	</size>
	<segmented>0</segmented>
	<object>
		<name>Dresses</name>
		<pose>Unspecified</pose>
		<truncated>0</truncated>
		<difficult>0</difficult>
		<bndbox>
			<xmin>150</xmin>
			<ymin>26</ymin>
			<xmax>517</xmax>
			<ymax>606</ymax>
		</bndbox>
	</object>
</annotation>
