<annotation>
	<folder>samples_2</folder>
	<filename>36289966_637a08519793d69c74163c26d8ffee37.thumbnail.jpg</filename>
	<path>C:\Users\Wei Zhang\Desktop\Shopee\samples_2\36289966_637a08519793d69c74163c26d8ffee37.thumbnail.jpg</path>
	<source>
		<database>Unknown</database>
	</source>
	<size>
		<width>463</width>
		<height>463</height>
		<depth>3</depth>
	</size>
	<segmented>0</segmented>
	<object>
		<name>Pants_Leggings</name>
		<pose>Unspecified</pose>
		<truncated>0</truncated>
		<difficult>0</difficult>
		<bndbox>
			<xmin>194</xmin>
			<ymin>144</ymin>
			<xmax>364</xmax>
			<ymax>386</ymax>
		</bndbox>
	</object>
</annotation>
