<annotation>
	<folder>samples_2</folder>
	<filename>36295151_a8549e8d996e1eab10d678c769cb75fc.thumbnail.jpg</filename>
	<path>/Users/jingyuanpan/Downloads/ProductImageSegmentation-master/samples_2/36295151_a8549e8d996e1eab10d678c769cb75fc.thumbnail.jpg</path>
	<source>
		<database>Unknown</database>
	</source>
	<size>
		<width>640</width>
		<height>640</height>
		<depth>3</depth>
	</size>
	<segmented>0</segmented>
	<object>
		<name>Shorts</name>
		<pose>Unspecified</pose>
		<truncated>0</truncated>
		<difficult>0</difficult>
		<bndbox>
			<xmin>228</xmin>
			<ymin>273</ymin>
			<xmax>319</xmax>
			<ymax>312</ymax>
		</bndbox>
	</object>
	<object>
		<name>Tops</name>
		<pose>Unspecified</pose>
		<truncated>0</truncated>
		<difficult>0</difficult>
		<bndbox>
			<xmin>222</xmin>
			<ymin>85</ymin>
			<xmax>327</xmax>
			<ymax>276</ymax>
		</bndbox>
	</object>
</annotation>
