<annotation>
	<folder>samples_2</folder>
	<filename>36324623_034584840abb5f7dc6fb99a9f48333ac.thumbnail.jpg</filename>
	<path>C:\Users\Wei Zhang\Desktop\Shopee\samples_2\36324623_034584840abb5f7dc6fb99a9f48333ac.thumbnail.jpg</path>
	<source>
		<database>Unknown</database>
	</source>
	<size>
		<width>640</width>
		<height>640</height>
		<depth>3</depth>
	</size>
	<segmented>0</segmented>
	<object>
		<name>Tops</name>
		<pose>Unspecified</pose>
		<truncated>0</truncated>
		<difficult>0</difficult>
		<bndbox>
			<xmin>256</xmin>
			<ymin>288</ymin>
			<xmax>395</xmax>
			<ymax>444</ymax>
		</bndbox>
	</object>
	<object>
		<name>Shorts</name>
		<pose>Unspecified</pose>
		<truncated>0</truncated>
		<difficult>0</difficult>
		<bndbox>
			<xmin>267</xmin>
			<ymin>437</ymin>
			<xmax>379</xmax>
			<ymax>552</ymax>
		</bndbox>
	</object>
</annotation>
