<annotation>
	<folder>samples_2</folder>
	<filename>36337349_0be35ab208337704ae8480a7023459ee.thumbnail.jpg</filename>
	<path>/Users/jingyuanpan/Downloads/ProductImageSegmentation-master/samples_2/36337349_0be35ab208337704ae8480a7023459ee.thumbnail.jpg</path>
	<source>
		<database>Unknown</database>
	</source>
	<size>
		<width>640</width>
		<height>640</height>
		<depth>3</depth>
	</size>
	<segmented>0</segmented>
	<object>
		<name>Dresses</name>
		<pose>Unspecified</pose>
		<truncated>0</truncated>
		<difficult>0</difficult>
		<bndbox>
			<xmin>215</xmin>
			<ymin>55</ymin>
			<xmax>455</xmax>
			<ymax>620</ymax>
		</bndbox>
	</object>
</annotation>
