<annotation>
	<folder>samples_2</folder>
	<filename>36349569_9c63e9c5cf2346fccb388a44b63ae3be.thumbnail.jpg</filename>
	<path>C:\Users\Wei Zhang\Desktop\Shopee\samples_2\36349569_9c63e9c5cf2346fccb388a44b63ae3be.thumbnail.jpg</path>
	<source>
		<database>Unknown</database>
	</source>
	<size>
		<width>640</width>
		<height>640</height>
		<depth>3</depth>
	</size>
	<segmented>0</segmented>
	<object>
		<name>Pants_Leggings</name>
		<pose>Unspecified</pose>
		<truncated>0</truncated>
		<difficult>0</difficult>
		<bndbox>
			<xmin>113</xmin>
			<ymin>95</ymin>
			<xmax>558</xmax>
			<ymax>611</ymax>
		</bndbox>
	</object>
</annotation>
