<annotation>
	<folder>samples_2</folder>
	<filename>36396859_f4e8fda3a50205787c00e7cca344c942.thumbnail.jpg</filename>
	<path>/Users/jingyuanpan/Downloads/ProductImageSegmentation-master/samples_2/36396859_f4e8fda3a50205787c00e7cca344c942.thumbnail.jpg</path>
	<source>
		<database>Unknown</database>
	</source>
	<size>
		<width>483</width>
		<height>640</height>
		<depth>3</depth>
	</size>
	<segmented>0</segmented>
	<object>
		<name>Dresses</name>
		<pose>Unspecified</pose>
		<truncated>1</truncated>
		<difficult>0</difficult>
		<bndbox>
			<xmin>28</xmin>
			<ymin>1</ymin>
			<xmax>471</xmax>
			<ymax>640</ymax>
		</bndbox>
	</object>
</annotation>
