<annotation>
	<folder>samples_2</folder>
	<filename>36402186_37826a3a82fd685bb640bccf6201d3bc.thumbnail.jpg</filename>
	<path>/Users/jingyuanpan/Downloads/ProductImageSegmentation-master/samples_2/36402186_37826a3a82fd685bb640bccf6201d3bc.thumbnail.jpg</path>
	<source>
		<database>Unknown</database>
	</source>
	<size>
		<width>500</width>
		<height>500</height>
		<depth>3</depth>
	</size>
	<segmented>0</segmented>
	<object>
		<name>Tops</name>
		<pose>Unspecified</pose>
		<truncated>1</truncated>
		<difficult>0</difficult>
		<bndbox>
			<xmin>80</xmin>
			<ymin>227</ymin>
			<xmax>415</xmax>
			<ymax>500</ymax>
		</bndbox>
	</object>
</annotation>
