<annotation>
	<folder>samples_2</folder>
	<filename>36410075_e01a0431fc5cf2c672fa813181aeae04.thumbnail.jpg</filename>
	<path>C:\Users\Wei Zhang\Desktop\Shopee\samples_2\36410075_e01a0431fc5cf2c672fa813181aeae04.thumbnail.jpg</path>
	<source>
		<database>Unknown</database>
	</source>
	<size>
		<width>640</width>
		<height>640</height>
		<depth>3</depth>
	</size>
	<segmented>0</segmented>
	<object>
		<name>Dresses</name>
		<pose>Unspecified</pose>
		<truncated>0</truncated>
		<difficult>0</difficult>
		<bndbox>
			<xmin>56</xmin>
			<ymin>114</ymin>
			<xmax>213</xmax>
			<ymax>383</ymax>
		</bndbox>
	</object>
	<object>
		<name>Dresses</name>
		<pose>Unspecified</pose>
		<truncated>0</truncated>
		<difficult>0</difficult>
		<bndbox>
			<xmin>320</xmin>
			<ymin>172</ymin>
			<xmax>616</xmax>
			<ymax>589</ymax>
		</bndbox>
	</object>
</annotation>
