<annotation>
	<folder>samples_2</folder>
	<filename>36430353_6c3299ff352e82a0e737dbe268130fb3.thumbnail.jpg</filename>
	<path>/Users/jingyuanpan/Downloads/ProductImageSegmentation-master/samples_2/36430353_6c3299ff352e82a0e737dbe268130fb3.thumbnail.jpg</path>
	<source>
		<database>Unknown</database>
	</source>
	<size>
		<width>640</width>
		<height>480</height>
		<depth>3</depth>
	</size>
	<segmented>0</segmented>
	<object>
		<name>Tops</name>
		<pose>Unspecified</pose>
		<truncated>0</truncated>
		<difficult>0</difficult>
		<bndbox>
			<xmin>329</xmin>
			<ymin>238</ymin>
			<xmax>382</xmax>
			<ymax>291</ymax>
		</bndbox>
	</object>
	<object>
		<name>Dresses</name>
		<pose>Unspecified</pose>
		<truncated>0</truncated>
		<difficult>0</difficult>
		<bndbox>
			<xmin>311</xmin>
			<ymin>301</ymin>
			<xmax>400</xmax>
			<ymax>451</ymax>
		</bndbox>
	</object>
</annotation>
