<annotation>
	<folder>samples_2</folder>
	<filename>36435434_9374216b8997e5aa3a53aa606a06e6f6.thumbnail.jpg</filename>
	<path>/Users/jingyuanpan/Downloads/ProductImageSegmentation-master/samples_2/36435434_9374216b8997e5aa3a53aa606a06e6f6.thumbnail.jpg</path>
	<source>
		<database>Unknown</database>
	</source>
	<size>
		<width>640</width>
		<height>640</height>
		<depth>3</depth>
	</size>
	<segmented>0</segmented>
	<object>
		<name>Dresses</name>
		<pose>Unspecified</pose>
		<truncated>0</truncated>
		<difficult>0</difficult>
		<bndbox>
			<xmin>150</xmin>
			<ymin>47</ymin>
			<xmax>414</xmax>
			<ymax>502</ymax>
		</bndbox>
	</object>
</annotation>
