<annotation>
	<folder>samples_2</folder>
	<filename>36682480_beab4532c18cff93973f89bc7c90e8b9.thumbnail.jpg</filename>
	<path>/Users/jingyuanpan/Downloads/ProductImageSegmentation-master/samples_2/36682480_beab4532c18cff93973f89bc7c90e8b9.thumbnail.jpg</path>
	<source>
		<database>Unknown</database>
	</source>
	<size>
		<width>640</width>
		<height>640</height>
		<depth>3</depth>
	</size>
	<segmented>0</segmented>
	<object>
		<name>Tops</name>
		<pose>Unspecified</pose>
		<truncated>0</truncated>
		<difficult>0</difficult>
		<bndbox>
			<xmin>315</xmin>
			<ymin>203</ymin>
			<xmax>400</xmax>
			<ymax>329</ymax>
		</bndbox>
	</object>
	<object>
		<name>Pants_Leggings</name>
		<pose>Unspecified</pose>
		<truncated>0</truncated>
		<difficult>0</difficult>
		<bndbox>
			<xmin>319</xmin>
			<ymin>320</ymin>
			<xmax>389</xmax>
			<ymax>462</ymax>
		</bndbox>
	</object>
</annotation>
