<annotation>
	<folder>samples_2</folder>
	<filename>36779210_f44fac0ffe9ef8a92e495831d9ab8148.thumbnail.jpg</filename>
	<path>/Users/jingyuanpan/Downloads/ProductImageSegmentation-master/samples_2/36779210_f44fac0ffe9ef8a92e495831d9ab8148.thumbnail.jpg</path>
	<source>
		<database>Unknown</database>
	</source>
	<size>
		<width>640</width>
		<height>640</height>
		<depth>3</depth>
	</size>
	<segmented>0</segmented>
	<object>
		<name>Tops</name>
		<pose>Unspecified</pose>
		<truncated>1</truncated>
		<difficult>0</difficult>
		<bndbox>
			<xmin>1</xmin>
			<ymin>1</ymin>
			<xmax>638</xmax>
			<ymax>639</ymax>
		</bndbox>
	</object>
</annotation>
