<annotation>
	<folder>samples_2</folder>
	<filename>3690873_f4fa062e76cd07eda1672f2803f2aa55.thumbnail.jpg</filename>
	<path>/Users/jingyuanpan/Downloads/ProductImageSegmentation-master/samples_2/3690873_f4fa062e76cd07eda1672f2803f2aa55.thumbnail.jpg</path>
	<source>
		<database>Unknown</database>
	</source>
	<size>
		<width>637</width>
		<height>640</height>
		<depth>3</depth>
	</size>
	<segmented>0</segmented>
	<object>
		<name>Skirts</name>
		<pose>Unspecified</pose>
		<truncated>0</truncated>
		<difficult>0</difficult>
		<bndbox>
			<xmin>154</xmin>
			<ymin>45</ymin>
			<xmax>536</xmax>
			<ymax>510</ymax>
		</bndbox>
	</object>
</annotation>
