<annotation>
	<folder>samples_2</folder>
	<filename>37448095_7f45fd011ab7d5c781c64ff7bc568802.thumbnail.jpg</filename>
	<path>/Users/jingyuanpan/Downloads/ProductImageSegmentation-master/samples_2/37448095_7f45fd011ab7d5c781c64ff7bc568802.thumbnail.jpg</path>
	<source>
		<database>Unknown</database>
	</source>
	<size>
		<width>629</width>
		<height>629</height>
		<depth>3</depth>
	</size>
	<segmented>0</segmented>
	<object>
		<name>Dresses</name>
		<pose>Unspecified</pose>
		<truncated>0</truncated>
		<difficult>0</difficult>
		<bndbox>
			<xmin>88</xmin>
			<ymin>18</ymin>
			<xmax>333</xmax>
			<ymax>607</ymax>
		</bndbox>
	</object>
	<object>
		<name>Dresses</name>
		<pose>Unspecified</pose>
		<truncated>1</truncated>
		<difficult>0</difficult>
		<bndbox>
			<xmin>358</xmin>
			<ymin>15</ymin>
			<xmax>627</xmax>
			<ymax>629</ymax>
		</bndbox>
	</object>
</annotation>
