<annotation>
	<folder>samples_2</folder>
	<filename>37717910_3dca08e70e68130be211856ab38de1b6.thumbnail.jpg</filename>
	<path>/Users/jingyuanpan/Downloads/ProductImageSegmentation-master/samples_2/37717910_3dca08e70e68130be211856ab38de1b6.thumbnail.jpg</path>
	<source>
		<database>Unknown</database>
	</source>
	<size>
		<width>640</width>
		<height>640</height>
		<depth>3</depth>
	</size>
	<segmented>0</segmented>
	<object>
		<name>Tops</name>
		<pose>Unspecified</pose>
		<truncated>0</truncated>
		<difficult>0</difficult>
		<bndbox>
			<xmin>447</xmin>
			<ymin>86</ymin>
			<xmax>551</xmax>
			<ymax>252</ymax>
		</bndbox>
	</object>
	<object>
		<name>Skirts</name>
		<pose>Unspecified</pose>
		<truncated>0</truncated>
		<difficult>0</difficult>
		<bndbox>
			<xmin>451</xmin>
			<ymin>252</ymin>
			<xmax>553</xmax>
			<ymax>374</ymax>
		</bndbox>
	</object>
</annotation>
