<annotation>
	<folder>samples_2</folder>
	<filename>37722471_da89d8f36bb01f4b866e770d3ce80e4a.thumbnail.jpg</filename>
	<path>/Users/jingyuanpan/Downloads/ProductImageSegmentation-master/samples_2/37722471_da89d8f36bb01f4b866e770d3ce80e4a.thumbnail.jpg</path>
	<source>
		<database>Unknown</database>
	</source>
	<size>
		<width>640</width>
		<height>640</height>
		<depth>3</depth>
	</size>
	<segmented>0</segmented>
	<object>
		<name>Dresses</name>
		<pose>Unspecified</pose>
		<truncated>0</truncated>
		<difficult>0</difficult>
		<bndbox>
			<xmin>275</xmin>
			<ymin>123</ymin>
			<xmax>388</xmax>
			<ymax>388</ymax>
		</bndbox>
	</object>
</annotation>
