<annotation>
	<folder>samples_2</folder>
	<filename>37754285_59a2284f48830d1c8cdb8687e8b6e3a0.thumbnail.jpg</filename>
	<path>/Users/jingyuanpan/Downloads/ProductImageSegmentation-master/samples_2/37754285_59a2284f48830d1c8cdb8687e8b6e3a0.thumbnail.jpg</path>
	<source>
		<database>Unknown</database>
	</source>
	<size>
		<width>640</width>
		<height>640</height>
		<depth>3</depth>
	</size>
	<segmented>0</segmented>
	<object>
		<name>Pants_Leggings</name>
		<pose>Unspecified</pose>
		<truncated>0</truncated>
		<difficult>0</difficult>
		<bndbox>
			<xmin>206</xmin>
			<ymin>41</ymin>
			<xmax>434</xmax>
			<ymax>564</ymax>
		</bndbox>
	</object>
</annotation>
