<annotation>
	<folder>samples_2</folder>
	<filename>37779054_e38094d9a1183fedf880e4318a7d5350.thumbnail.jpg</filename>
	<path>/Users/jingyuanpan/Downloads/ProductImageSegmentation-master/samples_2/37779054_e38094d9a1183fedf880e4318a7d5350.thumbnail.jpg</path>
	<source>
		<database>Unknown</database>
	</source>
	<size>
		<width>509</width>
		<height>509</height>
		<depth>3</depth>
	</size>
	<segmented>0</segmented>
	<object>
		<name>Tops</name>
		<pose>Unspecified</pose>
		<truncated>0</truncated>
		<difficult>0</difficult>
		<bndbox>
			<xmin>90</xmin>
			<ymin>42</ymin>
			<xmax>448</xmax>
			<ymax>503</ymax>
		</bndbox>
	</object>
</annotation>
