<annotation>
	<folder>samples_2</folder>
	<filename>37816598_c3e4d386653488a2d9994f340c28f936.thumbnail.jpg</filename>
	<path>/Users/jingyuanpan/Downloads/ProductImageSegmentation-master/samples_2/37816598_c3e4d386653488a2d9994f340c28f936.thumbnail.jpg</path>
	<source>
		<database>Unknown</database>
	</source>
	<size>
		<width>640</width>
		<height>640</height>
		<depth>3</depth>
	</size>
	<segmented>0</segmented>
	<object>
		<name>Dresses</name>
		<pose>Unspecified</pose>
		<truncated>0</truncated>
		<difficult>0</difficult>
		<bndbox>
			<xmin>13</xmin>
			<ymin>114</ymin>
			<xmax>618</xmax>
			<ymax>614</ymax>
		</bndbox>
	</object>
</annotation>
