<annotation>
	<folder>samples_2</folder>
	<filename>37824733_d58c4c4798413105e1328ce0d7c14f98.thumbnail.jpg</filename>
	<path>/Users/jingyuanpan/Downloads/ProductImageSegmentation-master/samples_2/37824733_d58c4c4798413105e1328ce0d7c14f98.thumbnail.jpg</path>
	<source>
		<database>Unknown</database>
	</source>
	<size>
		<width>640</width>
		<height>640</height>
		<depth>3</depth>
	</size>
	<segmented>0</segmented>
	<object>
		<name>Shorts</name>
		<pose>Unspecified</pose>
		<truncated>0</truncated>
		<difficult>0</difficult>
		<bndbox>
			<xmin>71</xmin>
			<ymin>385</ymin>
			<xmax>346</xmax>
			<ymax>568</ymax>
		</bndbox>
	</object>
</annotation>
