<annotation>
	<folder>samples_2</folder>
	<filename>37980839_78d721d67ac4983dfe1bc9e8a1fe31bd.thumbnail.jpg</filename>
	<path>/Users/jingyuanpan/Downloads/ProductImageSegmentation-master/samples_2/37980839_78d721d67ac4983dfe1bc9e8a1fe31bd.thumbnail.jpg</path>
	<source>
		<database>Unknown</database>
	</source>
	<size>
		<width>640</width>
		<height>640</height>
		<depth>3</depth>
	</size>
	<segmented>0</segmented>
	<object>
		<name>Tops</name>
		<pose>Unspecified</pose>
		<truncated>0</truncated>
		<difficult>0</difficult>
		<bndbox>
			<xmin>30</xmin>
			<ymin>271</ymin>
			<xmax>302</xmax>
			<ymax>522</ymax>
		</bndbox>
	</object>
</annotation>
