<annotation>
	<folder>samples_2</folder>
	<filename>38030818_82501a70681fa96207bae3e9ec52965d.thumbnail.jpg</filename>
	<path>C:\Users\Wei Zhang\Desktop\Shopee\samples_2\38030818_82501a70681fa96207bae3e9ec52965d.thumbnail.jpg</path>
	<source>
		<database>Unknown</database>
	</source>
	<size>
		<width>640</width>
		<height>640</height>
		<depth>3</depth>
	</size>
	<segmented>0</segmented>
	<object>
		<name>Dresses</name>
		<pose>Unspecified</pose>
		<truncated>0</truncated>
		<difficult>0</difficult>
		<bndbox>
			<xmin>261</xmin>
			<ymin>259</ymin>
			<xmax>421</xmax>
			<ymax>625</ymax>
		</bndbox>
	</object>
</annotation>
