<annotation>
	<folder>samples_2</folder>
	<filename>38048451_c26ab32f9e557aee59e9d3ccaa94faa7.thumbnail.jpg</filename>
	<path>C:\Users\Wei Zhang\Desktop\Shopee\samples_2\38048451_c26ab32f9e557aee59e9d3ccaa94faa7.thumbnail.jpg</path>
	<source>
		<database>Unknown</database>
	</source>
	<size>
		<width>640</width>
		<height>640</height>
		<depth>3</depth>
	</size>
	<segmented>0</segmented>
	<object>
		<name>Tops</name>
		<pose>Unspecified</pose>
		<truncated>0</truncated>
		<difficult>0</difficult>
		<bndbox>
			<xmin>197</xmin>
			<ymin>130</ymin>
			<xmax>486</xmax>
			<ymax>378</ymax>
		</bndbox>
	</object>
	<object>
		<name>Skirts</name>
		<pose>Unspecified</pose>
		<truncated>0</truncated>
		<difficult>0</difficult>
		<bndbox>
			<xmin>136</xmin>
			<ymin>340</ymin>
			<xmax>462</xmax>
			<ymax>635</ymax>
		</bndbox>
	</object>
</annotation>
