<annotation>
	<folder>samples_2</folder>
	<filename>38063018_7f9e5e37abec27efde57a60edcc91a38.thumbnail.jpg</filename>
	<path>/Users/jingyuanpan/Downloads/ProductImageSegmentation-master/samples_2/38063018_7f9e5e37abec27efde57a60edcc91a38.thumbnail.jpg</path>
	<source>
		<database>Unknown</database>
	</source>
	<size>
		<width>640</width>
		<height>640</height>
		<depth>3</depth>
	</size>
	<segmented>0</segmented>
	<object>
		<name>Tops</name>
		<pose>Unspecified</pose>
		<truncated>0</truncated>
		<difficult>0</difficult>
		<bndbox>
			<xmin>93</xmin>
			<ymin>57</ymin>
			<xmax>543</xmax>
			<ymax>482</ymax>
		</bndbox>
	</object>
	<object>
		<name>Pants_Leggings</name>
		<pose>Unspecified</pose>
		<truncated>1</truncated>
		<difficult>0</difficult>
		<bndbox>
			<xmin>202</xmin>
			<ymin>461</ymin>
			<xmax>493</xmax>
			<ymax>640</ymax>
		</bndbox>
	</object>
</annotation>
