<annotation>
	<folder>samples_2</folder>
	<filename>38077890_6944f3bc384a0245acaf1bb2c64289a1.thumbnail.jpg</filename>
	<path>C:\Users\Wei Zhang\Desktop\Shopee\samples_2\38077890_6944f3bc384a0245acaf1bb2c64289a1.thumbnail.jpg</path>
	<source>
		<database>Unknown</database>
	</source>
	<size>
		<width>640</width>
		<height>640</height>
		<depth>3</depth>
	</size>
	<segmented>0</segmented>
	<object>
		<name>Skirts</name>
		<pose>Unspecified</pose>
		<truncated>0</truncated>
		<difficult>0</difficult>
		<bndbox>
			<xmin>320</xmin>
			<ymin>121</ymin>
			<xmax>524</xmax>
			<ymax>417</ymax>
		</bndbox>
	</object>
</annotation>
