<annotation>
	<folder>samples_2</folder>
	<filename>38088684_56fc08dd073ffdc6371b18f2241d40e7.thumbnail.jpg</filename>
	<path>/Users/jingyuanpan/Downloads/ProductImageSegmentation-master/samples_2/38088684_56fc08dd073ffdc6371b18f2241d40e7.thumbnail.jpg</path>
	<source>
		<database>Unknown</database>
	</source>
	<size>
		<width>640</width>
		<height>640</height>
		<depth>3</depth>
	</size>
	<segmented>0</segmented>
	<object>
		<name>Skirts</name>
		<pose>Unspecified</pose>
		<truncated>0</truncated>
		<difficult>0</difficult>
		<bndbox>
			<xmin>185</xmin>
			<ymin>101</ymin>
			<xmax>485</xmax>
			<ymax>618</ymax>
		</bndbox>
	</object>
</annotation>
