<annotation>
	<folder>samples_2</folder>
	<filename>38109974_8ccadc05737fd3e46f5296953e33771b.thumbnail.jpg</filename>
	<path>/Users/jingyuanpan/Downloads/ProductImageSegmentation-master/samples_2/38109974_8ccadc05737fd3e46f5296953e33771b.thumbnail.jpg</path>
	<source>
		<database>Unknown</database>
	</source>
	<size>
		<width>640</width>
		<height>640</height>
		<depth>3</depth>
	</size>
	<segmented>0</segmented>
	<object>
		<name>Tops</name>
		<pose>Unspecified</pose>
		<truncated>0</truncated>
		<difficult>0</difficult>
		<bndbox>
			<xmin>46</xmin>
			<ymin>86</ymin>
			<xmax>427</xmax>
			<ymax>554</ymax>
		</bndbox>
	</object>
	<object>
		<name>Tops</name>
		<pose>Unspecified</pose>
		<truncated>0</truncated>
		<difficult>0</difficult>
		<bndbox>
			<xmin>282</xmin>
			<ymin>143</ymin>
			<xmax>612</xmax>
			<ymax>595</ymax>
		</bndbox>
	</object>
</annotation>
