<annotation>
	<folder>samples_2</folder>
	<filename>38136096_14d3ee507a57d4324bac5d9f6adb4e4e.thumbnail.jpg</filename>
	<path>/Users/jingyuanpan/Downloads/ProductImageSegmentation-master/samples_2/38136096_14d3ee507a57d4324bac5d9f6adb4e4e.thumbnail.jpg</path>
	<source>
		<database>Unknown</database>
	</source>
	<size>
		<width>640</width>
		<height>640</height>
		<depth>3</depth>
	</size>
	<segmented>0</segmented>
	<object>
		<name>Skirts</name>
		<pose>Unspecified</pose>
		<truncated>0</truncated>
		<difficult>0</difficult>
		<bndbox>
			<xmin>215</xmin>
			<ymin>172</ymin>
			<xmax>422</xmax>
			<ymax>520</ymax>
		</bndbox>
	</object>
</annotation>
