<annotation>
	<folder>samples_2</folder>
	<filename>3819025_60d9f8e1af86224a1d4d603c810656e7.thumbnail.jpg</filename>
	<path>/Users/jingyuanpan/Downloads/ProductImageSegmentation-master/samples_2/3819025_60d9f8e1af86224a1d4d603c810656e7.thumbnail.jpg</path>
	<source>
		<database>Unknown</database>
	</source>
	<size>
		<width>480</width>
		<height>640</height>
		<depth>3</depth>
	</size>
	<segmented>0</segmented>
	<object>
		<name>Skirts</name>
		<pose>Unspecified</pose>
		<truncated>0</truncated>
		<difficult>0</difficult>
		<bndbox>
			<xmin>168</xmin>
			<ymin>363</ymin>
			<xmax>232</xmax>
			<ymax>487</ymax>
		</bndbox>
	</object>
</annotation>
