<annotation>
	<folder>samples_2</folder>
	<filename>38293804_a4c9b6398e01ae5a499d4e99c63efbd0.thumbnail.jpg</filename>
	<path>C:\Users\Wei Zhang\Desktop\Shopee\samples_2\38293804_a4c9b6398e01ae5a499d4e99c63efbd0.thumbnail.jpg</path>
	<source>
		<database>Unknown</database>
	</source>
	<size>
		<width>602</width>
		<height>602</height>
		<depth>3</depth>
	</size>
	<segmented>0</segmented>
	<object>
		<name>Skirts</name>
		<pose>Unspecified</pose>
		<truncated>0</truncated>
		<difficult>0</difficult>
		<bndbox>
			<xmin>175</xmin>
			<ymin>42</ymin>
			<xmax>396</xmax>
			<ymax>279</ymax>
		</bndbox>
	</object>
</annotation>
